// Artifakt Element Medium 18pt - 4-bit AA (byte-aligned per glyph)
#pragma once
#include <stdint.h>

#ifndef AAFONT_STRUCTS
#define AAFONT_STRUCTS
struct AAGlyph { uint32_t bitmapOffset; uint8_t width,height,xAdvance; int8_t xOffset,yOffset; };
struct AAFont  { const uint8_t* bitmap; const AAGlyph* glyph; uint8_t first,last,yAdvance; };
#endif

static const uint8_t ArtifaktMedium18AABitmaps[] PROGMEM = {
  0x8F, 0xFF, 0x08, 0xFF, 0xF0, 0x8F, 0xFF, 0x08, 0xFF, 0xF0, 0x8F, 0xFF, 0x08, 0xFF, 0xF0, 0x8F,
  0xFF, 0x08, 0xFF, 0xF0, 0x8F, 0xFF, 0x08, 0xFF, 0xF0, 0x8F, 0xFF, 0x08, 0xFF, 0xF0, 0x8F, 0xFF,
  0x08, 0xFF, 0xF0, 0x8F, 0xFF, 0x08, 0xFF, 0xF0, 0x8F, 0xFF, 0x00, 0x00, 0x00, 0x00, 0x00, 0x00,
  0x00, 0x00, 0x1B, 0xFB, 0x1B, 0xFF, 0xFB, 0xFF, 0xFF, 0xFB, 0xFF, 0xFB, 0x2B, 0xFB, 0x20, 0xFF,
  0xD0, 0x00, 0x0F, 0xFD, 0xFF, 0xD0, 0x00, 0x0F, 0xFD, 0xFF, 0xD0, 0x00, 0x0F, 0xFD, 0xFF, 0xD0,
  0x00, 0x0F, 0xFD, 0xFF, 0xD0, 0x00, 0x0F, 0xFD, 0xFF, 0xD0, 0x00, 0x0F, 0xFD, 0xFF, 0xD0, 0x00,
  0x0F, 0xFD, 0xFF, 0xD0, 0x00, 0x0F, 0xFD, 0xFF, 0xD0, 0x00, 0x0F, 0xFD, 0x00, 0x00, 0x08, 0xED,
  0xB0, 0x00, 0x00, 0x5F, 0xDC, 0x10, 0x00, 0x00, 0x00, 0xAF, 0xFD, 0x00, 0x00, 0x06, 0xFF, 0xF0,
  0x00, 0x00, 0x00, 0x0B, 0xFF, 0xC0, 0x00, 0x00, 0x8F, 0xFF, 0x00, 0x00, 0x00, 0x00, 0xDF, 0xFA,
  0x00, 0x00, 0x0A, 0xFF, 0xD0, 0x00, 0x00, 0x00, 0x0F, 0xFF, 0x80, 0x00, 0x00, 0xBF, 0xFB, 0x00,
  0x00, 0x00, 0x00, 0xFF, 0xF7, 0x00, 0x00, 0x0D, 0xFF, 0xA0, 0x00, 0x00, 0xFF, 0xFF, 0xFF, 0xFF,
  0xFF, 0xFF, 0xFF, 0xFF, 0xFF, 0x40, 0x0F, 0xFF, 0xFF, 0xFF, 0xFF, 0xFF, 0xFF, 0xFF, 0xFF, 0xF2,
  0x01, 0xBB, 0xDF, 0xFF, 0xCB, 0xBB, 0xBC, 0xFF, 0xFC, 0xBB, 0x00, 0x00, 0x07, 0xFF, 0xF0, 0x00,
  0x00, 0x4F, 0xFF, 0x30, 0x00, 0x00, 0x00, 0x9F, 0xFE, 0x00, 0x00, 0x06, 0xFF, 0xF1, 0x00, 0x00,
  0x00, 0x0B, 0xFF, 0xC0, 0x00, 0x00, 0x7F, 0xFF, 0x00, 0x00, 0x00, 0x00, 0xCF, 0xFB, 0x00, 0x00,
  0x09, 0xFF, 0xE0, 0x00, 0x00, 0x00, 0x0E, 0xFF, 0x90, 0x00, 0x00, 0xAF, 0xFC, 0x00, 0x00, 0x00,
  0x00, 0xFF, 0xF7, 0x00, 0x00, 0x0C, 0xFF, 0xA0, 0x00, 0x00, 0x00, 0x1F, 0xFF, 0x60, 0x00, 0x00,
  0xEF, 0xF9, 0x00, 0x00, 0x0F, 0xFF, 0xFF, 0xFF, 0xFF, 0xFF, 0xFF, 0xFF, 0xFF, 0xF4, 0x01, 0xFF,
  0xFF, 0xFF, 0xFF, 0xFF, 0xFF, 0xFF, 0xFF, 0xFF, 0x20, 0x2B, 0xBD, 0xFF, 0xFB, 0xBB, 0xBB, 0xCF,
  0xFF, 0xCB, 0xB0, 0x00, 0x00, 0x8F, 0xFF, 0x00, 0x00, 0x05, 0xFF, 0xF2, 0x00, 0x00, 0x00, 0x0A,
  0xFF, 0xD0, 0x00, 0x00, 0x6F, 0xFF, 0x00, 0x00, 0x00, 0x00, 0xBF, 0xFB, 0x00, 0x00, 0x08, 0xFF,
  0xF0, 0x00, 0x00, 0x00, 0x0D, 0xFF, 0xA0, 0x00, 0x00, 0xAF, 0xFD, 0x00, 0x00, 0x00, 0x00, 0xFF,
  0xF8, 0x00, 0x00, 0x0B, 0xFF, 0xB0, 0x00, 0x00, 0x00, 0x0C, 0xDF, 0x60, 0x00, 0x00, 0xAD, 0xE9,
  0x00, 0x00, 0x00, 0x00, 0x00, 0x00, 0x0F, 0xFF, 0x80, 0x00, 0x00, 0x00, 0x00, 0x00, 0x00, 0x0F,
  0xFF, 0x80, 0x00, 0x00, 0x00, 0x00, 0x00, 0x00, 0x0F, 0xFF, 0x80, 0x00, 0x00, 0x00, 0x00, 0x00,
  0x01, 0x4F, 0xFF, 0xB5, 0x20, 0x00, 0x00, 0x00, 0x03, 0xBF, 0xFF, 0xFF, 0xFF, 0xFD, 0x81, 0x00,
  0x00, 0x6F, 0xFF, 0xFF, 0xFF, 0xFF, 0xFF, 0xFF, 0x60, 0x04, 0xFF, 0xFF, 0x72, 0x00, 0x13, 0x7D,
  0xFF, 0xF2, 0x0C, 0xFF, 0xF2, 0x00, 0x00, 0x00, 0x00, 0x6D, 0x30, 0x0F, 0xFF, 0x90, 0x00, 0x00,
  0x00, 0x00, 0x00, 0x00, 0x0F, 0xFF, 0x90, 0x00, 0x00, 0x00, 0x00, 0x00, 0x00, 0x0D, 0xFF, 0xD1,
  0x00, 0x00, 0x00, 0x00, 0x00, 0x00, 0x07, 0xFF, 0xFD, 0x40, 0x00, 0x00, 0x00, 0x00, 0x00, 0x00,
  0xBF, 0xFF, 0xFD, 0x83, 0x00, 0x00, 0x00, 0x00, 0x00, 0x08, 0xFF, 0xFF, 0xFF, 0xFA, 0x50, 0x00,
  0x00, 0x00, 0x00, 0x17, 0xCF, 0xFF, 0xFF, 0xFE, 0x70, 0x00, 0x00, 0x00, 0x00, 0x01, 0x6A, 0xFF,
  0xFF, 0xFC, 0x10, 0x00, 0x00, 0x00, 0x00, 0x00, 0x05, 0xCF, 0xFF, 0xC0, 0x00, 0x00, 0x00, 0x00,
  0x00, 0x00, 0x0A, 0xFF, 0xF4, 0x00, 0x00, 0x00, 0x00, 0x00, 0x00, 0x02, 0xFF, 0xF7, 0x00, 0x00,
  0x00, 0x00, 0x00, 0x00, 0x00, 0xFF, 0xF8, 0x00, 0x00, 0x00, 0x00, 0x00, 0x00, 0x03, 0xFF, 0xF7,
  0x09, 0xA2, 0x00, 0x00, 0x00, 0x00, 0x1C, 0xFF, 0xF3, 0x9F, 0xFF, 0xA5, 0x20, 0x01, 0x37, 0xEF,
  0xFF, 0xC0, 0x4E, 0xFF, 0xFF, 0xFF, 0xFF, 0xFF, 0xFF, 0xFD, 0x10, 0x01, 0x9F, 0xFF, 0xFF, 0xFF,
  0xFF, 0xFF, 0x90, 0x00, 0x00, 0x01, 0x6A, 0xCF, 0xFF, 0xEA, 0x61, 0x00, 0x00, 0x00, 0x00, 0x00,
  0x0F, 0xFF, 0x80, 0x00, 0x00, 0x00, 0x00, 0x00, 0x00, 0x0F, 0xFF, 0x80, 0x00, 0x00, 0x00, 0x00,
  0x00, 0x00, 0x0F, 0xFF, 0x80, 0x00, 0x00, 0x00, 0x00, 0x00, 0x00, 0x0F, 0xFF, 0x80, 0x00, 0x00,
  0x00, 0x00, 0x00, 0x00, 0x00, 0x00, 0x00, 0x00, 0x00, 0x00, 0x43, 0x00, 0x00, 0x00, 0x00, 0x00,
  0x5B, 0xEF, 0xEB, 0x50, 0x00, 0x00, 0x00, 0x00, 0xDF, 0xC0, 0x00, 0x00, 0x00, 0x09, 0xFF, 0xFF,
  0xFF, 0xFA, 0x00, 0x00, 0x00, 0x05, 0xFF, 0xA0, 0x00, 0x00, 0x00, 0x6F, 0xFF, 0xEC, 0xEF, 0xFF,
  0x60, 0x00, 0x00, 0x0C, 0xFF, 0x30, 0x00, 0x00, 0x00, 0xCF, 0xF9, 0x00, 0x09, 0xFF, 0xC0, 0x00,
  0x00, 0x4F, 0xFB, 0x00, 0x00, 0x00, 0x00, 0xFF, 0xF0, 0x00, 0x00, 0xFF, 0xF0, 0x00, 0x00, 0xCF,
  0xF3, 0x00, 0x00, 0x00, 0x00, 0xFF, 0xD0, 0x00, 0x00, 0xDF, 0xF0, 0x00, 0x03, 0xFF, 0xC0, 0x00,
  0x00, 0x00, 0x00, 0xFF, 0xD0, 0x00, 0x00, 0xDF, 0xF0, 0x00, 0x0B, 0xFF, 0x40, 0x00, 0x00, 0x00,
  0x00, 0xFF, 0xD0, 0x00, 0x00, 0xDF, 0xF0, 0x00, 0x2F, 0xFC, 0x00, 0x00, 0x00, 0x00, 0x00, 0xFF,
  0xD0, 0x00, 0x00, 0xDF, 0xF0, 0x00, 0xAF, 0xF5, 0x00, 0x00, 0x00, 0x00, 0x00, 0xFF, 0xF0, 0x00,
  0x00, 0xFF, 0xF0, 0x02, 0xFF, 0xD0, 0x00, 0x00, 0x00, 0x00, 0x00, 0xCF, 0xF8, 0x00, 0x08, 0xFF,
  0xC0, 0x09, 0xFF, 0x60, 0x00, 0x00, 0x00, 0x00, 0x00, 0x6F, 0xFF, 0xEC, 0xEF, 0xFF, 0x60, 0x1F,
  0xFE, 0x00, 0x28, 0xDF, 0xFE, 0xA3, 0x00, 0x0A, 0xFF, 0xFF, 0xFF, 0xFA, 0x00, 0x8F, 0xF6, 0x04,
  0xFF, 0xFF, 0xFF, 0xFF, 0x70, 0x00, 0x5B, 0xEF, 0xEB, 0x50, 0x01, 0xFF, 0xE0, 0x1F, 0xFF, 0xFD,
  0xCF, 0xFF, 0xF3, 0x00, 0x00, 0x00, 0x00, 0x00, 0x07, 0xFF, 0x70, 0x8F, 0xFD, 0x20, 0x01, 0xBF,
  0xFB, 0x00, 0x00, 0x00, 0x00, 0x00, 0x0E, 0xFE, 0x00, 0xCF, 0xF3, 0x00, 0x00, 0x1F, 0xFE, 0x00,
  0x00, 0x00, 0x00, 0x00, 0x7F, 0xF8, 0x00, 0xDF, 0xF0, 0x00, 0x00, 0x0E, 0xFF, 0x00, 0x00, 0x00,
  0x00, 0x00, 0xEF, 0xF1, 0x00, 0xDF, 0xF0, 0x00, 0x00, 0x0D, 0xFF, 0x00, 0x00, 0x00, 0x00, 0x06,
  0xFF, 0x80, 0x00, 0xDF, 0xF0, 0x00, 0x00, 0x0D, 0xFF, 0x00, 0x00, 0x00, 0x00, 0x0D, 0xFF, 0x10,
  0x00, 0xDF, 0xF0, 0x00, 0x00, 0x0D, 0xFF, 0x00, 0x00, 0x00, 0x00, 0x5F, 0xF9, 0x00, 0x00, 0xDF,
  0xF0, 0x00, 0x00, 0x0D, 0xFF, 0x00, 0x00, 0x00, 0x00, 0xCF, 0xF2, 0x00, 0x00, 0xCF, 0xF3, 0x00,
  0x00, 0x0F, 0xFE, 0x00, 0x00, 0x00, 0x04, 0xFF, 0xA0, 0x00, 0x00, 0x8F, 0xFC, 0x20, 0x01, 0xAF,
  0xFB, 0x00, 0x00, 0x00, 0x0C, 0xFF, 0x20, 0x00, 0x00, 0x2F, 0xFF, 0xFD, 0xCF, 0xFF, 0xF4, 0x00,
  0x00, 0x00, 0x3F, 0xFA, 0x00, 0x00, 0x00, 0x05, 0xFF, 0xFF, 0xFF, 0xFF, 0x70, 0x00, 0x00, 0x00,
  0x6F, 0xF3, 0x00, 0x00, 0x00, 0x00, 0x29, 0xDF, 0xFE, 0xA3, 0x00, 0x00, 0x00, 0x00, 0x02, 0x60,
  0x00, 0x00, 0x00, 0x00, 0x00, 0x00, 0x00, 0x00, 0x00, 0x00, 0x00, 0x17, 0xBE, 0xFF, 0xD9, 0x40,
  0x00, 0x00, 0x00, 0x00, 0x00, 0x00, 0x4E, 0xFF, 0xFF, 0xFF, 0xFF, 0xB0, 0x00, 0x00, 0x00, 0x00,
  0x00, 0x3F, 0xFF, 0xFE, 0xCD, 0xFF, 0xFF, 0xB0, 0x00, 0x00, 0x00, 0x00, 0x0B, 0xFF, 0xF6, 0x00,
  0x01, 0xCF, 0xFF, 0x40, 0x00, 0x00, 0x00, 0x00, 0xFF, 0xFA, 0x00, 0x00, 0x02, 0xFF, 0xF7, 0x00,
  0x00, 0x00, 0x00, 0x0F, 0xFF, 0x80, 0x00, 0x00, 0x0F, 0xFF, 0x80, 0x00, 0x00, 0x00, 0x00, 0xFF,
  0xF9, 0x00, 0x00, 0x01, 0xFF, 0xF7, 0x00, 0x00, 0x00, 0x00, 0x0C, 0xFF, 0xE1, 0x00, 0x00, 0x7F,
  0xFF, 0x30, 0x00, 0x00, 0x00, 0x00, 0x4F, 0xFF, 0xB0, 0x00, 0x6F, 0xFF, 0xA0, 0x00, 0x00, 0x00,
  0x00, 0x00, 0x8F, 0xFF, 0xA5, 0xDF, 0xFF, 0xA0, 0x00, 0x00, 0x00, 0x00, 0x00, 0x00, 0x8F, 0xFF,
  0xFF, 0xFE, 0x50, 0x00, 0x00, 0x00, 0x00, 0x00, 0x00, 0x4C, 0xFF, 0xFF, 0xF6, 0x00, 0x00, 0x00,
  0x02, 0x81, 0x00, 0x00, 0xAF, 0xFF, 0xFF, 0xFF, 0xA0, 0x00, 0x00, 0x00, 0xAF, 0xF7, 0x00, 0xCF,
  0xFF, 0x91, 0x8F, 0xFF, 0xA0, 0x00, 0x00, 0x2F, 0xFF, 0x40, 0x7F, 0xFF, 0x60, 0x00, 0x8F, 0xFF,
  0xA0, 0x00, 0x0A, 0xFF, 0xB0, 0x0D, 0xFF, 0xD0, 0x00, 0x00, 0x8F, 0xFF, 0xA0, 0x02, 0xFF, 0xF3,
  0x00, 0xFF, 0xF9, 0x00, 0x00, 0x00, 0x8F, 0xFF, 0xB0, 0xBF, 0xFA, 0x00, 0x0F, 0xFF, 0x80, 0x00,
  0x00, 0x00, 0x8F, 0xFF, 0xCF, 0xFF, 0x20, 0x00, 0xFF, 0xF8, 0x00, 0x00, 0x00, 0x00, 0x9F, 0xFF,
  0xFF, 0x90, 0x00, 0x0E, 0xFF, 0xB0, 0x00, 0x00, 0x00, 0x00, 0x9F, 0xFF, 0xF2, 0x00, 0x00, 0xAF,
  0xFF, 0x30, 0x00, 0x00, 0x00, 0x0A, 0xFF, 0xFF, 0xA0, 0x00, 0x03, 0xFF, 0xFF, 0x60, 0x00, 0x00,
  0x4D, 0xFF, 0xFF, 0xFF, 0xA0, 0x00, 0x06, 0xFF, 0xFF, 0xFC, 0xCD, 0xFF, 0xFF, 0xF8, 0x8F, 0xFF,
  0x90, 0x00, 0x05, 0xEF, 0xFF, 0xFF, 0xFF, 0xFF, 0xE5, 0x00, 0xAF, 0xFF, 0x80, 0x00, 0x00, 0x5A,
  0xDF, 0xFE, 0xDA, 0x50, 0x00, 0x00, 0xBF, 0xFF, 0x70, 0xFF, 0xDF, 0xFD, 0xFF, 0xDF, 0xFD, 0xFF,
  0xDF, 0xFD, 0xFF, 0xDF, 0xFD, 0xFF, 0xD0, 0x00, 0x00, 0x00, 0x30, 0x00, 0x00, 0x00, 0x7F, 0x90,
  0x00, 0x00, 0x7F, 0xFF, 0x60, 0x00, 0x6F, 0xFF, 0xA0, 0x00, 0x4F, 0xFF, 0xB0, 0x00, 0x0D, 0xFF,
  0xE1, 0x00, 0x08, 0xFF, 0xF4, 0x00, 0x00, 0xEF, 0xFB, 0x00, 0x00, 0x4F, 0xFF, 0x50, 0x00, 0x08,
  0xFF, 0xF0, 0x00, 0x00, 0xBF, 0xFC, 0x00, 0x00, 0x0D, 0xFF, 0xA0, 0x00, 0x00, 0xEF, 0xF9, 0x00,
  0x00, 0x0F, 0xFF, 0x80, 0x00, 0x00, 0xFF, 0xF8, 0x00, 0x00, 0x0F, 0xFF, 0x80, 0x00, 0x00, 0xFF,
  0xF8, 0x00, 0x00, 0x0F, 0xFF, 0x80, 0x00, 0x00, 0xFF, 0xF8, 0x00, 0x00, 0x0F, 0xFF, 0x80, 0x00,
  0x00, 0xFF, 0xF8, 0x00, 0x00, 0x0F, 0xFF, 0x80, 0x00, 0x00, 0xEF, 0xF9, 0x00, 0x00, 0x0D, 0xFF,
  0xA0, 0x00, 0x00, 0xBF, 0xFC, 0x00, 0x00, 0x08, 0xFF, 0xF0, 0x00, 0x00, 0x5F, 0xFF, 0x40, 0x00,
  0x00, 0xEF, 0xFB, 0x00, 0x00, 0x08, 0xFF, 0xF4, 0x00, 0x00, 0x0E, 0xFF, 0xD1, 0x00, 0x00, 0x4F,
  0xFF, 0xB0, 0x00, 0x00, 0x7F, 0xFF, 0x90, 0x00, 0x00, 0x8F, 0xFF, 0x60, 0x00, 0x00, 0x7F, 0xA0,
  0x00, 0x00, 0x00, 0x30, 0x00, 0x00, 0x11, 0x00, 0x00, 0x00, 0x03, 0xED, 0x10, 0x00, 0x00, 0x0D,
  0xFF, 0xE2, 0x00, 0x00, 0x02, 0xEF, 0xFD, 0x10, 0x00, 0x00, 0x3F, 0xFF, 0xC0, 0x00, 0x00, 0x06,
  0xFF, 0xF6, 0x00, 0x00, 0x00, 0xCF, 0xFF, 0x10, 0x00, 0x00, 0x3F, 0xFF, 0x70, 0x00, 0x00, 0x0C,
  0xFF, 0xD0, 0x00, 0x00, 0x07, 0xFF, 0xF1, 0x00, 0x00, 0x04, 0xFF, 0xF4, 0x00, 0x00, 0x02, 0xFF,
  0xF6, 0x00, 0x00, 0x01, 0xFF, 0xF7, 0x00, 0x00, 0x00, 0xFF, 0xF8, 0x00, 0x00, 0x00, 0xFF, 0xF8,
  0x00, 0x00, 0x00, 0xFF, 0xF8, 0x00, 0x00, 0x00, 0xFF, 0xF8, 0x00, 0x00, 0x00, 0xFF, 0xF8, 0x00,
  0x00, 0x00, 0xFF, 0xF8, 0x00, 0x00, 0x00, 0xFF, 0xF8, 0x00, 0x00, 0x00, 0xFF, 0xF8, 0x00, 0x00,
  0x00, 0xFF, 0xF8, 0x00, 0x00, 0x01, 0xFF, 0xF7, 0x00, 0x00, 0x01, 0xFF, 0xF6, 0x00, 0x00, 0x04,
  0xFF, 0xF4, 0x00, 0x00, 0x07, 0xFF, 0xF1, 0x00, 0x00, 0x0C, 0xFF, 0xD0, 0x00, 0x00, 0x3F, 0xFF,
  0x70, 0x00, 0x00, 0xBF, 0xFF, 0x10, 0x00, 0x06, 0xFF, 0xF7, 0x00, 0x00, 0x3F, 0xFF, 0xC0, 0x00,
  0x02, 0xEF, 0xFD, 0x10, 0x00, 0x0D, 0xFF, 0xE2, 0x00, 0x00, 0x03, 0xED, 0x20, 0x00, 0x00, 0x00,
  0x21, 0x00, 0x00, 0x00, 0x00, 0x00, 0x00, 0xFF, 0xD0, 0x00, 0x00, 0x00, 0x00, 0x00, 0x0F, 0xFD,
  0x00, 0x00, 0x00, 0x00, 0x00, 0x00, 0xFF, 0xD0, 0x00, 0x00, 0x00, 0x51, 0x00, 0x0F, 0xFD, 0x00,
  0x03, 0x50, 0x1F, 0xFB, 0x40, 0xFF, 0xD0, 0x5C, 0xFE, 0x06, 0xFF, 0xFF, 0xEF, 0xFF, 0xEF, 0xFF,
  0xF4, 0x27, 0xBF, 0xFF, 0xFF, 0xFF, 0xFE, 0xA6, 0x10, 0x00, 0x03, 0xDF, 0xFF, 0xC2, 0x00, 0x00,
  0x00, 0x00, 0x6F, 0xFF, 0xFF, 0x40, 0x00, 0x00, 0x00, 0x3F, 0xFE, 0x4F, 0xFE, 0x20, 0x00, 0x00,
  0x1E, 0xFF, 0x50, 0x7F, 0xFD, 0x00, 0x00, 0x09, 0xFF, 0xB0, 0x00, 0xDF, 0xF7, 0x00, 0x00, 0x07,
  0xE1, 0x00, 0x03, 0xF6, 0x00, 0x00, 0x00, 0x01, 0x00, 0x00, 0x01, 0x00, 0x00, 0x00, 0x00, 0x0F,
  0xFF, 0x80, 0x00, 0x00, 0x00, 0x00, 0xFF, 0xF8, 0x00, 0x00, 0x00, 0x00, 0x0F, 0xFF, 0x80, 0x00,
  0x00, 0x00, 0x00, 0xFF, 0xF8, 0x00, 0x00, 0x00, 0x00, 0x0F, 0xFF, 0x80, 0x00, 0x0F, 0xFF, 0xFF,
  0xFF, 0xFF, 0xFF, 0xFF, 0xFF, 0xFF, 0xFF, 0xFF, 0xFF, 0xFF, 0xFB, 0xBB, 0xBB, 0xFF, 0xFE, 0xBB,
  0xBB, 0x00, 0x00, 0x0F, 0xFF, 0x80, 0x00, 0x00, 0x00, 0x00, 0xFF, 0xF8, 0x00, 0x00, 0x00, 0x00,
  0x0F, 0xFF, 0x80, 0x00, 0x00, 0x00, 0x00, 0xFF, 0xF8, 0x00, 0x00, 0x00, 0x00, 0x0F, 0xFF, 0x80,
  0x00, 0x00, 0x01, 0xBF, 0xC2, 0x0B, 0xFF, 0xFC, 0x0F, 0xFF, 0xFF, 0x0B, 0xFF, 0xFD, 0x01, 0xDF,
  0xFB, 0x00, 0xCF, 0xF6, 0x00, 0xFF, 0xF0, 0x04, 0xFF, 0x70, 0x0C, 0xFC, 0x00, 0x4F, 0xE1, 0x00,
  0x06, 0x20, 0x00, 0xBB, 0xBB, 0xBB, 0xBB, 0xBB, 0xFF, 0xFF, 0xFF, 0xFF, 0xFF, 0xFF, 0xFF, 0xFF,
  0xFF, 0xFF, 0x1B, 0xFB, 0x1B, 0xFF, 0xFB, 0xFF, 0xFF, 0xFB, 0xFF, 0xFB, 0x2B, 0xFB, 0x20, 0x00,
  0x00, 0x00, 0x00, 0x00, 0x00, 0xA9, 0x40, 0x00, 0x00, 0x00, 0x00, 0x00, 0x01, 0xFF, 0xF4, 0x00,
  0x00, 0x00, 0x00, 0x00, 0x07, 0xFF, 0xE0, 0x00, 0x00, 0x00, 0x00, 0x00, 0x0D, 0xFF, 0x80, 0x00,
  0x00, 0x00, 0x00, 0x00, 0x3F, 0xFF, 0x20, 0x00, 0x00, 0x00, 0x00, 0x00, 0x9F, 0xFC, 0x00, 0x00,
  0x00, 0x00, 0x00, 0x00, 0xEF, 0xF6, 0x00, 0x00, 0x00, 0x00, 0x00, 0x05, 0xFF, 0xF1, 0x00, 0x00,
  0x00, 0x00, 0x00, 0x0B, 0xFF, 0xA0, 0x00, 0x00, 0x00, 0x00, 0x00, 0x1F, 0xFF, 0x40, 0x00, 0x00,
  0x00, 0x00, 0x00, 0x6F, 0xFE, 0x00, 0x00, 0x00, 0x00, 0x00, 0x00, 0xCF, 0xF8, 0x00, 0x00, 0x00,
  0x00, 0x00, 0x02, 0xFF, 0xF2, 0x00, 0x00, 0x00, 0x00, 0x00, 0x08, 0xFF, 0xC0, 0x00, 0x00, 0x00,
  0x00, 0x00, 0x0E, 0xFF, 0x70, 0x00, 0x00, 0x00, 0x00, 0x00, 0x4F, 0xFF, 0x10, 0x00, 0x00, 0x00,
  0x00, 0x00, 0xAF, 0xFB, 0x00, 0x00, 0x00, 0x00, 0x00, 0x00, 0xFF, 0xF5, 0x00, 0x00, 0x00, 0x00,
  0x00, 0x06, 0xFF, 0xE0, 0x00, 0x00, 0x00, 0x00, 0x00, 0x0C, 0xFF, 0x90, 0x00, 0x00, 0x00, 0x00,
  0x00, 0x2F, 0xFF, 0x30, 0x00, 0x00, 0x00, 0x00, 0x00, 0x8F, 0xFD, 0x00, 0x00, 0x00, 0x00, 0x00,
  0x00, 0xDF, 0xF7, 0x00, 0x00, 0x00, 0x00, 0x00, 0x03, 0xFF, 0xF1, 0x00, 0x00, 0x00, 0x00, 0x00,
  0x09, 0xFF, 0xB0, 0x00, 0x00, 0x00, 0x00, 0x00, 0x0F, 0xFF, 0x50, 0x00, 0x00, 0x00, 0x00, 0x00,
  0x5F, 0xFF, 0x00, 0x00, 0x00, 0x00, 0x00, 0x00, 0xBF, 0xF9, 0x00, 0x00, 0x00, 0x00, 0x00, 0x01,
  0xFF, 0xF3, 0x00, 0x00, 0x00, 0x00, 0x00, 0x07, 0xFF, 0xD0, 0x00, 0x00, 0x00, 0x00, 0x00, 0x0D,
  0xFF, 0x80, 0x00, 0x00, 0x00, 0x00, 0x00, 0x3F, 0xFF, 0x20, 0x00, 0x00, 0x00, 0x00, 0x00, 0x02,
  0x79, 0x00, 0x00, 0x00, 0x00, 0x00, 0x00, 0x00, 0x00, 0x28, 0xCE, 0xFF, 0xEA, 0x60, 0x00, 0x00,
  0x00, 0x09, 0xFF, 0xFF, 0xFF, 0xFF, 0xFE, 0x40, 0x00, 0x00, 0xDF, 0xFF, 0xFE, 0xCC, 0xFF, 0xFF,
  0xF6, 0x00, 0x0A, 0xFF, 0xFB, 0x30, 0x00, 0x06, 0xFF, 0xFF, 0x30, 0x3F, 0xFF, 0xB0, 0x00, 0x00,
  0x00, 0x3F, 0xFF, 0xB0, 0x9F, 0xFF, 0x10, 0x00, 0x00, 0x00, 0x09, 0xFF, 0xF1, 0xDF, 0xFC, 0x00,
  0x00, 0x00, 0x00, 0x03, 0xFF, 0xF5, 0xEF, 0xF9, 0x00, 0x00, 0x00, 0x00, 0x01, 0xFF, 0xF7, 0xFF,
  0xF8, 0x00, 0x00, 0x00, 0x00, 0x00, 0xFF, 0xF8, 0xFF, 0xF8, 0x00, 0x00, 0x00, 0x00, 0x00, 0xFF,
  0xF8, 0xFF, 0xF8, 0x00, 0x00, 0x00, 0x00, 0x00, 0xFF, 0xF8, 0xFF, 0xF8, 0x00, 0x00, 0x00, 0x00,
  0x00, 0xFF, 0xF8, 0xFF, 0xF8, 0x00, 0x00, 0x00, 0x00, 0x00, 0xFF, 0xF8, 0xFF, 0xF8, 0x00, 0x00,
  0x00, 0x00, 0x00, 0xFF, 0xF8, 0xFF, 0xF8, 0x00, 0x00, 0x00, 0x00, 0x00, 0xFF, 0xF8, 0xFF, 0xF8,
  0x00, 0x00, 0x00, 0x00, 0x00, 0xFF, 0xF8, 0xFF, 0xF8, 0x00, 0x00, 0x00, 0x00, 0x00, 0xFF, 0xF8,
  0xFF, 0xF9, 0x00, 0x00, 0x00, 0x00, 0x00, 0xFF, 0xF7, 0xDF, 0xFB, 0x00, 0x00, 0x00, 0x00, 0x03,
  0xFF, 0xF5, 0x9F, 0xFF, 0x10, 0x00, 0x00, 0x00, 0x08, 0xFF, 0xF1, 0x3F, 0xFF, 0xA0, 0x00, 0x00,
  0x00, 0x2F, 0xFF, 0xC0, 0x0A, 0xFF, 0xFB, 0x20, 0x00, 0x05, 0xEF, 0xFF, 0x30, 0x00, 0xDF, 0xFF,
  0xFE, 0xCC, 0xFF, 0xFF, 0xF6, 0x00, 0x00, 0x0A, 0xFF, 0xFF, 0xFF, 0xFF, 0xFE, 0x50, 0x00, 0x00,
  0x00, 0x28, 0xCE, 0xFF, 0xEB, 0x60, 0x00, 0x00, 0x00, 0x00, 0x03, 0xCF, 0xF8, 0x00, 0x00, 0x00,
  0x00, 0x9F, 0xFF, 0xF8, 0x00, 0x00, 0x00, 0x5E, 0xFF, 0xFF, 0xF8, 0x00, 0x00, 0x2B, 0xFF, 0xFF,
  0xFF, 0xF8, 0x00, 0x00, 0x6F, 0xFF, 0xD5, 0xFF, 0xF8, 0x00, 0x00, 0x0D, 0xE6, 0x00, 0xFF, 0xF8,
  0x00, 0x00, 0x02, 0x00, 0x00, 0xFF, 0xF8, 0x00, 0x00, 0x00, 0x00, 0x00, 0xFF, 0xF8, 0x00, 0x00,
  0x00, 0x00, 0x00, 0xFF, 0xF8, 0x00, 0x00, 0x00, 0x00, 0x00, 0xFF, 0xF8, 0x00, 0x00, 0x00, 0x00,
  0x00, 0xFF, 0xF8, 0x00, 0x00, 0x00, 0x00, 0x00, 0xFF, 0xF8, 0x00, 0x00, 0x00, 0x00, 0x00, 0xFF,
  0xF8, 0x00, 0x00, 0x00, 0x00, 0x00, 0xFF, 0xF8, 0x00, 0x00, 0x00, 0x00, 0x00, 0xFF, 0xF8, 0x00,
  0x00, 0x00, 0x00, 0x00, 0xFF, 0xF8, 0x00, 0x00, 0x00, 0x00, 0x00, 0xFF, 0xF8, 0x00, 0x00, 0x00,
  0x00, 0x00, 0xFF, 0xF8, 0x00, 0x00, 0x00, 0x00, 0x00, 0xFF, 0xF8, 0x00, 0x00, 0x00, 0x00, 0x00,
  0xFF, 0xF8, 0x00, 0x00, 0x00, 0x00, 0x00, 0xFF, 0xF8, 0x00, 0x00, 0x00, 0x00, 0x00, 0xFF, 0xF8,
  0x00, 0x00, 0x0D, 0xDD, 0xDD, 0xFF, 0xFE, 0xDD, 0xDD, 0x0F, 0xFF, 0xFF, 0xFF, 0xFF, 0xFF, 0xFF,
  0x0F, 0xFF, 0xFF, 0xFF, 0xFF, 0xFF, 0xFF, 0x00, 0x01, 0x6A, 0xDF, 0xFD, 0xB5, 0x00, 0x00, 0x01,
  0x9F, 0xFF, 0xFF, 0xFF, 0xFF, 0xE4, 0x00, 0x3E, 0xFF, 0xFF, 0xEC, 0xCE, 0xFF, 0xFF, 0x50, 0x1E,
  0xFF, 0x81, 0x00, 0x00, 0x4E, 0xFF, 0xF2, 0x03, 0xA1, 0x00, 0x00, 0x00, 0x02, 0xFF, 0xF9, 0x00,
  0x00, 0x00, 0x00, 0x00, 0x00, 0xAF, 0xFD, 0x00, 0x00, 0x00, 0x00, 0x00, 0x00, 0x8F, 0xFF, 0x00,
  0x00, 0x00, 0x00, 0x00, 0x00, 0x9F, 0xFF, 0x00, 0x00, 0x00, 0x00, 0x00, 0x00, 0xCF, 0xFE, 0x00,
  0x00, 0x00, 0x00, 0x00, 0x04, 0xFF, 0xF9, 0x00, 0x00, 0x00, 0x00, 0x00, 0x4F, 0xFF, 0xF2, 0x00,
  0x00, 0x00, 0x00, 0x07, 0xFF, 0xFF, 0x70, 0x00, 0x00, 0x00, 0x01, 0xCF, 0xFF, 0xF8, 0x00, 0x00,
  0x00, 0x00, 0x5E, 0xFF, 0xFF, 0x60, 0x00, 0x00, 0x00, 0x09, 0xFF, 0xFF, 0xD2, 0x00, 0x00, 0x00,
  0x00, 0xCF, 0xFF, 0xF8, 0x00, 0x00, 0x00, 0x00, 0x0C, 0xFF, 0xFD, 0x30, 0x00, 0x00, 0x00, 0x00,
  0x8F, 0xFF, 0xB0, 0x00, 0x00, 0x00, 0x00, 0x02, 0xFF, 0xFC, 0x00, 0x00, 0x00, 0x00, 0x00, 0x08,
  0xFF, 0xF2, 0x00, 0x00, 0x00, 0x00, 0x00, 0x0C, 0xFF, 0xC0, 0x00, 0x00, 0x00, 0x00, 0x00, 0x0E,
  0xFF, 0x90, 0x00, 0x00, 0x00, 0x00, 0x00, 0x0F, 0xFF, 0xEB, 0xBB, 0xBB, 0xBB, 0xBB, 0xBB, 0x0F,
  0xFF, 0xFF, 0xFF, 0xFF, 0xFF, 0xFF, 0xFF, 0x0F, 0xFF, 0xFF, 0xFF, 0xFF, 0xFF, 0xFF, 0xFF, 0x00,
  0x00, 0x04, 0x9D, 0xEF, 0xED, 0x94, 0x00, 0x00, 0x00, 0x00, 0x6E, 0xFF, 0xFF, 0xFF, 0xFF, 0xFC,
  0x30, 0x00, 0x01, 0xBF, 0xFF, 0xFE, 0xDC, 0xDF, 0xFF, 0xFF, 0x30, 0x00, 0xBF, 0xFF, 0xA3, 0x00,
  0x00, 0x18, 0xFF, 0xFE, 0x00, 0x01, 0xCE, 0x40, 0x00, 0x00, 0x00, 0x07, 0xFF, 0xF5, 0x00, 0x00,
  0x10, 0x00, 0x00, 0x00, 0x00, 0x1F, 0xFF, 0x80, 0x00, 0x00, 0x00, 0x00, 0x00, 0x00, 0x00, 0xFF,
  0xF8, 0x00, 0x00, 0x00, 0x00, 0x00, 0x00, 0x00, 0x1F, 0xFF, 0x70, 0x00, 0x00, 0x00, 0x00, 0x00,
  0x00, 0x06, 0xFF, 0xF3, 0x00, 0x00, 0x00, 0x00, 0x00, 0x00, 0x17, 0xFF, 0xF8, 0x00, 0x00, 0x00,
  0x00, 0x0B, 0xBC, 0xDF, 0xFF, 0xE6, 0x00, 0x00, 0x00, 0x00, 0x00, 0xFF, 0xFF, 0xFF, 0xD3, 0x00,
  0x00, 0x00, 0x00, 0x00, 0x0F, 0xFF, 0xFF, 0xFF, 0xFC, 0x20, 0x00, 0x00, 0x00, 0x00, 0x00, 0x01,
  0x4A, 0xFF, 0xFF, 0x20, 0x00, 0x00, 0x00, 0x00, 0x00, 0x00, 0x02, 0xEF, 0xFD, 0x00, 0x00, 0x00,
  0x00, 0x00, 0x00, 0x00, 0x05, 0xFF, 0xF5, 0x00, 0x00, 0x00, 0x00, 0x00, 0x00, 0x00, 0x0F, 0xFF,
  0x70, 0x00, 0x00, 0x00, 0x00, 0x00, 0x00, 0x00, 0xFF, 0xF8, 0x00, 0x00, 0x00, 0x00, 0x00, 0x00,
  0x00, 0x0F, 0xFF, 0x80, 0x04, 0x20, 0x00, 0x00, 0x00, 0x00, 0x04, 0xFF, 0xF5, 0x05, 0xFE, 0x40,
  0x00, 0x00, 0x00, 0x00, 0xCF, 0xFF, 0x11, 0xEF, 0xFF, 0xA4, 0x00, 0x00, 0x04, 0xDF, 0xFF, 0x70,
  0x02, 0xEF, 0xFF, 0xFE, 0xDC, 0xCF, 0xFF, 0xFF, 0x80, 0x00, 0x00, 0x9F, 0xFF, 0xFF, 0xFF, 0xFF,
  0xFD, 0x50, 0x00, 0x00, 0x00, 0x27, 0xBE, 0xFF, 0xED, 0x94, 0x00, 0x00, 0x00, 0x00, 0x00, 0x00,
  0x00, 0x9F, 0xFD, 0x00, 0x00, 0x00, 0x00, 0x00, 0x00, 0x00, 0x1F, 0xFF, 0x60, 0x00, 0x00, 0x00,
  0x00, 0x00, 0x00, 0x08, 0xFF, 0xE0, 0x00, 0x00, 0x00, 0x00, 0x00, 0x00, 0x01, 0xFF, 0xF6, 0x00,
  0x00, 0x00, 0x00, 0x00, 0x00, 0x00, 0x8F, 0xFE, 0x00, 0x00, 0x00, 0x00, 0x00, 0x00, 0x00, 0x1F,
  0xFF, 0x60, 0x00, 0x00, 0x00, 0x00, 0x00, 0x00, 0x08, 0xFF, 0xE0, 0x00, 0x00, 0x00, 0x00, 0x00,
  0x00, 0x01, 0xFF, 0xF7, 0x00, 0x00, 0x00, 0x00, 0x00, 0x00, 0x00, 0x8F, 0xFE, 0x00, 0x00, 0x00,
  0x00, 0x00, 0x00, 0x00, 0x1F, 0xFF, 0x70, 0x00, 0x00, 0x00, 0x00, 0x00, 0x00, 0x08, 0xFF, 0xE0,
  0x00, 0x00, 0xEF, 0xF0, 0x00, 0x00, 0x01, 0xFF, 0xF7, 0x00, 0x00, 0x0F, 0xFF, 0x00, 0x00, 0x00,
  0x8F, 0xFE, 0x00, 0x00, 0x01, 0xFF, 0xF0, 0x00, 0x00, 0x1F, 0xFF, 0x70, 0x00, 0x00, 0x2F, 0xFF,
  0x00, 0x00, 0x08, 0xFF, 0xE0, 0x00, 0x00, 0x04, 0xFF, 0xF0, 0x00, 0x01, 0xFF, 0xF8, 0x00, 0x00,
  0x00, 0x5F, 0xFF, 0x00, 0x00, 0x8F, 0xFF, 0x10, 0x00, 0x00, 0x07, 0xFF, 0xF0, 0x00, 0x0F, 0xFF,
  0xFD, 0xDD, 0xDD, 0xDD, 0xEF, 0xFF, 0xDD, 0xDD, 0xFF, 0xFF, 0xFF, 0xFF, 0xFF, 0xFF, 0xFF, 0xFF,
  0xFF, 0xFF, 0xFF, 0xFF, 0xFF, 0xFF, 0xFF, 0xFF, 0xFF, 0xFF, 0xFF, 0x00, 0x00, 0x00, 0x00, 0x00,
  0x08, 0xFF, 0xF0, 0x00, 0x00, 0x00, 0x00, 0x00, 0x00, 0x00, 0x8F, 0xFF, 0x00, 0x00, 0x00, 0x00,
  0x00, 0x00, 0x00, 0x08, 0xFF, 0xF0, 0x00, 0x00, 0x00, 0x00, 0x00, 0x00, 0x00, 0x8F, 0xFF, 0x00,
  0x00, 0x00, 0x00, 0x00, 0x00, 0x00, 0x08, 0xFF, 0xF0, 0x00, 0x00, 0x00, 0x0F, 0xFF, 0xFF, 0xFF,
  0xFF, 0xFF, 0xFF, 0xA0, 0x00, 0x0F, 0xFF, 0xFF, 0xFF, 0xFF, 0xFF, 0xFF, 0xA0, 0x00, 0x0F, 0xFF,
  0xEB, 0xBB, 0xBB, 0xBB, 0xBB, 0x70, 0x00, 0x0F, 0xFF, 0x80, 0x00, 0x00, 0x00, 0x00, 0x00, 0x00,
  0x0F, 0xFF, 0x80, 0x00, 0x00, 0x00, 0x00, 0x00, 0x00, 0x0F, 0xFF, 0x80, 0x00, 0x00, 0x00, 0x00,
  0x00, 0x00, 0x0F, 0xFF, 0x80, 0x00, 0x00, 0x00, 0x00, 0x00, 0x00, 0x0F, 0xFF, 0x80, 0x00, 0x00,
  0x00, 0x00, 0x00, 0x00, 0x0F, 0xFF, 0x80, 0x00, 0x00, 0x00, 0x00, 0x00, 0x00, 0x0F, 0xFF, 0xCB,
  0xEF, 0xFD, 0xB6, 0x00, 0x00, 0x00, 0x0F, 0xFF, 0xFF, 0xFF, 0xFF, 0xFF, 0xE4, 0x00, 0x00, 0x0F,
  0xFF, 0xFD, 0xCC, 0xDF, 0xFF, 0xFF, 0x50, 0x00, 0x04, 0x44, 0x00, 0x00, 0x01, 0x8F, 0xFF, 0xF2,
  0x00, 0x00, 0x00, 0x00, 0x00, 0x00, 0x05, 0xFF, 0xF9, 0x00, 0x00, 0x00, 0x00, 0x00, 0x00, 0x00,
  0xCF, 0xFD, 0x00, 0x00, 0x00, 0x00, 0x00, 0x00, 0x00, 0x9F, 0xFF, 0x00, 0x00, 0x00, 0x00, 0x00,
  0x00, 0x00, 0x8F, 0xFF, 0x00, 0x00, 0x00, 0x00, 0x00, 0x00, 0x00, 0x8F, 0xFF, 0x00, 0x00, 0x00,
  0x00, 0x00, 0x00, 0x00, 0x9F, 0xFF, 0x00, 0x67, 0x00, 0x00, 0x00, 0x00, 0x00, 0xDF, 0xFC, 0x08,
  0xFF, 0x80, 0x00, 0x00, 0x00, 0x06, 0xFF, 0xF7, 0x0B, 0xFF, 0xFC, 0x40, 0x00, 0x01, 0x8F, 0xFF,
  0xD0, 0x00, 0xBF, 0xFF, 0xFF, 0xDC, 0xDF, 0xFF, 0xFE, 0x10, 0x00, 0x06, 0xFF, 0xFF, 0xFF, 0xFF,
  0xFF, 0xA1, 0x00, 0x00, 0x00, 0x05, 0xAD, 0xEF, 0xEC, 0x82, 0x00, 0x00, 0x00, 0x00, 0x00, 0x00,
  0x37, 0xAD, 0xEF, 0x20, 0x00, 0x00, 0x00, 0x06, 0xDF, 0xFF, 0xFF, 0xF2, 0x00, 0x00, 0x00, 0x2D,
  0xFF, 0xFF, 0xFE, 0xDC, 0x20, 0x00, 0x00, 0x5F, 0xFF, 0xFB, 0x52, 0x00, 0x00, 0x00, 0x00, 0x3F,
  0xFF, 0xD4, 0x00, 0x00, 0x00, 0x00, 0x00, 0x0E, 0xFF, 0xD1, 0x00, 0x00, 0x00, 0x00, 0x00, 0x07,
  0xFF, 0xF2, 0x00, 0x00, 0x00, 0x00, 0x00, 0x00, 0xEF, 0xF8, 0x00, 0x00, 0x00, 0x00, 0x00, 0x00,
  0x4F, 0xFF, 0x20, 0x15, 0x9A, 0xA8, 0x40, 0x00, 0x07, 0xFF, 0xD0, 0x7F, 0xFF, 0xFF, 0xFF, 0xD3,
  0x00, 0xBF, 0xFB, 0xBF, 0xFF, 0xFF, 0xFF, 0xFF, 0xF4, 0x0D, 0xFF, 0xFF, 0xFA, 0x41, 0x01, 0x7F,
  0xFF, 0xE0, 0xEF, 0xFF, 0xF5, 0x00, 0x00, 0x00, 0x6F, 0xFF, 0x6F, 0xFF, 0xF4, 0x00, 0x00, 0x00,
  0x00, 0xDF, 0xFB, 0xFF, 0xF9, 0x00, 0x00, 0x00, 0x00, 0x0A, 0xFF, 0xEF, 0xFF, 0x80, 0x00, 0x00,
  0x00, 0x00, 0x8F, 0xFF, 0xFF, 0xF9, 0x00, 0x00, 0x00, 0x00, 0x08, 0xFF, 0xFD, 0xFF, 0xB0, 0x00,
  0x00, 0x00, 0x00, 0x9F, 0xFF, 0xAF, 0xFE, 0x00, 0x00, 0x00, 0x00, 0x0B, 0xFF, 0xD5, 0xFF, 0xF5,
  0x00, 0x00, 0x00, 0x00, 0xFF, 0xF9, 0x0D, 0xFF, 0xD1, 0x00, 0x00, 0x00, 0x8F, 0xFF, 0x30, 0x3F,
  0xFF, 0xD3, 0x00, 0x00, 0x8F, 0xFF, 0xA0, 0x00, 0x7F, 0xFF, 0xFE, 0xCC, 0xFF, 0xFF, 0xD0, 0x00,
  0x00, 0x4E, 0xFF, 0xFF, 0xFF, 0xFF, 0xA0, 0x00, 0x00, 0x00, 0x17, 0xCE, 0xFF, 0xD9, 0x30, 0x00,
  0x00, 0xFF, 0xFF, 0xFF, 0xFF, 0xFF, 0xFF, 0xFF, 0xFF, 0xFF, 0xFF, 0xFF, 0xFF, 0xFF, 0xFF, 0xFF,
  0xFF, 0xBB, 0xBB, 0xBB, 0xBB, 0xBB, 0xBB, 0xDF, 0xFF, 0x00, 0x00, 0x00, 0x00, 0x00, 0x00, 0xAF,
  0xFC, 0x00, 0x00, 0x00, 0x00, 0x00, 0x01, 0xFF, 0xF5, 0x00, 0x00, 0x00, 0x00, 0x00, 0x08, 0xFF,
  0xE0, 0x00, 0x00, 0x00, 0x00, 0x00, 0x0E, 0xFF, 0x80, 0x00, 0x00, 0x00, 0x00, 0x00, 0x6F, 0xFF,
  0x10, 0x00, 0x00, 0x00, 0x00, 0x00, 0xCF, 0xFA, 0x00, 0x00, 0x00, 0x00, 0x00, 0x03, 0xFF, 0xF4,
  0x00, 0x00, 0x00, 0x00, 0x00, 0x0A, 0xFF, 0xD0, 0x00, 0x00, 0x00, 0x00, 0x00, 0x1F, 0xFF, 0x60,
  0x00, 0x00, 0x00, 0x00, 0x00, 0x8F, 0xFF, 0x00, 0x00, 0x00, 0x00, 0x00, 0x00, 0xEF, 0xF9, 0x00,
  0x00, 0x00, 0x00, 0x00, 0x05, 0xFF, 0xF2, 0x00, 0x00, 0x00, 0x00, 0x00, 0x0C, 0xFF, 0xB0, 0x00,
  0x00, 0x00, 0x00, 0x00, 0x3F, 0xFF, 0x50, 0x00, 0x00, 0x00, 0x00, 0x00, 0xAF, 0xFE, 0x00, 0x00,
  0x00, 0x00, 0x00, 0x01, 0xFF, 0xF7, 0x00, 0x00, 0x00, 0x00, 0x00, 0x07, 0xFF, 0xF1, 0x00, 0x00,
  0x00, 0x00, 0x00, 0x0E, 0xFF, 0xA0, 0x00, 0x00, 0x00, 0x00, 0x00, 0x5F, 0xFF, 0x30, 0x00, 0x00,
  0x00, 0x00, 0x00, 0xCF, 0xFC, 0x00, 0x00, 0x00, 0x00, 0x00, 0x03, 0xFF, 0xF6, 0x00, 0x00, 0x00,
  0x00, 0x00, 0x09, 0xFF, 0xE0, 0x00, 0x00, 0x00, 0x00, 0x00, 0x00, 0x27, 0xBE, 0xFF, 0xDB, 0x71,
  0x00, 0x00, 0x00, 0x09, 0xFF, 0xFF, 0xFF, 0xFF, 0xFF, 0x80, 0x00, 0x00, 0xBF, 0xFF, 0xFE, 0xCC,
  0xEF, 0xFF, 0xFB, 0x00, 0x07, 0xFF, 0xFA, 0x20, 0x00, 0x04, 0xDF, 0xFF, 0x70, 0x0D, 0xFF, 0xC0,
  0x00, 0x00, 0x00, 0x0E, 0xFF, 0xD0, 0x0F, 0xFF, 0x80, 0x00, 0x00, 0x00, 0x09, 0xFF, 0xF0, 0x0F,
  0xFF, 0x80, 0x00, 0x00, 0x00, 0x08, 0xFF, 0xF0, 0x0F, 0xFF, 0xA0, 0x00, 0x00, 0x00, 0x09, 0xFF,
  0xF0, 0x0C, 0xFF, 0xF2, 0x00, 0x00, 0x00, 0x1D, 0xFF, 0xB0, 0x07, 0xFF, 0xFF, 0x82, 0x00, 0x04,
  0xDF, 0xFF, 0x20, 0x00, 0xCF, 0xFF, 0xFF, 0xD9, 0xDF, 0xFF, 0xC2, 0x00, 0x00, 0x07, 0xEF, 0xFF,
  0xFF, 0xFF, 0xF8, 0x00, 0x00, 0x00, 0x02, 0x9F, 0xFF, 0xFF, 0xFF, 0xFF, 0xD4, 0x00, 0x00, 0x9F,
  0xFF, 0xD7, 0x48, 0xDF, 0xFF, 0xFF, 0x80, 0x1D, 0xFF, 0xE5, 0x00, 0x00, 0x03, 0xAF, 0xFF, 0xF5,
  0x9F, 0xFE, 0x10, 0x00, 0x00, 0x00, 0x04, 0xFF, 0xFC, 0xEF, 0xF9, 0x00, 0x00, 0x00, 0x00, 0x00,
  0xAF, 0xFF, 0xFF, 0xF8, 0x00, 0x00, 0x00, 0x00, 0x00, 0x8F, 0xFF, 0xFF, 0xF8, 0x00, 0x00, 0x00,
  0x00, 0x00, 0x8F, 0xFF, 0xEF, 0xFA, 0x00, 0x00, 0x00, 0x00, 0x00, 0xAF, 0xFE, 0xAF, 0xFF, 0x30,
  0x00, 0x00, 0x00, 0x03, 0xFF, 0xFA, 0x3F, 0xFF, 0xF7, 0x10, 0x00, 0x02, 0x8F, 0xFF, 0xF2, 0x05,
  0xFF, 0xFF, 0xFE, 0xCC, 0xEF, 0xFF, 0xFF, 0x40, 0x00, 0x3C, 0xFF, 0xFF, 0xFF, 0xFF, 0xFF, 0xB3,
  0x00, 0x00, 0x00, 0x38, 0xCE, 0xFF, 0xEC, 0x83, 0x00, 0x00, 0x00, 0x00, 0x39, 0xCF, 0xFE, 0xC8,
  0x10, 0x00, 0x00, 0x00, 0xAF, 0xFF, 0xFF, 0xFF, 0xFF, 0x60, 0x00, 0x00, 0xDF, 0xFF, 0xFD, 0xCD,
  0xFF, 0xFF, 0x90, 0x00, 0xAF, 0xFF, 0x80, 0x00, 0x02, 0xBF, 0xFF, 0x50, 0x3F, 0xFF, 0x80, 0x00,
  0x00, 0x00, 0xCF, 0xFE, 0x09, 0xFF, 0xF0, 0x00, 0x00, 0x00, 0x03, 0xFF, 0xF4, 0xDF, 0xFB, 0x00,
  0x00, 0x00, 0x00, 0x0E, 0xFF, 0xAF, 0xFF, 0x90, 0x00, 0x00, 0x00, 0x00, 0xBF, 0xFC, 0xFF, 0xF8,
  0x00, 0x00, 0x00, 0x00, 0x09, 0xFF, 0xEF, 0xFF, 0x80, 0x00, 0x00, 0x00, 0x00, 0x8F, 0xFF, 0xEF,
  0xF9, 0x00, 0x00, 0x00, 0x00, 0x0A, 0xFF, 0xFB, 0xFF, 0xD0, 0x00, 0x00, 0x00, 0x05, 0xFF, 0xFF,
  0x6F, 0xFF, 0x60, 0x00, 0x00, 0x05, 0xFF, 0xFF, 0xE0, 0xEF, 0xFF, 0x82, 0x01, 0x4A, 0xFF, 0xFF,
  0xFD, 0x03, 0xFF, 0xFF, 0xFF, 0xFF, 0xFF, 0xBB, 0xFF, 0xB0, 0x03, 0xDF, 0xFF, 0xFF, 0xFF, 0x70,
  0xDF, 0xF8, 0x00, 0x00, 0x48, 0xAB, 0x96, 0x10, 0x2F, 0xFF, 0x40, 0x00, 0x00, 0x00, 0x00, 0x00,
  0x09, 0xFF, 0xE0, 0x00, 0x00, 0x00, 0x00, 0x00, 0x03, 0xFF, 0xF7, 0x00, 0x00, 0x00, 0x00, 0x00,
  0x02, 0xEF, 0xFE, 0x00, 0x00, 0x00, 0x00, 0x00, 0x05, 0xEF, 0xFF, 0x30, 0x00, 0x00, 0x00, 0x02,
  0x7D, 0xFF, 0xFF, 0x50, 0x00, 0x00, 0x8C, 0xDF, 0xFF, 0xFF, 0xFD, 0x30, 0x00, 0x00, 0x0B, 0xFF,
  0xFF, 0xFF, 0xC6, 0x00, 0x00, 0x00, 0x00, 0xBE, 0xDC, 0x96, 0x20, 0x00, 0x00, 0x00, 0x00, 0x1B,
  0xFB, 0x1B, 0xFF, 0xFB, 0xFF, 0xFF, 0xFB, 0xFF, 0xFB, 0x2B, 0xFB, 0x20, 0x00, 0x00, 0x00, 0x00,
  0x00, 0x00, 0x00, 0x00, 0x00, 0x00, 0x00, 0x00, 0x00, 0x00, 0x00, 0x00, 0x00, 0x00, 0x00, 0x01,
  0xBF, 0xB1, 0xBF, 0xFF, 0xBF, 0xFF, 0xFF, 0xBF, 0xFF, 0xB2, 0xBF, 0xB2, 0x01, 0xBF, 0xB1, 0x0B,
  0xFF, 0xFB, 0x0F, 0xFF, 0xFF, 0x0B, 0xFF, 0xFB, 0x02, 0xBF, 0xB2, 0x00, 0x00, 0x00, 0x00, 0x00,
  0x00, 0x00, 0x00, 0x00, 0x00, 0x00, 0x00, 0x00, 0x00, 0x00, 0x00, 0x00, 0x00, 0x00, 0x00, 0x00,
  0x00, 0x00, 0x00, 0x00, 0x37, 0x40, 0x06, 0xFF, 0xF7, 0x0E, 0xFF, 0xFE, 0x0E, 0xFF, 0xFE, 0x06,
  0xFF, 0xFC, 0x00, 0xBF, 0xF8, 0x00, 0xDF, 0xF3, 0x01, 0xFF, 0xC0, 0x08, 0xFF, 0x20, 0x2F, 0xF6,
  0x00, 0x2D, 0x90, 0x00, 0x00, 0x00, 0x00, 0x00, 0x00, 0x00, 0x00, 0x00, 0x06, 0x10, 0x00, 0x00,
  0x00, 0x00, 0x06, 0xDF, 0x80, 0x00, 0x00, 0x00, 0x06, 0xDF, 0xFF, 0xF1, 0x00, 0x00, 0x06, 0xEF,
  0xFF, 0xFE, 0x70, 0x00, 0x06, 0xEF, 0xFF, 0xFE, 0x70, 0x00, 0x06, 0xEF, 0xFF, 0xFE, 0x70, 0x00,
  0x00, 0xEF, 0xFF, 0xFE, 0x60, 0x00, 0x00, 0x00, 0xFF, 0xFD, 0x60, 0x00, 0x00, 0x00, 0x00, 0xFF,
  0xFE, 0x70, 0x00, 0x00, 0x00, 0x00, 0xCF, 0xFF, 0xFE, 0x70, 0x00, 0x00, 0x00, 0x04, 0xCF, 0xFF,
  0xFF, 0x81, 0x00, 0x00, 0x00, 0x04, 0xCF, 0xFF, 0xFF, 0x81, 0x00, 0x00, 0x00, 0x04, 0xCF, 0xFF,
  0xFF, 0x81, 0x00, 0x00, 0x00, 0x04, 0xCF, 0xFF, 0xE1, 0x00, 0x00, 0x00, 0x00, 0x04, 0xCF, 0x70,
  0x00, 0x00, 0x00, 0x00, 0x00, 0x04, 0x00, 0xFF, 0xFF, 0xFF, 0xFF, 0xFF, 0xFF, 0xFF, 0xFF, 0xFF,
  0xFF, 0xFF, 0xFF, 0xFF, 0xBB, 0xBB, 0xBB, 0xBB, 0xBB, 0xBB, 0xB0, 0x00, 0x00, 0x00, 0x00, 0x00,
  0x00, 0x00, 0x00, 0x00, 0x00, 0x00, 0x00, 0x00, 0x00, 0x00, 0x00, 0x00, 0x00, 0x00, 0x00, 0x00,
  0x00, 0x00, 0x00, 0x00, 0x0B, 0xBB, 0xBB, 0xBB, 0xBB, 0xBB, 0xBB, 0xFF, 0xFF, 0xFF, 0xFF, 0xFF,
  0xFF, 0xFF, 0xFF, 0xFF, 0xFF, 0xFF, 0xFF, 0xFF, 0x01, 0x60, 0x00, 0x00, 0x00, 0x00, 0x00, 0x08,
  0xFD, 0x60, 0x00, 0x00, 0x00, 0x00, 0x1F, 0xFF, 0xFD, 0x60, 0x00, 0x00, 0x00, 0x07, 0xEF, 0xFF,
  0xFE, 0x60, 0x00, 0x00, 0x00, 0x07, 0xEF, 0xFF, 0xFE, 0x60, 0x00, 0x00, 0x00, 0x07, 0xEF, 0xFF,
  0xFE, 0x60, 0x00, 0x00, 0x00, 0x06, 0xEF, 0xFF, 0xFE, 0x00, 0x00, 0x00, 0x00, 0x06, 0xDF, 0xFF,
  0x00, 0x00, 0x00, 0x00, 0x07, 0xEF, 0xFF, 0x00, 0x00, 0x00, 0x07, 0xEF, 0xFF, 0xFC, 0x00, 0x00,
  0x18, 0xEF, 0xFF, 0xFC, 0x40, 0x00, 0x18, 0xFF, 0xFF, 0xFC, 0x40, 0x00, 0x18, 0xFF, 0xFF, 0xFC,
  0x40, 0x00, 0x00, 0x1E, 0xFF, 0xFC, 0x40, 0x00, 0x00, 0x00, 0x07, 0xFC, 0x40, 0x00, 0x00, 0x00,
  0x00, 0x00, 0x40, 0x00, 0x00, 0x00, 0x00, 0x00, 0x00, 0x00, 0x6A, 0xDE, 0xFE, 0xC7, 0x10, 0x00,
  0x00, 0x8F, 0xFF, 0xFF, 0xFF, 0xFF, 0xF6, 0x00, 0x2D, 0xFF, 0xFF, 0xEC, 0xCE, 0xFF, 0xFF, 0x60,
  0x0C, 0xFF, 0x92, 0x00, 0x00, 0x5E, 0xFF, 0xF1, 0x01, 0x92, 0x00, 0x00, 0x00, 0x05, 0xFF, 0xF5,
  0x00, 0x00, 0x00, 0x00, 0x00, 0x00, 0xFF, 0xF8, 0x00, 0x00, 0x00, 0x00, 0x00, 0x00, 0xFF, 0xF8,
  0x00, 0x00, 0x00, 0x00, 0x00, 0x02, 0xFF, 0xF6, 0x00, 0x00, 0x00, 0x00, 0x00, 0x0C, 0xFF, 0xF1,
  0x00, 0x00, 0x00, 0x00, 0x02, 0xDF, 0xFF, 0x60, 0x00, 0x00, 0x00, 0x00, 0x6F, 0xFF, 0xF6, 0x00,
  0x00, 0x00, 0x00, 0x09, 0xFF, 0xFD, 0x20, 0x00, 0x00, 0x00, 0x00, 0x8F, 0xFF, 0xA0, 0x00, 0x00,
  0x00, 0x00, 0x01, 0xFF, 0xFB, 0x00, 0x00, 0x00, 0x00, 0x00, 0x06, 0xFF, 0xF3, 0x00, 0x00, 0x00,
  0x00, 0x00, 0x08, 0xFF, 0xF0, 0x00, 0x00, 0x00, 0x00, 0x00, 0x04, 0x88, 0x80, 0x00, 0x00, 0x00,
  0x00, 0x00, 0x00, 0x00, 0x00, 0x00, 0x00, 0x00, 0x00, 0x00, 0x00, 0x00, 0x00, 0x00, 0x00, 0x00,
  0x00, 0x00, 0x00, 0x00, 0x00, 0x00, 0x00, 0x00, 0x00, 0x00, 0x01, 0xBF, 0xB1, 0x00, 0x00, 0x00,
  0x00, 0x00, 0x0B, 0xFF, 0xFB, 0x00, 0x00, 0x00, 0x00, 0x00, 0x0F, 0xFF, 0xFF, 0x00, 0x00, 0x00,
  0x00, 0x00, 0x0B, 0xFF, 0xFB, 0x00, 0x00, 0x00, 0x00, 0x00, 0x02, 0xBF, 0xB2, 0x00, 0x00, 0x00,
  0x00, 0x00, 0x00, 0x00, 0x04, 0x8B, 0xEF, 0xFF, 0xEC, 0x95, 0x00, 0x00, 0x00, 0x00, 0x00, 0x00,
  0x00, 0x01, 0x8E, 0xFF, 0xFF, 0xFF, 0xFF, 0xFF, 0xFF, 0x91, 0x00, 0x00, 0x00, 0x00, 0x00, 0x07,
  0xFF, 0xFF, 0xFF, 0xEC, 0xBC, 0xDF, 0xFF, 0xFF, 0xF7, 0x00, 0x00, 0x00, 0x00, 0x0B, 0xFF, 0xFF,
  0xB5, 0x10, 0x00, 0x00, 0x04, 0x9F, 0xFF, 0xFB, 0x00, 0x00, 0x00, 0x0C, 0xFF, 0xFC, 0x30, 0x00,
  0x00, 0x00, 0x00, 0x00, 0x1B, 0xFF, 0xFB, 0x00, 0x00, 0x0A, 0xFF, 0xF9, 0x00, 0x00, 0x00, 0x00,
  0x00, 0x00, 0x00, 0x09, 0xFF, 0xF8, 0x00, 0x05, 0xFF, 0xFA, 0x00, 0x00, 0x17, 0xCE, 0xFF, 0xDA,
  0x40, 0x00, 0x0B, 0xFF, 0xF2, 0x00, 0xDF, 0xFE, 0x00, 0x00, 0x4E, 0xFF, 0xFF, 0xFF, 0xFF, 0xD3,
  0x00, 0x1F, 0xFF, 0x90, 0x4F, 0xFF, 0x60, 0x00, 0x3F, 0xFF, 0xFE, 0xCD, 0xFF, 0xFF, 0x80, 0x00,
  0xAF, 0xFF, 0x09, 0xFF, 0xF0, 0x00, 0x0C, 0xFF, 0xF5, 0x00, 0x01, 0xFF, 0xF8, 0x00, 0x05, 0xFF,
  0xF4, 0xDF, 0xFB, 0x00, 0x02, 0xFF, 0xF8, 0x00, 0x00, 0x0F, 0xFF, 0x80, 0x00, 0x2F, 0xFF, 0x6F,
  0xFF, 0x90, 0x00, 0x6F, 0xFF, 0x30, 0x00, 0x00, 0xFF, 0xF8, 0x00, 0x00, 0xFF, 0xF8, 0xFF, 0xF8,
  0x00, 0x07, 0xFF, 0xF0, 0x00, 0x00, 0x0F, 0xFF, 0x80, 0x00, 0x0F, 0xFF, 0x8F, 0xFF, 0x80, 0x00,
  0x8F, 0xFF, 0x00, 0x00, 0x00, 0xFF, 0xF8, 0x00, 0x00, 0xFF, 0xF8, 0xFF, 0xF8, 0x00, 0x08, 0xFF,
  0xF0, 0x00, 0x00, 0x0F, 0xFF, 0x80, 0x00, 0x0F, 0xFF, 0x8F, 0xFF, 0x80, 0x00, 0x8F, 0xFF, 0x00,
  0x00, 0x00, 0xFF, 0xF8, 0x00, 0x01, 0xFF, 0xF7, 0xFF, 0xF8, 0x00, 0x07, 0xFF, 0xF1, 0x00, 0x00,
  0x0F, 0xFF, 0x90, 0x00, 0x2F, 0xFF, 0x6F, 0xFF, 0x90, 0x00, 0x4F, 0xFF, 0x50, 0x00, 0x02, 0xFF,
  0xFD, 0x00, 0x07, 0xFF, 0xF2, 0xEF, 0xFA, 0x00, 0x00, 0xEF, 0xFE, 0x30, 0x27, 0xFF, 0xFF, 0xF7,
  0x13, 0xEF, 0xFC, 0x0C, 0xFF, 0xD0, 0x00, 0x06, 0xFF, 0xFF, 0xFF, 0xFF, 0xE6, 0xFF, 0xFF, 0xFF,
  0xFF, 0x30, 0x8F, 0xFF, 0x30, 0x00, 0x08, 0xFF, 0xFF, 0xFF, 0xC2, 0x07, 0xFF, 0xFF, 0xFF, 0x40,
  0x02, 0xFF, 0xFA, 0x00, 0x00, 0x02, 0x8A, 0xB9, 0x40, 0x00, 0x02, 0x8A, 0xA7, 0x10, 0x00, 0x0B,
  0xFF, 0xF4, 0x00, 0x00, 0x00, 0x00, 0x00, 0x00, 0x00, 0x00, 0x00, 0x00, 0x00, 0x00, 0x2F, 0xFF,
  0xF3, 0x00, 0x00, 0x00, 0x00, 0x00, 0x00, 0x00, 0x00, 0x00, 0x00, 0x00, 0x00, 0x5F, 0xFF, 0xF7,
  0x00, 0x00, 0x00, 0x00, 0x00, 0x00, 0x00, 0x00, 0x00, 0x00, 0x00, 0x00, 0x6F, 0xFF, 0xFE, 0x83,
  0x00, 0x00, 0x00, 0x03, 0x89, 0x00, 0x00, 0x00, 0x00, 0x00, 0x00, 0x3D, 0xFF, 0xFF, 0xFF, 0xDC,
  0xBC, 0xEF, 0xFF, 0xF0, 0x00, 0x00, 0x00, 0x00, 0x00, 0x00, 0x06, 0xDF, 0xFF, 0xFF, 0xFF, 0xFF,
  0xFF, 0xFE, 0x20, 0x00, 0x00, 0x00, 0x00, 0x00, 0x00, 0x00, 0x37, 0xAD, 0xEF, 0xFF, 0xDB, 0x73,
  0x00, 0x00, 0x00, 0x00, 0x00, 0x00, 0x00, 0x00, 0x00, 0x9F, 0xFF, 0xFA, 0x00, 0x00, 0x00, 0x00,
  0x00, 0x00, 0x00, 0x00, 0xEF, 0xFF, 0xFE, 0x00, 0x00, 0x00, 0x00, 0x00, 0x00, 0x00, 0x03, 0xFF,
  0xFF, 0xFF, 0x40, 0x00, 0x00, 0x00, 0x00, 0x00, 0x00, 0x08, 0xFF, 0xCC, 0xFF, 0x90, 0x00, 0x00,
  0x00, 0x00, 0x00, 0x00, 0x0D, 0xFF, 0x77, 0xFF, 0xE0, 0x00, 0x00, 0x00, 0x00, 0x00, 0x00, 0x2F,
  0xFF, 0x22, 0xFF, 0xF4, 0x00, 0x00, 0x00, 0x00, 0x00, 0x00, 0x7F, 0xFE, 0x00, 0xDF, 0xF9, 0x00,
  0x00, 0x00, 0x00, 0x00, 0x00, 0xCF, 0xF9, 0x00, 0x9F, 0xFE, 0x00, 0x00, 0x00, 0x00, 0x00, 0x01,
  0xFF, 0xF5, 0x00, 0x4F, 0xFF, 0x30, 0x00, 0x00, 0x00, 0x00, 0x06, 0xFF, 0xF0, 0x00, 0x0F, 0xFF,
  0x80, 0x00, 0x00, 0x00, 0x00, 0x0B, 0xFF, 0xB0, 0x00, 0x0A, 0xFF, 0xE0, 0x00, 0x00, 0x00, 0x00,
  0x0F, 0xFF, 0x70, 0x00, 0x06, 0xFF, 0xF3, 0x00, 0x00, 0x00, 0x00, 0x5F, 0xFF, 0x20, 0x00, 0x01,
  0xFF, 0xF8, 0x00, 0x00, 0x00, 0x00, 0xAF, 0xFD, 0x00, 0x00, 0x00, 0xCF, 0xFD, 0x00, 0x00, 0x00,
  0x00, 0xEF, 0xF9, 0x00, 0x00, 0x00, 0x7F, 0xFF, 0x30, 0x00, 0x00, 0x04, 0xFF, 0xFF, 0xFF, 0xFF,
  0xFF, 0xFF, 0xFF, 0x80, 0x00, 0x00, 0x09, 0xFF, 0xFF, 0xFF, 0xFF, 0xFF, 0xFF, 0xFF, 0xD0, 0x00,
  0x00, 0x0E, 0xFF, 0xFF, 0xFF, 0xFF, 0xFF, 0xFF, 0xFF, 0xF2, 0x00, 0x00, 0x3F, 0xFF, 0x50, 0x00,
  0x00, 0x00, 0x03, 0xFF, 0xF7, 0x00, 0x00, 0x8F, 0xFF, 0x10, 0x00, 0x00, 0x00, 0x00, 0xEF, 0xFD,
  0x00, 0x00, 0xDF, 0xFC, 0x00, 0x00, 0x00, 0x00, 0x00, 0x9F, 0xFF, 0x20, 0x02, 0xFF, 0xF7, 0x00,
  0x00, 0x00, 0x00, 0x00, 0x4F, 0xFF, 0x70, 0x07, 0xFF, 0xF2, 0x00, 0x00, 0x00, 0x00, 0x00, 0x0E,
  0xFF, 0xC0, 0x0C, 0xFF, 0xD0, 0x00, 0x00, 0x00, 0x00, 0x00, 0x09, 0xFF, 0xF1, 0x1F, 0xFF, 0x80,
  0x00, 0x00, 0x00, 0x00, 0x00, 0x04, 0xFF, 0xF7, 0xFF, 0xFF, 0xFF, 0xFF, 0xEC, 0x94, 0x00, 0x00,
  0x0F, 0xFF, 0xFF, 0xFF, 0xFF, 0xFF, 0xFC, 0x20, 0x00, 0xFF, 0xFE, 0xBB, 0xBC, 0xEF, 0xFF, 0xFF,
  0x30, 0x0F, 0xFF, 0x80, 0x00, 0x00, 0x19, 0xFF, 0xFD, 0x00, 0xFF, 0xF8, 0x00, 0x00, 0x00, 0x08,
  0xFF, 0xF4, 0x0F, 0xFF, 0x80, 0x00, 0x00, 0x00, 0x1F, 0xFF, 0x70, 0xFF, 0xF8, 0x00, 0x00, 0x00,
  0x00, 0xFF, 0xF8, 0x0F, 0xFF, 0x80, 0x00, 0x00, 0x00, 0x0F, 0xFF, 0x80, 0xFF, 0xF8, 0x00, 0x00,
  0x00, 0x01, 0xFF, 0xF7, 0x0F, 0xFF, 0x80, 0x00, 0x00, 0x00, 0x6F, 0xFF, 0x30, 0xFF, 0xF8, 0x00,
  0x00, 0x00, 0x6F, 0xFF, 0xB0, 0x0F, 0xFF, 0xEB, 0xBB, 0xBC, 0xFF, 0xFF, 0x80, 0x00, 0xFF, 0xFF,
  0xFF, 0xFF, 0xFF, 0xFF, 0x82, 0x00, 0x0F, 0xFF, 0xFF, 0xFF, 0xFF, 0xFF, 0xFF, 0xF8, 0x00, 0xFF,
  0xF8, 0x00, 0x00, 0x02, 0x5C, 0xFF, 0xFA, 0x0F, 0xFF, 0x80, 0x00, 0x00, 0x00, 0x0A, 0xFF, 0xF3,
  0xFF, 0xF8, 0x00, 0x00, 0x00, 0x00, 0x2F, 0xFF, 0x7F, 0xFF, 0x80, 0x00, 0x00, 0x00, 0x00, 0xFF,
  0xF8, 0xFF, 0xF8, 0x00, 0x00, 0x00, 0x00, 0x0F, 0xFF, 0x8F, 0xFF, 0x80, 0x00, 0x00, 0x00, 0x02,
  0xFF, 0xF7, 0xFF, 0xF8, 0x00, 0x00, 0x00, 0x00, 0x9F, 0xFF, 0x3F, 0xFF, 0x80, 0x00, 0x00, 0x03,
  0xBF, 0xFF, 0xB0, 0xFF, 0xFE, 0xBB, 0xBB, 0xCF, 0xFF, 0xFF, 0xD1, 0x0F, 0xFF, 0xFF, 0xFF, 0xFF,
  0xFF, 0xFF, 0x90, 0x00, 0xFF, 0xFF, 0xFF, 0xFF, 0xED, 0xA6, 0x10, 0x00, 0x00, 0x00, 0x00, 0x04,
  0x9D, 0xFF, 0xED, 0xA5, 0x00, 0x00, 0x00, 0x2C, 0xFF, 0xFF, 0xFF, 0xFF, 0xFE, 0x60, 0x00, 0x4F,
  0xFF, 0xFF, 0xDC, 0xCE, 0xFF, 0xFF, 0x90, 0x2F, 0xFF, 0xF7, 0x10, 0x00, 0x03, 0xBF, 0xE1, 0x0C,
  0xFF, 0xF3, 0x00, 0x00, 0x00, 0x00, 0x42, 0x04, 0xFF, 0xF7, 0x00, 0x00, 0x00, 0x00, 0x00, 0x00,
  0x9F, 0xFF, 0x00, 0x00, 0x00, 0x00, 0x00, 0x00, 0x0D, 0xFF, 0xB0, 0x00, 0x00, 0x00, 0x00, 0x00,
  0x00, 0xFF, 0xF9, 0x00, 0x00, 0x00, 0x00, 0x00, 0x00, 0x0F, 0xFF, 0x80, 0x00, 0x00, 0x00, 0x00,
  0x00, 0x00, 0xFF, 0xF8, 0x00, 0x00, 0x00, 0x00, 0x00, 0x00, 0x0F, 0xFF, 0x80, 0x00, 0x00, 0x00,
  0x00, 0x00, 0x00, 0xFF, 0xF8, 0x00, 0x00, 0x00, 0x00, 0x00, 0x00, 0x0F, 0xFF, 0x80, 0x00, 0x00,
  0x00, 0x00, 0x00, 0x00, 0xFF, 0xF8, 0x00, 0x00, 0x00, 0x00, 0x00, 0x00, 0x0F, 0xFF, 0x80, 0x00,
  0x00, 0x00, 0x00, 0x00, 0x00, 0xFF, 0xF9, 0x00, 0x00, 0x00, 0x00, 0x00, 0x00, 0x0E, 0xFF, 0xA0,
  0x00, 0x00, 0x00, 0x00, 0x00, 0x00, 0xBF, 0xFE, 0x00, 0x00, 0x00, 0x00, 0x00, 0x00, 0x06, 0xFF,
  0xF4, 0x00, 0x00, 0x00, 0x00, 0x00, 0x00, 0x0E, 0xFF, 0xD1, 0x00, 0x00, 0x00, 0x00, 0x32, 0x00,
  0x4F, 0xFF, 0xD5, 0x00, 0x00, 0x04, 0xAF, 0xC0, 0x00, 0x7F, 0xFF, 0xFF, 0xCC, 0xDF, 0xFF, 0xFF,
  0x60, 0x00, 0x4E, 0xFF, 0xFF, 0xFF, 0xFF, 0xFD, 0x50, 0x00, 0x00, 0x06, 0xAD, 0xFF, 0xEC, 0x94,
  0x00, 0x00, 0xFF, 0xFF, 0xFF, 0xFF, 0xED, 0xA6, 0x10, 0x00, 0x00, 0xFF, 0xFF, 0xFF, 0xFF, 0xFF,
  0xFF, 0xF7, 0x00, 0x00, 0xFF, 0xFE, 0xBB, 0xBB, 0xDF, 0xFF, 0xFF, 0xB0, 0x00, 0xFF, 0xF8, 0x00,
  0x00, 0x00, 0x5D, 0xFF, 0xF9, 0x00, 0xFF, 0xF8, 0x00, 0x00, 0x00, 0x01, 0xCF, 0xFF, 0x40, 0xFF,
  0xF8, 0x00, 0x00, 0x00, 0x00, 0x2F, 0xFF, 0xB0, 0xFF, 0xF8, 0x00, 0x00, 0x00, 0x00, 0x09, 0xFF,
  0xF0, 0xFF, 0xF8, 0x00, 0x00, 0x00, 0x00, 0x04, 0xFF, 0xF4, 0xFF, 0xF8, 0x00, 0x00, 0x00, 0x00,
  0x01, 0xFF, 0xF6, 0xFF, 0xF8, 0x00, 0x00, 0x00, 0x00, 0x00, 0xFF, 0xF7, 0xFF, 0xF8, 0x00, 0x00,
  0x00, 0x00, 0x00, 0xFF, 0xF8, 0xFF, 0xF8, 0x00, 0x00, 0x00, 0x00, 0x00, 0xFF, 0xF8, 0xFF, 0xF8,
  0x00, 0x00, 0x00, 0x00, 0x00, 0xFF, 0xF8, 0xFF, 0xF8, 0x00, 0x00, 0x00, 0x00, 0x00, 0xFF, 0xF8,
  0xFF, 0xF8, 0x00, 0x00, 0x00, 0x00, 0x00, 0xFF, 0xF8, 0xFF, 0xF8, 0x00, 0x00, 0x00, 0x00, 0x01,
  0xFF, 0xF7, 0xFF, 0xF8, 0x00, 0x00, 0x00, 0x00, 0x02, 0xFF, 0xF5, 0xFF, 0xF8, 0x00, 0x00, 0x00,
  0x00, 0x06, 0xFF, 0xF2, 0xFF, 0xF8, 0x00, 0x00, 0x00, 0x00, 0x0B, 0xFF, 0xE0, 0xFF, 0xF8, 0x00,
  0x00, 0x00, 0x00, 0x3F, 0xFF, 0x70, 0xFF, 0xF8, 0x00, 0x00, 0x00, 0x02, 0xEF, 0xFE, 0x10, 0xFF,
  0xF8, 0x00, 0x00, 0x02, 0x8F, 0xFF, 0xF4, 0x00, 0xFF, 0xFE, 0xBB, 0xBC, 0xEF, 0xFF, 0xFF, 0x50,
  0x00, 0xFF, 0xFF, 0xFF, 0xFF, 0xFF, 0xFF, 0xB2, 0x00, 0x00, 0xFF, 0xFF, 0xFF, 0xFF, 0xEB, 0x73,
  0x00, 0x00, 0x00, 0xFF, 0xFF, 0xFF, 0xFF, 0xFF, 0xFF, 0xFF, 0xFF, 0xFF, 0xFF, 0xFF, 0xFF, 0xFF,
  0xFF, 0xFF, 0xFE, 0xBB, 0xBB, 0xBB, 0xBB, 0xBB, 0xFF, 0xF8, 0x00, 0x00, 0x00, 0x00, 0x00, 0xFF,
  0xF8, 0x00, 0x00, 0x00, 0x00, 0x00, 0xFF, 0xF8, 0x00, 0x00, 0x00, 0x00, 0x00, 0xFF, 0xF8, 0x00,
  0x00, 0x00, 0x00, 0x00, 0xFF, 0xF8, 0x00, 0x00, 0x00, 0x00, 0x00, 0xFF, 0xF8, 0x00, 0x00, 0x00,
  0x00, 0x00, 0xFF, 0xF8, 0x00, 0x00, 0x00, 0x00, 0x00, 0xFF, 0xF8, 0x00, 0x00, 0x00, 0x00, 0x00,
  0xFF, 0xFF, 0xFF, 0xFF, 0xFF, 0xFF, 0xF0, 0xFF, 0xFF, 0xFF, 0xFF, 0xFF, 0xFF, 0xF0, 0xFF, 0xFE,
  0xBB, 0xBB, 0xBB, 0xBB, 0xB0, 0xFF, 0xF8, 0x00, 0x00, 0x00, 0x00, 0x00, 0xFF, 0xF8, 0x00, 0x00,
  0x00, 0x00, 0x00, 0xFF, 0xF8, 0x00, 0x00, 0x00, 0x00, 0x00, 0xFF, 0xF8, 0x00, 0x00, 0x00, 0x00,
  0x00, 0xFF, 0xF8, 0x00, 0x00, 0x00, 0x00, 0x00, 0xFF, 0xF8, 0x00, 0x00, 0x00, 0x00, 0x00, 0xFF,
  0xF8, 0x00, 0x00, 0x00, 0x00, 0x00, 0xFF, 0xF8, 0x00, 0x00, 0x00, 0x00, 0x00, 0xFF, 0xFE, 0xBB,
  0xBB, 0xBB, 0xBB, 0xBB, 0xFF, 0xFF, 0xFF, 0xFF, 0xFF, 0xFF, 0xFF, 0xFF, 0xFF, 0xFF, 0xFF, 0xFF,
  0xFF, 0xFF, 0xFF, 0xFF, 0xFF, 0xFF, 0xFF, 0xFF, 0xFF, 0x8F, 0xFF, 0xFF, 0xFF, 0xFF, 0xFF, 0xFF,
  0xF8, 0xFF, 0xFE, 0xBB, 0xBB, 0xBB, 0xBB, 0xBB, 0x5F, 0xFF, 0x80, 0x00, 0x00, 0x00, 0x00, 0x00,
  0xFF, 0xF8, 0x00, 0x00, 0x00, 0x00, 0x00, 0x0F, 0xFF, 0x80, 0x00, 0x00, 0x00, 0x00, 0x00, 0xFF,
  0xF8, 0x00, 0x00, 0x00, 0x00, 0x00, 0x0F, 0xFF, 0x80, 0x00, 0x00, 0x00, 0x00, 0x00, 0xFF, 0xF8,
  0x00, 0x00, 0x00, 0x00, 0x00, 0x0F, 0xFF, 0x80, 0x00, 0x00, 0x00, 0x00, 0x00, 0xFF, 0xF8, 0x00,
  0x00, 0x00, 0x00, 0x00, 0x0F, 0xFF, 0xEB, 0xBB, 0xBB, 0xBB, 0xBB, 0x00, 0xFF, 0xFF, 0xFF, 0xFF,
  0xFF, 0xFF, 0xF0, 0x0F, 0xFF, 0xFF, 0xFF, 0xFF, 0xFF, 0xFF, 0x00, 0xFF, 0xF8, 0x00, 0x00, 0x00,
  0x00, 0x00, 0x0F, 0xFF, 0x80, 0x00, 0x00, 0x00, 0x00, 0x00, 0xFF, 0xF8, 0x00, 0x00, 0x00, 0x00,
  0x00, 0x0F, 0xFF, 0x80, 0x00, 0x00, 0x00, 0x00, 0x00, 0xFF, 0xF8, 0x00, 0x00, 0x00, 0x00, 0x00,
  0x0F, 0xFF, 0x80, 0x00, 0x00, 0x00, 0x00, 0x00, 0xFF, 0xF8, 0x00, 0x00, 0x00, 0x00, 0x00, 0x0F,
  0xFF, 0x80, 0x00, 0x00, 0x00, 0x00, 0x00, 0xFF, 0xF8, 0x00, 0x00, 0x00, 0x00, 0x00, 0x0F, 0xFF,
  0x80, 0x00, 0x00, 0x00, 0x00, 0x00, 0xFF, 0xF8, 0x00, 0x00, 0x00, 0x00, 0x00, 0x00, 0x00, 0x00,
  0x03, 0x8C, 0xEF, 0xFD, 0xC7, 0x20, 0x00, 0x00, 0x00, 0x2B, 0xFF, 0xFF, 0xFF, 0xFF, 0xFF, 0xA1,
  0x00, 0x00, 0x3E, 0xFF, 0xFF, 0xDC, 0xCD, 0xFF, 0xFF, 0xE2, 0x00, 0x2E, 0xFF, 0xF8, 0x10, 0x00,
  0x01, 0x7F, 0xFF, 0xD0, 0x0B, 0xFF, 0xF4, 0x00, 0x00, 0x00, 0x00, 0x1D, 0xC2, 0x03, 0xFF, 0xF8,
  0x00, 0x00, 0x00, 0x00, 0x00, 0x10, 0x00, 0x8F, 0xFF, 0x10, 0x00, 0x00, 0x00, 0x00, 0x00, 0x00,
  0x0C, 0xFF, 0xC0, 0x00, 0x00, 0x00, 0x00, 0x00, 0x00, 0x00, 0xEF, 0xF9, 0x00, 0x00, 0x00, 0x00,
  0x00, 0x00, 0x00, 0x0F, 0xFF, 0x80, 0x00, 0x00, 0x00, 0x00, 0x00, 0x00, 0x00, 0xFF, 0xF8, 0x00,
  0x00, 0x00, 0x00, 0x00, 0x00, 0x00, 0x0F, 0xFF, 0x80, 0x00, 0x00, 0xBB, 0xBB, 0xBB, 0xBB, 0xB6,
  0xFF, 0xF8, 0x00, 0x00, 0x0F, 0xFF, 0xFF, 0xFF, 0xFF, 0x8F, 0xFF, 0x80, 0x00, 0x00, 0xFF, 0xFF,
  0xFF, 0xFF, 0xF8, 0xFF, 0xF8, 0x00, 0x00, 0x00, 0x00, 0x00, 0x0F, 0xFF, 0x8F, 0xFF, 0x80, 0x00,
  0x00, 0x00, 0x00, 0x00, 0xFF, 0xF8, 0xFF, 0xF8, 0x00, 0x00, 0x00, 0x00, 0x00, 0x0F, 0xFF, 0x8F,
  0xFF, 0x90, 0x00, 0x00, 0x00, 0x00, 0x00, 0xFF, 0xF8, 0xCF, 0xFD, 0x00, 0x00, 0x00, 0x00, 0x00,
  0x0F, 0xFF, 0x88, 0xFF, 0xF3, 0x00, 0x00, 0x00, 0x00, 0x04, 0xFF, 0xF8, 0x2F, 0xFF, 0xD0, 0x00,
  0x00, 0x00, 0x03, 0xEF, 0xFF, 0x80, 0x9F, 0xFF, 0xD4, 0x00, 0x00, 0x28, 0xFF, 0xFF, 0xF8, 0x00,
  0xBF, 0xFF, 0xFE, 0xCC, 0xEF, 0xFF, 0xED, 0xFF, 0x80, 0x00, 0x8F, 0xFF, 0xFF, 0xFF, 0xFF, 0xB1,
  0x9F, 0xF8, 0x00, 0x00, 0x27, 0xCE, 0xFE, 0xC8, 0x30, 0x07, 0xFF, 0x80, 0xFF, 0xF8, 0x00, 0x00,
  0x00, 0x00, 0x00, 0x8F, 0xFF, 0xFF, 0xF8, 0x00, 0x00, 0x00, 0x00, 0x00, 0x8F, 0xFF, 0xFF, 0xF8,
  0x00, 0x00, 0x00, 0x00, 0x00, 0x8F, 0xFF, 0xFF, 0xF8, 0x00, 0x00, 0x00, 0x00, 0x00, 0x8F, 0xFF,
  0xFF, 0xF8, 0x00, 0x00, 0x00, 0x00, 0x00, 0x8F, 0xFF, 0xFF, 0xF8, 0x00, 0x00, 0x00, 0x00, 0x00,
  0x8F, 0xFF, 0xFF, 0xF8, 0x00, 0x00, 0x00, 0x00, 0x00, 0x8F, 0xFF, 0xFF, 0xF8, 0x00, 0x00, 0x00,
  0x00, 0x00, 0x8F, 0xFF, 0xFF, 0xF8, 0x00, 0x00, 0x00, 0x00, 0x00, 0x8F, 0xFF, 0xFF, 0xF8, 0x00,
  0x00, 0x00, 0x00, 0x00, 0x8F, 0xFF, 0xFF, 0xF8, 0x00, 0x00, 0x00, 0x00, 0x00, 0x8F, 0xFF, 0xFF,
  0xFF, 0xFF, 0xFF, 0xFF, 0xFF, 0xFF, 0xFF, 0xFF, 0xFF, 0xFF, 0xFF, 0xFF, 0xFF, 0xFF, 0xFF, 0xFF,
  0xFF, 0xFF, 0xFE, 0xBB, 0xBB, 0xBB, 0xBB, 0xBB, 0xEF, 0xFF, 0xFF, 0xF8, 0x00, 0x00, 0x00, 0x00,
  0x00, 0x8F, 0xFF, 0xFF, 0xF8, 0x00, 0x00, 0x00, 0x00, 0x00, 0x8F, 0xFF, 0xFF, 0xF8, 0x00, 0x00,
  0x00, 0x00, 0x00, 0x8F, 0xFF, 0xFF, 0xF8, 0x00, 0x00, 0x00, 0x00, 0x00, 0x8F, 0xFF, 0xFF, 0xF8,
  0x00, 0x00, 0x00, 0x00, 0x00, 0x8F, 0xFF, 0xFF, 0xF8, 0x00, 0x00, 0x00, 0x00, 0x00, 0x8F, 0xFF,
  0xFF, 0xF8, 0x00, 0x00, 0x00, 0x00, 0x00, 0x8F, 0xFF, 0xFF, 0xF8, 0x00, 0x00, 0x00, 0x00, 0x00,
  0x8F, 0xFF, 0xFF, 0xF8, 0x00, 0x00, 0x00, 0x00, 0x00, 0x8F, 0xFF, 0xFF, 0xF8, 0x00, 0x00, 0x00,
  0x00, 0x00, 0x8F, 0xFF, 0xFF, 0xF8, 0x00, 0x00, 0x00, 0x00, 0x00, 0x8F, 0xFF, 0xFF, 0xFF, 0xFF,
  0xFF, 0xFF, 0xFF, 0xFF, 0xFF, 0xFF, 0xFF, 0xBB, 0xBF, 0xFF, 0xEB, 0xBB, 0x00, 0x0F, 0xFF, 0x80,
  0x00, 0x00, 0x0F, 0xFF, 0x80, 0x00, 0x00, 0x0F, 0xFF, 0x80, 0x00, 0x00, 0x0F, 0xFF, 0x80, 0x00,
  0x00, 0x0F, 0xFF, 0x80, 0x00, 0x00, 0x0F, 0xFF, 0x80, 0x00, 0x00, 0x0F, 0xFF, 0x80, 0x00, 0x00,
  0x0F, 0xFF, 0x80, 0x00, 0x00, 0x0F, 0xFF, 0x80, 0x00, 0x00, 0x0F, 0xFF, 0x80, 0x00, 0x00, 0x0F,
  0xFF, 0x80, 0x00, 0x00, 0x0F, 0xFF, 0x80, 0x00, 0x00, 0x0F, 0xFF, 0x80, 0x00, 0x00, 0x0F, 0xFF,
  0x80, 0x00, 0x00, 0x0F, 0xFF, 0x80, 0x00, 0x00, 0x0F, 0xFF, 0x80, 0x00, 0x00, 0x0F, 0xFF, 0x80,
  0x00, 0x00, 0x0F, 0xFF, 0x80, 0x00, 0x00, 0x0F, 0xFF, 0x80, 0x00, 0xBB, 0xBF, 0xFF, 0xEB, 0xBB,
  0xFF, 0xFF, 0xFF, 0xFF, 0xFF, 0xFF, 0xFF, 0xFF, 0xFF, 0xFF, 0x08, 0xFF, 0xFF, 0xFF, 0xFF, 0xFF,
  0xFF, 0x80, 0x8F, 0xFF, 0xFF, 0xFF, 0xFF, 0xFF, 0xF8, 0x05, 0xBB, 0xBB, 0xBB, 0xBB, 0xBF, 0xFF,
  0x80, 0x00, 0x00, 0x00, 0x00, 0x00, 0xFF, 0xF8, 0x00, 0x00, 0x00, 0x00, 0x00, 0x0F, 0xFF, 0x80,
  0x00, 0x00, 0x00, 0x00, 0x00, 0xFF, 0xF8, 0x00, 0x00, 0x00, 0x00, 0x00, 0x0F, 0xFF, 0x80, 0x00,
  0x00, 0x00, 0x00, 0x00, 0xFF, 0xF8, 0x00, 0x00, 0x00, 0x00, 0x00, 0x0F, 0xFF, 0x80, 0x00, 0x00,
  0x00, 0x00, 0x00, 0xFF, 0xF8, 0x00, 0x00, 0x00, 0x00, 0x00, 0x0F, 0xFF, 0x80, 0x00, 0x00, 0x00,
  0x00, 0x00, 0xFF, 0xF8, 0x00, 0x00, 0x00, 0x00, 0x00, 0x0F, 0xFF, 0x80, 0x00, 0x00, 0x00, 0x00,
  0x00, 0xFF, 0xF8, 0x00, 0x00, 0x00, 0x00, 0x00, 0x0F, 0xFF, 0x80, 0x00, 0x00, 0x00, 0x00, 0x00,
  0xFF, 0xF8, 0x00, 0x00, 0x00, 0x00, 0x00, 0x0F, 0xFF, 0x80, 0x00, 0x00, 0x00, 0x00, 0x00, 0xFF,
  0xF8, 0x00, 0x00, 0x00, 0x00, 0x00, 0x1F, 0xFF, 0x70, 0x00, 0x00, 0x00, 0x00, 0x04, 0xFF, 0xF4,
  0x01, 0x10, 0x00, 0x00, 0x00, 0xBF, 0xFF, 0x00, 0xCE, 0x60, 0x00, 0x01, 0xAF, 0xFF, 0x80, 0xAF,
  0xFF, 0xFD, 0xCC, 0xFF, 0xFF, 0xC0, 0x01, 0xAF, 0xFF, 0xFF, 0xFF, 0xFF, 0xB1, 0x00, 0x00, 0x27,
  0xBE, 0xFF, 0xDA, 0x40, 0x00, 0x00, 0xFF, 0xF8, 0x00, 0x00, 0x00, 0x00, 0x1E, 0xFF, 0xC0, 0x0F,
  0xFF, 0x80, 0x00, 0x00, 0x00, 0x0C, 0xFF, 0xE1, 0x00, 0xFF, 0xF8, 0x00, 0x00, 0x00, 0x09, 0xFF,
  0xF4, 0x00, 0x0F, 0xFF, 0x80, 0x00, 0x00, 0x06, 0xFF, 0xF7, 0x00, 0x00, 0xFF, 0xF8, 0x00, 0x00,
  0x03, 0xFF, 0xFB, 0x00, 0x00, 0x0F, 0xFF, 0x80, 0x00, 0x01, 0xEF, 0xFD, 0x10, 0x00, 0x00, 0xFF,
  0xF8, 0x00, 0x00, 0xBF, 0xFF, 0x30, 0x00, 0x00, 0x0F, 0xFF, 0x80, 0x00, 0x8F, 0xFF, 0x60, 0x00,
  0x00, 0x00, 0xFF, 0xF8, 0x00, 0x5F, 0xFF, 0x90, 0x00, 0x00, 0x00, 0x0F, 0xFF, 0x80, 0x2F, 0xFF,
  0xC0, 0x00, 0x00, 0x00, 0x00, 0xFF, 0xF8, 0x0D, 0xFF, 0xE2, 0x00, 0x00, 0x00, 0x00, 0x0F, 0xFF,
  0x8B, 0xFF, 0xFB, 0x00, 0x00, 0x00, 0x00, 0x00, 0xFF, 0xFE, 0xFF, 0xFF, 0xF6, 0x00, 0x00, 0x00,
  0x00, 0x0F, 0xFF, 0xFF, 0xFF, 0xFF, 0xF3, 0x00, 0x00, 0x00, 0x00, 0xFF, 0xFF, 0xFB, 0x3F, 0xFF,
  0xD0, 0x00, 0x00, 0x00, 0x0F, 0xFF, 0xFD, 0x10, 0x7F, 0xFF, 0xA0, 0x00, 0x00, 0x00, 0xFF, 0xFF,
  0x30, 0x00, 0xBF, 0xFF, 0x50, 0x00, 0x00, 0x0F, 0xFF, 0x90, 0x00, 0x01, 0xEF, 0xFF, 0x20, 0x00,
  0x00, 0xFF, 0xF8, 0x00, 0x00, 0x04, 0xFF, 0xFC, 0x00, 0x00, 0x0F, 0xFF, 0x80, 0x00, 0x00, 0x08,
  0xFF, 0xF8, 0x00, 0x00, 0xFF, 0xF8, 0x00, 0x00, 0x00, 0x0C, 0xFF, 0xF4, 0x00, 0x0F, 0xFF, 0x80,
  0x00, 0x00, 0x00, 0x2F, 0xFF, 0xE1, 0x00, 0xFF, 0xF8, 0x00, 0x00, 0x00, 0x00, 0x5F, 0xFF, 0xB0,
  0x0F, 0xFF, 0x80, 0x00, 0x00, 0x00, 0x00, 0x9F, 0xFF, 0x70, 0xFF, 0xF8, 0x00, 0x00, 0x00, 0x00,
  0x00, 0xDF, 0xFF, 0x30, 0xFF, 0xF8, 0x00, 0x00, 0x00, 0x00, 0x00, 0xFF, 0xF8, 0x00, 0x00, 0x00,
  0x00, 0x00, 0xFF, 0xF8, 0x00, 0x00, 0x00, 0x00, 0x00, 0xFF, 0xF8, 0x00, 0x00, 0x00, 0x00, 0x00,
  0xFF, 0xF8, 0x00, 0x00, 0x00, 0x00, 0x00, 0xFF, 0xF8, 0x00, 0x00, 0x00, 0x00, 0x00, 0xFF, 0xF8,
  0x00, 0x00, 0x00, 0x00, 0x00, 0xFF, 0xF8, 0x00, 0x00, 0x00, 0x00, 0x00, 0xFF, 0xF8, 0x00, 0x00,
  0x00, 0x00, 0x00, 0xFF, 0xF8, 0x00, 0x00, 0x00, 0x00, 0x00, 0xFF, 0xF8, 0x00, 0x00, 0x00, 0x00,
  0x00, 0xFF, 0xF8, 0x00, 0x00, 0x00, 0x00, 0x00, 0xFF, 0xF8, 0x00, 0x00, 0x00, 0x00, 0x00, 0xFF,
  0xF8, 0x00, 0x00, 0x00, 0x00, 0x00, 0xFF, 0xF8, 0x00, 0x00, 0x00, 0x00, 0x00, 0xFF, 0xF8, 0x00,
  0x00, 0x00, 0x00, 0x00, 0xFF, 0xF8, 0x00, 0x00, 0x00, 0x00, 0x00, 0xFF, 0xF8, 0x00, 0x00, 0x00,
  0x00, 0x00, 0xFF, 0xF8, 0x00, 0x00, 0x00, 0x00, 0x00, 0xFF, 0xF8, 0x00, 0x00, 0x00, 0x00, 0x00,
  0xFF, 0xF8, 0x00, 0x00, 0x00, 0x00, 0x00, 0xFF, 0xF8, 0x00, 0x00, 0x00, 0x00, 0x00, 0xFF, 0xFF,
  0xFF, 0xFF, 0xFF, 0xFF, 0xFF, 0xFF, 0xFF, 0xFF, 0xFF, 0xFF, 0xFF, 0xFF, 0xFF, 0xFF, 0xFF, 0xFF,
  0xFF, 0xFF, 0xFF, 0xFF, 0xFF, 0xF2, 0x00, 0x00, 0x00, 0x00, 0x00, 0x00, 0xBF, 0xFF, 0xFF, 0xFF,
  0xFF, 0x80, 0x00, 0x00, 0x00, 0x00, 0x00, 0x1F, 0xFF, 0xFF, 0xFF, 0xFF, 0xFD, 0x00, 0x00, 0x00,
  0x00, 0x00, 0x07, 0xFF, 0xFF, 0xFF, 0xFF, 0xFF, 0xF3, 0x00, 0x00, 0x00, 0x00, 0x00, 0xDF, 0xFF,
  0xFF, 0xFF, 0xFF, 0xFF, 0x90, 0x00, 0x00, 0x00, 0x00, 0x3F, 0xFF, 0xFF, 0xFF, 0xFF, 0xDF, 0xFE,
  0x00, 0x00, 0x00, 0x00, 0x09, 0xFF, 0xFF, 0xFF, 0xFF, 0xF9, 0xFF, 0xF5, 0x00, 0x00, 0x00, 0x00,
  0xEF, 0xFA, 0xFF, 0xFF, 0xFF, 0x89, 0xFF, 0xB0, 0x00, 0x00, 0x00, 0x4F, 0xFB, 0x8F, 0xFF, 0xFF,
  0xF8, 0x3F, 0xFF, 0x10, 0x00, 0x00, 0x0A, 0xFF, 0x58, 0xFF, 0xFF, 0xFF, 0x80, 0xDF, 0xF6, 0x00,
  0x00, 0x01, 0xFF, 0xF0, 0x8F, 0xFF, 0xFF, 0xF8, 0x08, 0xFF, 0xC0, 0x00, 0x00, 0x6F, 0xF9, 0x08,
  0xFF, 0xFF, 0xFF, 0x80, 0x2F, 0xFF, 0x20, 0x00, 0x0C, 0xFF, 0x30, 0x8F, 0xFF, 0xFF, 0xF8, 0x00,
  0xCF, 0xF8, 0x00, 0x02, 0xFF, 0xD0, 0x08, 0xFF, 0xFF, 0xFF, 0x80, 0x06, 0xFF, 0xD0, 0x00, 0x8F,
  0xF7, 0x00, 0x8F, 0xFF, 0xFF, 0xF8, 0x00, 0x0F, 0xFF, 0x30, 0x0E, 0xFF, 0x20, 0x08, 0xFF, 0xFF,
  0xFF, 0x80, 0x00, 0xAF, 0xF9, 0x04, 0xFF, 0xB0, 0x00, 0x8F, 0xFF, 0xFF, 0xF8, 0x00, 0x04, 0xFF,
  0xF0, 0x9F, 0xF5, 0x00, 0x08, 0xFF, 0xFF, 0xFF, 0x80, 0x00, 0x0E, 0xFF, 0x6F, 0xFF, 0x00, 0x00,
  0x8F, 0xFF, 0xFF, 0xF8, 0x00, 0x00, 0x8F, 0xFE, 0xFF, 0x90, 0x00, 0x08, 0xFF, 0xFF, 0xFF, 0x80,
  0x00, 0x02, 0xFF, 0xFF, 0xF4, 0x00, 0x00, 0x8F, 0xFF, 0xFF, 0xF8, 0x00, 0x00, 0x0C, 0xFF, 0xFD,
  0x00, 0x00, 0x08, 0xFF, 0xFF, 0xFF, 0x80, 0x00, 0x00, 0x36, 0x66, 0x40, 0x00, 0x00, 0x8F, 0xFF,
  0xFF, 0xF8, 0x00, 0x00, 0x00, 0x00, 0x00, 0x00, 0x00, 0x08, 0xFF, 0xFF, 0xFF, 0x80, 0x00, 0x00,
  0x00, 0x00, 0x00, 0x00, 0x00, 0x8F, 0xFF, 0xFF, 0xF8, 0x00, 0x00, 0x00, 0x00, 0x00, 0x00, 0x00,
  0x08, 0xFF, 0xF0, 0xFF, 0xFF, 0xD0, 0x00, 0x00, 0x00, 0x00, 0x0F, 0xFF, 0x8F, 0xFF, 0xFF, 0x60,
  0x00, 0x00, 0x00, 0x00, 0xFF, 0xF8, 0xFF, 0xFF, 0xFE, 0x00, 0x00, 0x00, 0x00, 0x0F, 0xFF, 0x8F,
  0xFF, 0xFF, 0xF6, 0x00, 0x00, 0x00, 0x00, 0xFF, 0xF8, 0xFF, 0xFF, 0xFF, 0xE0, 0x00, 0x00, 0x00,
  0x0F, 0xFF, 0x8F, 0xFF, 0x9F, 0xFF, 0x70, 0x00, 0x00, 0x00, 0xFF, 0xF8, 0xFF, 0xF8, 0x8F, 0xFE,
  0x00, 0x00, 0x00, 0x0F, 0xFF, 0x8F, 0xFF, 0x81, 0xFF, 0xF7, 0x00, 0x00, 0x00, 0xFF, 0xF8, 0xFF,
  0xF8, 0x07, 0xFF, 0xE0, 0x00, 0x00, 0x0F, 0xFF, 0x8F, 0xFF, 0x80, 0x0E, 0xFF, 0x70, 0x00, 0x00,
  0xFF, 0xF8, 0xFF, 0xF8, 0x00, 0x7F, 0xFF, 0x10, 0x00, 0x0F, 0xFF, 0x8F, 0xFF, 0x80, 0x00, 0xEF,
  0xF8, 0x00, 0x00, 0xFF, 0xF8, 0xFF, 0xF8, 0x00, 0x07, 0xFF, 0xF1, 0x00, 0x0F, 0xFF, 0x8F, 0xFF,
  0x80, 0x00, 0x0E, 0xFF, 0x80, 0x00, 0xFF, 0xF8, 0xFF, 0xF8, 0x00, 0x00, 0x6F, 0xFF, 0x10, 0x0F,
  0xFF, 0x8F, 0xFF, 0x80, 0x00, 0x00, 0xEF, 0xF9, 0x00, 0xFF, 0xF8, 0xFF, 0xF8, 0x00, 0x00, 0x06,
  0xFF, 0xF1, 0x0F, 0xFF, 0x8F, 0xFF, 0x80, 0x00, 0x00, 0x0D, 0xFF, 0x90, 0xFF, 0xF8, 0xFF, 0xF8,
  0x00, 0x00, 0x00, 0x6F, 0xFF, 0x2F, 0xFF, 0x8F, 0xFF, 0x80, 0x00, 0x00, 0x00, 0xDF, 0xF9, 0xFF,
  0xF8, 0xFF, 0xF8, 0x00, 0x00, 0x00, 0x05, 0xFF, 0xFF, 0xFF, 0x8F, 0xFF, 0x80, 0x00, 0x00, 0x00,
  0x0D, 0xFF, 0xFF, 0xF8, 0xFF, 0xF8, 0x00, 0x00, 0x00, 0x00, 0x5F, 0xFF, 0xFF, 0x8F, 0xFF, 0x80,
  0x00, 0x00, 0x00, 0x00, 0xCF, 0xFF, 0xF8, 0xFF, 0xF8, 0x00, 0x00, 0x00, 0x00, 0x04, 0xFF, 0xFF,
  0x80, 0x00, 0x00, 0x04, 0x9C, 0xEF, 0xFD, 0xB7, 0x10, 0x00, 0x00, 0x00, 0x02, 0xCF, 0xFF, 0xFF,
  0xFF, 0xFF, 0xF8, 0x00, 0x00, 0x00, 0x4F, 0xFF, 0xFF, 0xDC, 0xCE, 0xFF, 0xFF, 0xB0, 0x00, 0x02,
  0xFF, 0xFF, 0x81, 0x00, 0x00, 0x4C, 0xFF, 0xF9, 0x00, 0x0C, 0xFF, 0xF4, 0x00, 0x00, 0x00, 0x00,
  0xBF, 0xFF, 0x40, 0x3F, 0xFF, 0x80, 0x00, 0x00, 0x00, 0x00, 0x1E, 0xFF, 0xB0, 0x8F, 0xFF, 0x10,
  0x00, 0x00, 0x00, 0x00, 0x08, 0xFF, 0xF1, 0xCF, 0xFC, 0x00, 0x00, 0x00, 0x00, 0x00, 0x04, 0xFF,
  0xF4, 0xEF, 0xF9, 0x00, 0x00, 0x00, 0x00, 0x00, 0x01, 0xFF, 0xF6, 0xFF, 0xF8, 0x00, 0x00, 0x00,
  0x00, 0x00, 0x00, 0xFF, 0xF8, 0xFF, 0xF8, 0x00, 0x00, 0x00, 0x00, 0x00, 0x00, 0xFF, 0xF8, 0xFF,
  0xF8, 0x00, 0x00, 0x00, 0x00, 0x00, 0x00, 0xFF, 0xF8, 0xFF, 0xF8, 0x00, 0x00, 0x00, 0x00, 0x00,
  0x00, 0xFF, 0xF8, 0xFF, 0xF8, 0x00, 0x00, 0x00, 0x00, 0x00, 0x00, 0xFF, 0xF8, 0xFF, 0xF8, 0x00,
  0x00, 0x00, 0x00, 0x00, 0x00, 0xFF, 0xF8, 0xFF, 0xF8, 0x00, 0x00, 0x00, 0x00, 0x00, 0x00, 0xFF,
  0xF8, 0xEF, 0xF9, 0x00, 0x00, 0x00, 0x00, 0x00, 0x01, 0xFF, 0xF7, 0xCF, 0xFC, 0x00, 0x00, 0x00,
  0x00, 0x00, 0x04, 0xFF, 0xF5, 0x9F, 0xFF, 0x10, 0x00, 0x00, 0x00, 0x00, 0x08, 0xFF, 0xF1, 0x3F,
  0xFF, 0x80, 0x00, 0x00, 0x00, 0x00, 0x1E, 0xFF, 0xC0, 0x0C, 0xFF, 0xF4, 0x00, 0x00, 0x00, 0x00,
  0xBF, 0xFF, 0x40, 0x02, 0xFF, 0xFF, 0x81, 0x00, 0x00, 0x4C, 0xFF, 0xFA, 0x00, 0x00, 0x4F, 0xFF,
  0xFF, 0xDC, 0xCE, 0xFF, 0xFF, 0xB0, 0x00, 0x00, 0x02, 0xCF, 0xFF, 0xFF, 0xFF, 0xFF, 0xF8, 0x00,
  0x00, 0x00, 0x00, 0x04, 0x9C, 0xEF, 0xFE, 0xB7, 0x10, 0x00, 0x00, 0xFF, 0xFF, 0xFF, 0xFF, 0xFD,
  0xA5, 0x00, 0x00, 0xFF, 0xFF, 0xFF, 0xFF, 0xFF, 0xFF, 0xE5, 0x00, 0xFF, 0xFE, 0xBB, 0xBB, 0xDF,
  0xFF, 0xFF, 0x60, 0xFF, 0xF8, 0x00, 0x00, 0x00, 0x7F, 0xFF, 0xF2, 0xFF, 0xF8, 0x00, 0x00, 0x00,
  0x04, 0xFF, 0xF9, 0xFF, 0xF8, 0x00, 0x00, 0x00, 0x00, 0xCF, 0xFD, 0xFF, 0xF8, 0x00, 0x00, 0x00,
  0x00, 0x9F, 0xFF, 0xFF, 0xF8, 0x00, 0x00, 0x00, 0x00, 0x8F, 0xFF, 0xFF, 0xF8, 0x00, 0x00, 0x00,
  0x00, 0x8F, 0xFF, 0xFF, 0xF8, 0x00, 0x00, 0x00, 0x00, 0x9F, 0xFF, 0xFF, 0xF8, 0x00, 0x00, 0x00,
  0x00, 0xDF, 0xFC, 0xFF, 0xF8, 0x00, 0x00, 0x00, 0x05, 0xFF, 0xF8, 0xFF, 0xF8, 0x00, 0x00, 0x01,
  0x8F, 0xFF, 0xE1, 0xFF, 0xFE, 0xBB, 0xBC, 0xDF, 0xFF, 0xFF, 0x30, 0xFF, 0xFF, 0xFF, 0xFF, 0xFF,
  0xFF, 0xC2, 0x00, 0xFF, 0xFF, 0xFF, 0xFF, 0xEC, 0x83, 0x00, 0x00, 0xFF, 0xF8, 0x00, 0x00, 0x00,
  0x00, 0x00, 0x00, 0xFF, 0xF8, 0x00, 0x00, 0x00, 0x00, 0x00, 0x00, 0xFF, 0xF8, 0x00, 0x00, 0x00,
  0x00, 0x00, 0x00, 0xFF, 0xF8, 0x00, 0x00, 0x00, 0x00, 0x00, 0x00, 0xFF, 0xF8, 0x00, 0x00, 0x00,
  0x00, 0x00, 0x00, 0xFF, 0xF8, 0x00, 0x00, 0x00, 0x00, 0x00, 0x00, 0xFF, 0xF8, 0x00, 0x00, 0x00,
  0x00, 0x00, 0x00, 0xFF, 0xF8, 0x00, 0x00, 0x00, 0x00, 0x00, 0x00, 0xFF, 0xF8, 0x00, 0x00, 0x00,
  0x00, 0x00, 0x00, 0x00, 0x00, 0x03, 0x8C, 0xEF, 0xFE, 0xC8, 0x30, 0x00, 0x00, 0x00, 0x00, 0x2C,
  0xFF, 0xFF, 0xFF, 0xFF, 0xFF, 0xC2, 0x00, 0x00, 0x00, 0x4F, 0xFF, 0xFF, 0xDC, 0xCD, 0xFF, 0xFF,
  0xF4, 0x00, 0x00, 0x2F, 0xFF, 0xF8, 0x10, 0x00, 0x01, 0x8F, 0xFF, 0xF2, 0x00, 0x0C, 0xFF, 0xF4,
  0x00, 0x00, 0x00, 0x00, 0x4F, 0xFF, 0xC0, 0x03, 0xFF, 0xF8, 0x00, 0x00, 0x00, 0x00, 0x00, 0x8F,
  0xFF, 0x30, 0x8F, 0xFF, 0x10, 0x00, 0x00, 0x00, 0x00, 0x01, 0xFF, 0xF8, 0x0C, 0xFF, 0xC0, 0x00,
  0x00, 0x00, 0x00, 0x00, 0x0C, 0xFF, 0xC0, 0xEF, 0xF9, 0x00, 0x00, 0x00, 0x00, 0x00, 0x00, 0x9F,
  0xFE, 0x0F, 0xFF, 0x80, 0x00, 0x00, 0x00, 0x00, 0x00, 0x08, 0xFF, 0xF0, 0xFF, 0xF8, 0x00, 0x00,
  0x00, 0x00, 0x00, 0x00, 0x8F, 0xFF, 0x0F, 0xFF, 0x80, 0x00, 0x00, 0x00, 0x00, 0x00, 0x08, 0xFF,
  0xF0, 0xFF, 0xF8, 0x00, 0x00, 0x00, 0x00, 0x00, 0x00, 0x8F, 0xFF, 0x0F, 0xFF, 0x80, 0x00, 0x00,
  0x00, 0x00, 0x00, 0x08, 0xFF, 0xF0, 0xFF, 0xF8, 0x00, 0x00, 0x00, 0x00, 0x00, 0x00, 0x8F, 0xFF,
  0x0F, 0xFF, 0x80, 0x00, 0x00, 0x00, 0x00, 0x00, 0x08, 0xFF, 0xF0, 0xEF, 0xF9, 0x00, 0x00, 0x00,
  0x00, 0x00, 0x00, 0x8F, 0xFE, 0x0C, 0xFF, 0xB0, 0x00, 0x00, 0x00, 0x06, 0x10, 0x0A, 0xFF, 0xD0,
  0x8F, 0xFF, 0x00, 0x00, 0x00, 0x1B, 0xFB, 0x00, 0xDF, 0xF9, 0x04, 0xFF, 0xF7, 0x00, 0x00, 0x03,
  0xFF, 0xF9, 0x2F, 0xFF, 0x40, 0x0C, 0xFF, 0xF3, 0x00, 0x00, 0x06, 0xFF, 0xFE, 0xFF, 0xC0, 0x00,
  0x2F, 0xFF, 0xF7, 0x10, 0x00, 0x09, 0xFF, 0xFF, 0xF3, 0x00, 0x00, 0x4F, 0xFF, 0xFF, 0xDC, 0xCD,
  0xFF, 0xFF, 0xF5, 0x00, 0x00, 0x00, 0x2C, 0xFF, 0xFF, 0xFF, 0xFF, 0xFF, 0xFF, 0xC0, 0x00, 0x00,
  0x00, 0x03, 0x8C, 0xEF, 0xFE, 0xC8, 0x5F, 0xFF, 0x90, 0x00, 0x00, 0x00, 0x00, 0x00, 0x00, 0x00,
  0x00, 0x6F, 0xFF, 0x60, 0x00, 0x00, 0x00, 0x00, 0x00, 0x00, 0x00, 0x00, 0xAF, 0xFF, 0x20, 0x00,
  0x00, 0x00, 0x00, 0x00, 0x00, 0x00, 0x00, 0xDF, 0x60, 0x00, 0x00, 0x00, 0x00, 0x00, 0x00, 0x00,
  0x00, 0x02, 0x30, 0x00, 0xFF, 0xFF, 0xFF, 0xFF, 0xFD, 0xA6, 0x00, 0x00, 0x00, 0xFF, 0xFF, 0xFF,
  0xFF, 0xFF, 0xFF, 0xE5, 0x00, 0x00, 0xFF, 0xFE, 0xBB, 0xBB, 0xCF, 0xFF, 0xFF, 0x70, 0x00, 0xFF,
  0xF8, 0x00, 0x00, 0x00, 0x6E, 0xFF, 0xF3, 0x00, 0xFF, 0xF8, 0x00, 0x00, 0x00, 0x03, 0xFF, 0xFA,
  0x00, 0xFF, 0xF8, 0x00, 0x00, 0x00, 0x00, 0xBF, 0xFE, 0x00, 0xFF, 0xF8, 0x00, 0x00, 0x00, 0x00,
  0x8F, 0xFF, 0x00, 0xFF, 0xF8, 0x00, 0x00, 0x00, 0x00, 0x8F, 0xFF, 0x00, 0xFF, 0xF8, 0x00, 0x00,
  0x00, 0x00, 0x8F, 0xFF, 0x00, 0xFF, 0xF8, 0x00, 0x00, 0x00, 0x00, 0xBF, 0xFE, 0x00, 0xFF, 0xF8,
  0x00, 0x00, 0x00, 0x02, 0xFF, 0xFA, 0x00, 0xFF, 0xF8, 0x00, 0x00, 0x00, 0x5E, 0xFF, 0xF3, 0x00,
  0xFF, 0xFE, 0xBB, 0xBB, 0xCF, 0xFF, 0xFF, 0x60, 0x00, 0xFF, 0xFF, 0xFF, 0xFF, 0xFF, 0xFF, 0xD4,
  0x00, 0x00, 0xFF, 0xFF, 0xFF, 0xFF, 0xFF, 0xF9, 0x00, 0x00, 0x00, 0xFF, 0xF8, 0x00, 0x00, 0xDF,
  0xFE, 0x00, 0x00, 0x00, 0xFF, 0xF8, 0x00, 0x00, 0x5F, 0xFF, 0x70, 0x00, 0x00, 0xFF, 0xF8, 0x00,
  0x00, 0x0C, 0xFF, 0xF1, 0x00, 0x00, 0xFF, 0xF8, 0x00, 0x00, 0x03, 0xFF, 0xF9, 0x00, 0x00, 0xFF,
  0xF8, 0x00, 0x00, 0x00, 0xBF, 0xFF, 0x20, 0x00, 0xFF, 0xF8, 0x00, 0x00, 0x00, 0x3F, 0xFF, 0xA0,
  0x00, 0xFF, 0xF8, 0x00, 0x00, 0x00, 0x0A, 0xFF, 0xF3, 0x00, 0xFF, 0xF8, 0x00, 0x00, 0x00, 0x02,
  0xFF, 0xFB, 0x00, 0xFF, 0xF8, 0x00, 0x00, 0x00, 0x00, 0x9F, 0xFF, 0x40, 0xFF, 0xF8, 0x00, 0x00,
  0x00, 0x00, 0x1F, 0xFF, 0xD0, 0x00, 0x00, 0x05, 0x9D, 0xEF, 0xED, 0xA6, 0x10, 0x00, 0x00, 0x04,
  0xDF, 0xFF, 0xFF, 0xFF, 0xFF, 0xF9, 0x10, 0x00, 0x6F, 0xFF, 0xFF, 0xCC, 0xCE, 0xFF, 0xFF, 0xE4,
  0x03, 0xFF, 0xFE, 0x50, 0x00, 0x00, 0x28, 0xFF, 0xF8, 0x0B, 0xFF, 0xF2, 0x00, 0x00, 0x00, 0x00,
  0x1B, 0x90, 0x0E, 0xFF, 0x90, 0x00, 0x00, 0x00, 0x00, 0x00, 0x00, 0x0F, 0xFF, 0x80, 0x00, 0x00,
  0x00, 0x00, 0x00, 0x00, 0x0F, 0xFF, 0xC0, 0x00, 0x00, 0x00, 0x00, 0x00, 0x00, 0x0B, 0xFF, 0xF8,
  0x00, 0x00, 0x00, 0x00, 0x00, 0x00, 0x04, 0xFF, 0xFF, 0xD6, 0x10, 0x00, 0x00, 0x00, 0x00, 0x00,
  0x8F, 0xFF, 0xFF, 0xFC, 0x72, 0x00, 0x00, 0x00, 0x00, 0x05, 0xEF, 0xFF, 0xFF, 0xFF, 0xC6, 0x00,
  0x00, 0x00, 0x00, 0x06, 0xCF, 0xFF, 0xFF, 0xFF, 0xE5, 0x00, 0x00, 0x00, 0x00, 0x02, 0x7C, 0xFF,
  0xFF, 0xFF, 0x80, 0x00, 0x00, 0x00, 0x00, 0x00, 0x17, 0xEF, 0xFF, 0xF4, 0x00, 0x00, 0x00, 0x00,
  0x00, 0x00, 0x0A, 0xFF, 0xFB, 0x00, 0x00, 0x00, 0x00, 0x00, 0x00, 0x00, 0xDF, 0xFE, 0x00, 0x00,
  0x00, 0x00, 0x00, 0x00, 0x00, 0x9F, 0xFF, 0x00, 0x00, 0x00, 0x00, 0x00, 0x00, 0x00, 0x8F, 0xFF,
  0x00, 0x00, 0x00, 0x00, 0x00, 0x00, 0x00, 0xCF, 0xFD, 0x09, 0xA1, 0x00, 0x00, 0x00, 0x00, 0x05,
  0xFF, 0xF9, 0x7F, 0xFF, 0x82, 0x00, 0x00, 0x02, 0x9F, 0xFF, 0xE1, 0x7F, 0xFF, 0xFF, 0xFC, 0xCC,
  0xEF, 0xFF, 0xFF, 0x30, 0x02, 0xAF, 0xFF, 0xFF, 0xFF, 0xFF, 0xFF, 0xB2, 0x00, 0x00, 0x02, 0x6A,
  0xDE, 0xFF, 0xDB, 0x73, 0x00, 0x00, 0xFF, 0xFF, 0xFF, 0xFF, 0xFF, 0xFF, 0xFF, 0xFF, 0xFF, 0xFF,
  0xFF, 0xFF, 0xFF, 0xFF, 0xFF, 0xFF, 0xFF, 0xFF, 0xBB, 0xBB, 0xBB, 0xBF, 0xFF, 0xEB, 0xBB, 0xBB,
  0xBB, 0x00, 0x00, 0x00, 0x0F, 0xFF, 0x80, 0x00, 0x00, 0x00, 0x00, 0x00, 0x00, 0x0F, 0xFF, 0x80,
  0x00, 0x00, 0x00, 0x00, 0x00, 0x00, 0x0F, 0xFF, 0x80, 0x00, 0x00, 0x00, 0x00, 0x00, 0x00, 0x0F,
  0xFF, 0x80, 0x00, 0x00, 0x00, 0x00, 0x00, 0x00, 0x0F, 0xFF, 0x80, 0x00, 0x00, 0x00, 0x00, 0x00,
  0x00, 0x0F, 0xFF, 0x80, 0x00, 0x00, 0x00, 0x00, 0x00, 0x00, 0x0F, 0xFF, 0x80, 0x00, 0x00, 0x00,
  0x00, 0x00, 0x00, 0x0F, 0xFF, 0x80, 0x00, 0x00, 0x00, 0x00, 0x00, 0x00, 0x0F, 0xFF, 0x80, 0x00,
  0x00, 0x00, 0x00, 0x00, 0x00, 0x0F, 0xFF, 0x80, 0x00, 0x00, 0x00, 0x00, 0x00, 0x00, 0x0F, 0xFF,
  0x80, 0x00, 0x00, 0x00, 0x00, 0x00, 0x00, 0x0F, 0xFF, 0x80, 0x00, 0x00, 0x00, 0x00, 0x00, 0x00,
  0x0F, 0xFF, 0x80, 0x00, 0x00, 0x00, 0x00, 0x00, 0x00, 0x0F, 0xFF, 0x80, 0x00, 0x00, 0x00, 0x00,
  0x00, 0x00, 0x0F, 0xFF, 0x80, 0x00, 0x00, 0x00, 0x00, 0x00, 0x00, 0x0F, 0xFF, 0x80, 0x00, 0x00,
  0x00, 0x00, 0x00, 0x00, 0x0F, 0xFF, 0x80, 0x00, 0x00, 0x00, 0x00, 0x00, 0x00, 0x0F, 0xFF, 0x80,
  0x00, 0x00, 0x00, 0x00, 0x00, 0x00, 0x0F, 0xFF, 0x80, 0x00, 0x00, 0x00, 0x00, 0x00, 0x00, 0x0F,
  0xFF, 0x80, 0x00, 0x00, 0x00, 0x00, 0x00, 0x00, 0x0F, 0xFF, 0x80, 0x00, 0x00, 0x00, 0x00, 0x00,
  0x00, 0x0F, 0xFF, 0x80, 0x00, 0x00, 0x00, 0xFF, 0xF8, 0x00, 0x00, 0x00, 0x00, 0x00, 0x0F, 0xFF,
  0x8F, 0xFF, 0x80, 0x00, 0x00, 0x00, 0x00, 0x00, 0xFF, 0xF8, 0xFF, 0xF8, 0x00, 0x00, 0x00, 0x00,
  0x00, 0x0F, 0xFF, 0x8F, 0xFF, 0x80, 0x00, 0x00, 0x00, 0x00, 0x00, 0xFF, 0xF8, 0xFF, 0xF8, 0x00,
  0x00, 0x00, 0x00, 0x00, 0x0F, 0xFF, 0x8F, 0xFF, 0x80, 0x00, 0x00, 0x00, 0x00, 0x00, 0xFF, 0xF8,
  0xFF, 0xF8, 0x00, 0x00, 0x00, 0x00, 0x00, 0x0F, 0xFF, 0x8F, 0xFF, 0x80, 0x00, 0x00, 0x00, 0x00,
  0x00, 0xFF, 0xF8, 0xFF, 0xF8, 0x00, 0x00, 0x00, 0x00, 0x00, 0x0F, 0xFF, 0x8F, 0xFF, 0x80, 0x00,
  0x00, 0x00, 0x00, 0x00, 0xFF, 0xF8, 0xFF, 0xF8, 0x00, 0x00, 0x00, 0x00, 0x00, 0x0F, 0xFF, 0x8F,
  0xFF, 0x80, 0x00, 0x00, 0x00, 0x00, 0x00, 0xFF, 0xF8, 0xFF, 0xF8, 0x00, 0x00, 0x00, 0x00, 0x00,
  0x0F, 0xFF, 0x8F, 0xFF, 0x80, 0x00, 0x00, 0x00, 0x00, 0x00, 0xFF, 0xF8, 0xFF, 0xF8, 0x00, 0x00,
  0x00, 0x00, 0x00, 0x0F, 0xFF, 0x8F, 0xFF, 0x80, 0x00, 0x00, 0x00, 0x00, 0x00, 0xFF, 0xF8, 0xFF,
  0xF8, 0x00, 0x00, 0x00, 0x00, 0x00, 0x0F, 0xFF, 0x8E, 0xFF, 0x90, 0x00, 0x00, 0x00, 0x00, 0x00,
  0xFF, 0xF7, 0xDF, 0xFB, 0x00, 0x00, 0x00, 0x00, 0x00, 0x3F, 0xFF, 0x58, 0xFF, 0xF1, 0x00, 0x00,
  0x00, 0x00, 0x09, 0xFF, 0xF1, 0x2F, 0xFF, 0xB0, 0x00, 0x00, 0x00, 0x03, 0xFF, 0xFA, 0x00, 0x9F,
  0xFF, 0xB3, 0x00, 0x00, 0x06, 0xFF, 0xFF, 0x20, 0x00, 0xCF, 0xFF, 0xFE, 0xCC, 0xDF, 0xFF, 0xFF,
  0x50, 0x00, 0x00, 0x8F, 0xFF, 0xFF, 0xFF, 0xFF, 0xFD, 0x30, 0x00, 0x00, 0x00, 0x17, 0xBE, 0xFF,
  0xED, 0x94, 0x00, 0x00, 0x00, 0x1F, 0xFF, 0xA0, 0x00, 0x00, 0x00, 0x00, 0x00, 0x08, 0xFF, 0xF2,
  0x0B, 0xFF, 0xF0, 0x00, 0x00, 0x00, 0x00, 0x00, 0x0D, 0xFF, 0xD0, 0x06, 0xFF, 0xF4, 0x00, 0x00,
  0x00, 0x00, 0x00, 0x2F, 0xFF, 0x80, 0x01, 0xFF, 0xF9, 0x00, 0x00, 0x00, 0x00, 0x00, 0x6F, 0xFF,
  0x30, 0x00, 0xCF, 0xFE, 0x00, 0x00, 0x00, 0x00, 0x00, 0xBF, 0xFE, 0x00, 0x00, 0x7F, 0xFF, 0x30,
  0x00, 0x00, 0x00, 0x00, 0xFF, 0xF9, 0x00, 0x00, 0x2F, 0xFF, 0x80, 0x00, 0x00, 0x00, 0x04, 0xFF,
  0xF5, 0x00, 0x00, 0x0D, 0xFF, 0xD0, 0x00, 0x00, 0x00, 0x09, 0xFF, 0xF0, 0x00, 0x00, 0x08, 0xFF,
  0xF2, 0x00, 0x00, 0x00, 0x0D, 0xFF, 0xB0, 0x00, 0x00, 0x02, 0xFF, 0xF6, 0x00, 0x00, 0x00, 0x2F,
  0xFF, 0x60, 0x00, 0x00, 0x00, 0xDF, 0xFB, 0x00, 0x00, 0x00, 0x7F, 0xFF, 0x10, 0x00, 0x00, 0x00,
  0x8F, 0xFF, 0x10, 0x00, 0x00, 0xBF, 0xFC, 0x00, 0x00, 0x00, 0x00, 0x3F, 0xFF, 0x50, 0x00, 0x00,
  0xFF, 0xF7, 0x00, 0x00, 0x00, 0x00, 0x0E, 0xFF, 0xA0, 0x00, 0x05, 0xFF, 0xF2, 0x00, 0x00, 0x00,
  0x00, 0x09, 0xFF, 0xF0, 0x00, 0x09, 0xFF, 0xD0, 0x00, 0x00, 0x00, 0x00, 0x04, 0xFF, 0xF4, 0x00,
  0x0E, 0xFF, 0x90, 0x00, 0x00, 0x00, 0x00, 0x00, 0xEF, 0xF9, 0x00, 0x3F, 0xFF, 0x40, 0x00, 0x00,
  0x00, 0x00, 0x00, 0x9F, 0xFE, 0x00, 0x7F, 0xFF, 0x00, 0x00, 0x00, 0x00, 0x00, 0x00, 0x4F, 0xFF,
  0x30, 0xCF, 0xFA, 0x00, 0x00, 0x00, 0x00, 0x00, 0x00, 0x0F, 0xFF, 0x81, 0xFF, 0xF5, 0x00, 0x00,
  0x00, 0x00, 0x00, 0x00, 0x0A, 0xFF, 0xD5, 0xFF, 0xF1, 0x00, 0x00, 0x00, 0x00, 0x00, 0x00, 0x05,
  0xFF, 0xFC, 0xFF, 0xB0, 0x00, 0x00, 0x00, 0x00, 0x00, 0x00, 0x00, 0xFF, 0xFF, 0xFF, 0x60, 0x00,
  0x00, 0x00, 0x00, 0x00, 0x00, 0x00, 0xBF, 0xFF, 0xFF, 0x20, 0x00, 0x00, 0x00, 0x00, 0x00, 0x00,
  0x00, 0x6F, 0xFF, 0xFD, 0x00, 0x00, 0x00, 0x00, 0x9F, 0xFF, 0x10, 0x00, 0x00, 0x00, 0xDF, 0xFF,
  0xF1, 0x00, 0x00, 0x00, 0x0D, 0xFF, 0xB7, 0xFF, 0xF3, 0x00, 0x00, 0x00, 0x0F, 0xFF, 0xFF, 0x50,
  0x00, 0x00, 0x00, 0xFF, 0xF8, 0x4F, 0xFF, 0x60, 0x00, 0x00, 0x04, 0xFF, 0xFF, 0xF8, 0x00, 0x00,
  0x00, 0x2F, 0xFF, 0x51, 0xFF, 0xF8, 0x00, 0x00, 0x00, 0x7F, 0xFE, 0xFF, 0xC0, 0x00, 0x00, 0x05,
  0xFF, 0xF2, 0x0E, 0xFF, 0xB0, 0x00, 0x00, 0x0B, 0xFF, 0x7F, 0xFF, 0x00, 0x00, 0x00, 0x7F, 0xFF,
  0x00, 0xBF, 0xFD, 0x00, 0x00, 0x00, 0xEF, 0xF1, 0xFF, 0xF3, 0x00, 0x00, 0x0A, 0xFF, 0xD0, 0x08,
  0xFF, 0xF0, 0x00, 0x00, 0x1F, 0xFD, 0x0C, 0xFF, 0x60, 0x00, 0x00, 0xCF, 0xFA, 0x00, 0x6F, 0xFF,
  0x30, 0x00, 0x05, 0xFF, 0xA0, 0x8F, 0xFA, 0x00, 0x00, 0x0E, 0xFF, 0x70, 0x03, 0xFF, 0xF5, 0x00,
  0x00, 0x8F, 0xF6, 0x05, 0xFF, 0xD0, 0x00, 0x01, 0xFF, 0xF4, 0x00, 0x0F, 0xFF, 0x80, 0x00, 0x0C,
  0xFF, 0x30, 0x1F, 0xFF, 0x10, 0x00, 0x3F, 0xFF, 0x10, 0x00, 0xDF, 0xFA, 0x00, 0x00, 0xFF, 0xF0,
  0x00, 0xEF, 0xF4, 0x00, 0x06, 0xFF, 0xF0, 0x00, 0x0A, 0xFF, 0xD0, 0x00, 0x3F, 0xFC, 0x00, 0x0A,
  0xFF, 0x80, 0x00, 0x8F, 0xFC, 0x00, 0x00, 0x8F, 0xFF, 0x00, 0x06, 0xFF, 0x90, 0x00, 0x7F, 0xFB,
  0x00, 0x0B, 0xFF, 0x90, 0x00, 0x05, 0xFF, 0xF2, 0x00, 0xAF, 0xF5, 0x00, 0x03, 0xFF, 0xF0, 0x00,
  0xDF, 0xF6, 0x00, 0x00, 0x2F, 0xFF, 0x40, 0x0D, 0xFF, 0x20, 0x00, 0x0F, 0xFF, 0x20, 0x0F, 0xFF,
  0x40, 0x00, 0x00, 0xFF, 0xF7, 0x01, 0xFF, 0xE0, 0x00, 0x00, 0xCF, 0xF6, 0x02, 0xFF, 0xF1, 0x00,
  0x00, 0x0C, 0xFF, 0x90, 0x4F, 0xFB, 0x00, 0x00, 0x09, 0xFF, 0xA0, 0x5F, 0xFE, 0x00, 0x00, 0x00,
  0x9F, 0xFC, 0x08, 0xFF, 0x70, 0x00, 0x00, 0x5F, 0xFD, 0x07, 0xFF, 0xB0, 0x00, 0x00, 0x07, 0xFF,
  0xF0, 0xBF, 0xF4, 0x00, 0x00, 0x02, 0xFF, 0xF1, 0x9F, 0xF8, 0x00, 0x00, 0x00, 0x4F, 0xFF, 0x1F,
  0xFF, 0x10, 0x00, 0x00, 0x0E, 0xFF, 0x4C, 0xFF, 0x60, 0x00, 0x00, 0x01, 0xFF, 0xF6, 0xFF, 0xD0,
  0x00, 0x00, 0x00, 0xBF, 0xF8, 0xEF, 0xF3, 0x00, 0x00, 0x00, 0x0E, 0xFF, 0xDF, 0xFA, 0x00, 0x00,
  0x00, 0x07, 0xFF, 0xDF, 0xFF, 0x00, 0x00, 0x00, 0x00, 0xBF, 0xFF, 0xFF, 0x60, 0x00, 0x00, 0x00,
  0x4F, 0xFF, 0xFF, 0xD0, 0x00, 0x00, 0x00, 0x09, 0xFF, 0xFF, 0xF3, 0x00, 0x00, 0x00, 0x01, 0xFF,
  0xFF, 0xFA, 0x00, 0x00, 0x00, 0x00, 0x6F, 0xFF, 0xFF, 0x00, 0x00, 0x00, 0x00, 0x0D, 0xFF, 0xFF,
  0x80, 0x00, 0x00, 0x06, 0xFF, 0xFA, 0x00, 0x00, 0x00, 0x00, 0x00, 0x5F, 0xFF, 0x70, 0x00, 0xCF,
  0xFF, 0x40, 0x00, 0x00, 0x00, 0x01, 0xEF, 0xFD, 0x00, 0x00, 0x2F, 0xFF, 0xD0, 0x00, 0x00, 0x00,
  0x0A, 0xFF, 0xF3, 0x00, 0x00, 0x07, 0xFF, 0xF8, 0x00, 0x00, 0x00, 0x4F, 0xFF, 0x80, 0x00, 0x00,
  0x00, 0xDF, 0xFF, 0x20, 0x00, 0x00, 0xEF, 0xFD, 0x00, 0x00, 0x00, 0x00, 0x3F, 0xFF, 0xC0, 0x00,
  0x09, 0xFF, 0xF3, 0x00, 0x00, 0x00, 0x00, 0x08, 0xFF, 0xF6, 0x00, 0x3F, 0xFF, 0x80, 0x00, 0x00,
  0x00, 0x00, 0x00, 0xDF, 0xFF, 0x10, 0xDF, 0xFD, 0x00, 0x00, 0x00, 0x00, 0x00, 0x00, 0x4F, 0xFF,
  0xB8, 0xFF, 0xF3, 0x00, 0x00, 0x00, 0x00, 0x00, 0x00, 0x09, 0xFF, 0xFF, 0xFF, 0x80, 0x00, 0x00,
  0x00, 0x00, 0x00, 0x00, 0x00, 0xEF, 0xFF, 0xFD, 0x00, 0x00, 0x00, 0x00, 0x00, 0x00, 0x00, 0x00,
  0x6F, 0xFF, 0xF7, 0x00, 0x00, 0x00, 0x00, 0x00, 0x00, 0x00, 0x00, 0xCF, 0xFF, 0xFE, 0x10, 0x00,
  0x00, 0x00, 0x00, 0x00, 0x00, 0x06, 0xFF, 0xFF, 0xFF, 0x90, 0x00, 0x00, 0x00, 0x00, 0x00, 0x00,
  0x1E, 0xFF, 0xCB, 0xFF, 0xF3, 0x00, 0x00, 0x00, 0x00, 0x00, 0x00, 0xAF, 0xFF, 0x32, 0xFF, 0xFD,
  0x00, 0x00, 0x00, 0x00, 0x00, 0x04, 0xFF, 0xF9, 0x00, 0x8F, 0xFF, 0x70, 0x00, 0x00, 0x00, 0x00,
  0x0D, 0xFF, 0xE1, 0x00, 0x0E, 0xFF, 0xF1, 0x00, 0x00, 0x00, 0x00, 0x8F, 0xFF, 0x50, 0x00, 0x05,
  0xFF, 0xFB, 0x00, 0x00, 0x00, 0x02, 0xFF, 0xFC, 0x00, 0x00, 0x00, 0xBF, 0xFF, 0x50, 0x00, 0x00,
  0x0C, 0xFF, 0xF2, 0x00, 0x00, 0x00, 0x2F, 0xFF, 0xE0, 0x00, 0x00, 0x6F, 0xFF, 0x80, 0x00, 0x00,
  0x00, 0x07, 0xFF, 0xF8, 0x00, 0x01, 0xEF, 0xFE, 0x00, 0x00, 0x00, 0x00, 0x00, 0xDF, 0xFF, 0x20,
  0x0A, 0xFF, 0xF5, 0x00, 0x00, 0x00, 0x00, 0x00, 0x4F, 0xFF, 0xC0, 0x4F, 0xFF, 0xB0, 0x00, 0x00,
  0x00, 0x00, 0x00, 0x0A, 0xFF, 0xF6, 0xBF, 0xFF, 0x10, 0x00, 0x00, 0x00, 0x00, 0x06, 0xFF, 0xF3,
  0x2F, 0xFF, 0x90, 0x00, 0x00, 0x00, 0x00, 0x0D, 0xFF, 0xA0, 0x09, 0xFF, 0xF1, 0x00, 0x00, 0x00,
  0x00, 0x6F, 0xFF, 0x20, 0x01, 0xFF, 0xF9, 0x00, 0x00, 0x00, 0x00, 0xEF, 0xF9, 0x00, 0x00, 0x8F,
  0xFF, 0x20, 0x00, 0x00, 0x06, 0xFF, 0xF1, 0x00, 0x00, 0x0E, 0xFF, 0xA0, 0x00, 0x00, 0x0E, 0xFF,
  0x80, 0x00, 0x00, 0x07, 0xFF, 0xF2, 0x00, 0x00, 0x7F, 0xFE, 0x00, 0x00, 0x00, 0x00, 0xDF, 0xFA,
  0x00, 0x00, 0xEF, 0xF6, 0x00, 0x00, 0x00, 0x00, 0x5F, 0xFF, 0x30, 0x07, 0xFF, 0xD0, 0x00, 0x00,
  0x00, 0x00, 0x0C, 0xFF, 0xB0, 0x0E, 0xFF, 0x50, 0x00, 0x00, 0x00, 0x00, 0x04, 0xFF, 0xF3, 0x7F,
  0xFC, 0x00, 0x00, 0x00, 0x00, 0x00, 0x00, 0xBF, 0xFC, 0xEF, 0xF4, 0x00, 0x00, 0x00, 0x00, 0x00,
  0x00, 0x3F, 0xFF, 0xFF, 0xB0, 0x00, 0x00, 0x00, 0x00, 0x00, 0x00, 0x0A, 0xFF, 0xFF, 0x20, 0x00,
  0x00, 0x00, 0x00, 0x00, 0x00, 0x01, 0xFF, 0xFA, 0x00, 0x00, 0x00, 0x00, 0x00, 0x00, 0x00, 0x00,
  0xFF, 0xF8, 0x00, 0x00, 0x00, 0x00, 0x00, 0x00, 0x00, 0x00, 0xFF, 0xF8, 0x00, 0x00, 0x00, 0x00,
  0x00, 0x00, 0x00, 0x00, 0xFF, 0xF8, 0x00, 0x00, 0x00, 0x00, 0x00, 0x00, 0x00, 0x00, 0xFF, 0xF8,
  0x00, 0x00, 0x00, 0x00, 0x00, 0x00, 0x00, 0x00, 0xFF, 0xF8, 0x00, 0x00, 0x00, 0x00, 0x00, 0x00,
  0x00, 0x00, 0xFF, 0xF8, 0x00, 0x00, 0x00, 0x00, 0x00, 0x00, 0x00, 0x00, 0xFF, 0xF8, 0x00, 0x00,
  0x00, 0x00, 0x00, 0x00, 0x00, 0x00, 0xFF, 0xF8, 0x00, 0x00, 0x00, 0x00, 0x00, 0x00, 0x00, 0x00,
  0xFF, 0xF8, 0x00, 0x00, 0x00, 0x00, 0x00, 0x00, 0x00, 0x00, 0xFF, 0xF8, 0x00, 0x00, 0x00, 0x00,
  0xFF, 0xFF, 0xFF, 0xFF, 0xFF, 0xFF, 0xFF, 0xFF, 0x0F, 0xFF, 0xFF, 0xFF, 0xFF, 0xFF, 0xFF, 0xFF,
  0xF0, 0xBB, 0xBB, 0xBB, 0xBB, 0xBB, 0xBB, 0xFF, 0xFF, 0x00, 0x00, 0x00, 0x00, 0x00, 0x00, 0x6F,
  0xFF, 0x60, 0x00, 0x00, 0x00, 0x00, 0x00, 0x1E, 0xFF, 0xC0, 0x00, 0x00, 0x00, 0x00, 0x00, 0x0A,
  0xFF, 0xF2, 0x00, 0x00, 0x00, 0x00, 0x00, 0x03, 0xFF, 0xF7, 0x00, 0x00, 0x00, 0x00, 0x00, 0x00,
  0xDF, 0xFD, 0x00, 0x00, 0x00, 0x00, 0x00, 0x00, 0x7F, 0xFF, 0x30, 0x00, 0x00, 0x00, 0x00, 0x00,
  0x1F, 0xFF, 0x90, 0x00, 0x00, 0x00, 0x00, 0x00, 0x0B, 0xFF, 0xE0, 0x00, 0x00, 0x00, 0x00, 0x00,
  0x04, 0xFF, 0xF4, 0x00, 0x00, 0x00, 0x00, 0x00, 0x00, 0xEF, 0xFA, 0x00, 0x00, 0x00, 0x00, 0x00,
  0x00, 0x8F, 0xFE, 0x10, 0x00, 0x00, 0x00, 0x00, 0x00, 0x2F, 0xFF, 0x50, 0x00, 0x00, 0x00, 0x00,
  0x00, 0x0C, 0xFF, 0xB0, 0x00, 0x00, 0x00, 0x00, 0x00, 0x05, 0xFF, 0xF1, 0x00, 0x00, 0x00, 0x00,
  0x00, 0x01, 0xEF, 0xF6, 0x00, 0x00, 0x00, 0x00, 0x00, 0x00, 0x9F, 0xFC, 0x00, 0x00, 0x00, 0x00,
  0x00, 0x00, 0x3F, 0xFF, 0x20, 0x00, 0x00, 0x00, 0x00, 0x00, 0x0C, 0xFF, 0x80, 0x00, 0x00, 0x00,
  0x00, 0x00, 0x06, 0xFF, 0xD0, 0x00, 0x00, 0x00, 0x00, 0x00, 0x00, 0xFF, 0xFD, 0xBB, 0xBB, 0xBB,
  0xBB, 0xBB, 0xBB, 0xBF, 0xFF, 0xFF, 0xFF, 0xFF, 0xFF, 0xFF, 0xFF, 0xFF, 0xFF, 0xFF, 0xFF, 0xFF,
  0xFF, 0xFF, 0xFF, 0xFF, 0xF0, 0xFF, 0xFF, 0xFF, 0xFF, 0xFF, 0xFF, 0xFF, 0xFF, 0xFF, 0xFE, 0xBB,
  0xBB, 0xFF, 0xF8, 0x00, 0x00, 0xFF, 0xF8, 0x00, 0x00, 0xFF, 0xF8, 0x00, 0x00, 0xFF, 0xF8, 0x00,
  0x00, 0xFF, 0xF8, 0x00, 0x00, 0xFF, 0xF8, 0x00, 0x00, 0xFF, 0xF8, 0x00, 0x00, 0xFF, 0xF8, 0x00,
  0x00, 0xFF, 0xF8, 0x00, 0x00, 0xFF, 0xF8, 0x00, 0x00, 0xFF, 0xF8, 0x00, 0x00, 0xFF, 0xF8, 0x00,
  0x00, 0xFF, 0xF8, 0x00, 0x00, 0xFF, 0xF8, 0x00, 0x00, 0xFF, 0xF8, 0x00, 0x00, 0xFF, 0xF8, 0x00,
  0x00, 0xFF, 0xF8, 0x00, 0x00, 0xFF, 0xF8, 0x00, 0x00, 0xFF, 0xF8, 0x00, 0x00, 0xFF, 0xF8, 0x00,
  0x00, 0xFF, 0xF8, 0x00, 0x00, 0xFF, 0xF8, 0x00, 0x00, 0xFF, 0xF8, 0x00, 0x00, 0xFF, 0xF8, 0x00,
  0x00, 0xFF, 0xF8, 0x00, 0x00, 0xFF, 0xF8, 0x00, 0x00, 0xFF, 0xF8, 0x00, 0x00, 0xFF, 0xFE, 0xBB,
  0xBB, 0xFF, 0xFF, 0xFF, 0xFF, 0xFF, 0xFF, 0xFF, 0xFF, 0x04, 0x8B, 0x00, 0x00, 0x00, 0x00, 0x00,
  0x00, 0x2F, 0xFF, 0x30, 0x00, 0x00, 0x00, 0x00, 0x00, 0x0C, 0xFF, 0x80, 0x00, 0x00, 0x00, 0x00,
  0x00, 0x06, 0xFF, 0xE0, 0x00, 0x00, 0x00, 0x00, 0x00, 0x01, 0xFF, 0xF4, 0x00, 0x00, 0x00, 0x00,
  0x00, 0x00, 0xBF, 0xFA, 0x00, 0x00, 0x00, 0x00, 0x00, 0x00, 0x5F, 0xFF, 0x10, 0x00, 0x00, 0x00,
  0x00, 0x00, 0x0E, 0xFF, 0x60, 0x00, 0x00, 0x00, 0x00, 0x00, 0x09, 0xFF, 0xC0, 0x00, 0x00, 0x00,
  0x00, 0x00, 0x03, 0xFF, 0xF2, 0x00, 0x00, 0x00, 0x00, 0x00, 0x00, 0xDF, 0xF8, 0x00, 0x00, 0x00,
  0x00, 0x00, 0x00, 0x7F, 0xFE, 0x00, 0x00, 0x00, 0x00, 0x00, 0x00, 0x1F, 0xFF, 0x40, 0x00, 0x00,
  0x00, 0x00, 0x00, 0x0B, 0xFF, 0xA0, 0x00, 0x00, 0x00, 0x00, 0x00, 0x05, 0xFF, 0xF0, 0x00, 0x00,
  0x00, 0x00, 0x00, 0x00, 0xFF, 0xF5, 0x00, 0x00, 0x00, 0x00, 0x00, 0x00, 0x9F, 0xFB, 0x00, 0x00,
  0x00, 0x00, 0x00, 0x00, 0x3F, 0xFF, 0x10, 0x00, 0x00, 0x00, 0x00, 0x00, 0x0D, 0xFF, 0x70, 0x00,
  0x00, 0x00, 0x00, 0x00, 0x07, 0xFF, 0xD0, 0x00, 0x00, 0x00, 0x00, 0x00, 0x02, 0xFF, 0xF3, 0x00,
  0x00, 0x00, 0x00, 0x00, 0x00, 0xCF, 0xF9, 0x00, 0x00, 0x00, 0x00, 0x00, 0x00, 0x6F, 0xFE, 0x00,
  0x00, 0x00, 0x00, 0x00, 0x00, 0x0F, 0xFF, 0x50, 0x00, 0x00, 0x00, 0x00, 0x00, 0x0A, 0xFF, 0xB0,
  0x00, 0x00, 0x00, 0x00, 0x00, 0x04, 0xFF, 0xF1, 0x00, 0x00, 0x00, 0x00, 0x00, 0x00, 0xEF, 0xF7,
  0x00, 0x00, 0x00, 0x00, 0x00, 0x00, 0x8F, 0xFD, 0x00, 0x00, 0x00, 0x00, 0x00, 0x00, 0x2F, 0xFF,
  0x20, 0x00, 0x00, 0x00, 0x00, 0x00, 0x0C, 0xFF, 0x80, 0x00, 0x00, 0x00, 0x00, 0x00, 0x06, 0xFF,
  0xE0, 0x00, 0x00, 0x00, 0x00, 0x00, 0x01, 0xFF, 0xF4, 0x00, 0x00, 0x00, 0x00, 0x00, 0x00, 0x88,
  0x30, 0x8F, 0xFF, 0xFF, 0xFF, 0x88, 0xFF, 0xFF, 0xFF, 0xF8, 0x5B, 0xBB, 0xBF, 0xFF, 0x80, 0x00,
  0x00, 0xFF, 0xF8, 0x00, 0x00, 0x0F, 0xFF, 0x80, 0x00, 0x00, 0xFF, 0xF8, 0x00, 0x00, 0x0F, 0xFF,
  0x80, 0x00, 0x00, 0xFF, 0xF8, 0x00, 0x00, 0x0F, 0xFF, 0x80, 0x00, 0x00, 0xFF, 0xF8, 0x00, 0x00,
  0x0F, 0xFF, 0x80, 0x00, 0x00, 0xFF, 0xF8, 0x00, 0x00, 0x0F, 0xFF, 0x80, 0x00, 0x00, 0xFF, 0xF8,
  0x00, 0x00, 0x0F, 0xFF, 0x80, 0x00, 0x00, 0xFF, 0xF8, 0x00, 0x00, 0x0F, 0xFF, 0x80, 0x00, 0x00,
  0xFF, 0xF8, 0x00, 0x00, 0x0F, 0xFF, 0x80, 0x00, 0x00, 0xFF, 0xF8, 0x00, 0x00, 0x0F, 0xFF, 0x80,
  0x00, 0x00, 0xFF, 0xF8, 0x00, 0x00, 0x0F, 0xFF, 0x80, 0x00, 0x00, 0xFF, 0xF8, 0x00, 0x00, 0x0F,
  0xFF, 0x80, 0x00, 0x00, 0xFF, 0xF8, 0x00, 0x00, 0x0F, 0xFF, 0x80, 0x00, 0x00, 0xFF, 0xF8, 0x00,
  0x00, 0x0F, 0xFF, 0x80, 0x00, 0x00, 0xFF, 0xF8, 0x5B, 0xBB, 0xBF, 0xFF, 0x88, 0xFF, 0xFF, 0xFF,
  0xF8, 0x8F, 0xFF, 0xFF, 0xFF, 0x80, 0x00, 0x00, 0x00, 0x6F, 0xFF, 0x80, 0x00, 0x00, 0x00, 0x00,
  0x00, 0x0E, 0xFF, 0xFF, 0x20, 0x00, 0x00, 0x00, 0x00, 0x08, 0xFF, 0xFF, 0xFB, 0x00, 0x00, 0x00,
  0x00, 0x02, 0xFF, 0xF4, 0xFF, 0xF4, 0x00, 0x00, 0x00, 0x00, 0xAF, 0xF9, 0x08, 0xFF, 0xD0, 0x00,
  0x00, 0x00, 0x4F, 0xFF, 0x10, 0x0E, 0xFF, 0x60, 0x00, 0x00, 0x0C, 0xFF, 0x80, 0x00, 0x6F, 0xFE,
  0x10, 0x00, 0x06, 0xFF, 0xE0, 0x00, 0x00, 0xDF, 0xF9, 0x00, 0x00, 0xEF, 0xF7, 0x00, 0x00, 0x05,
  0xFF, 0xF2, 0x00, 0x8F, 0xFE, 0x00, 0x00, 0x00, 0x0C, 0xFF, 0xB0, 0x2F, 0xFF, 0x50, 0x00, 0x00,
  0x00, 0x3F, 0xFF, 0x40, 0xBB, 0xBB, 0xBB, 0xBB, 0xBB, 0xBB, 0xBB, 0xBB, 0xBB, 0xFF, 0xFF, 0xFF,
  0xFF, 0xFF, 0xFF, 0xFF, 0xFF, 0xFF, 0xFF, 0xFF, 0xFF, 0xFF, 0xFF, 0xFF, 0xFF, 0xFF, 0xFF, 0x00,
  0xA2, 0x00, 0x00, 0x00, 0x08, 0xFF, 0xA2, 0x00, 0x00, 0x0C, 0xFF, 0xFF, 0x91, 0x00, 0x00, 0x4B,
  0xFF, 0xFF, 0x80, 0x00, 0x00, 0x29, 0xFF, 0xD0, 0x00, 0x00, 0x00, 0x17, 0x40, 0x00, 0x03, 0x8B,
  0xEF, 0xFE, 0xB6, 0x00, 0x00, 0x4C, 0xFF, 0xFF, 0xFF, 0xFF, 0xFD, 0x20, 0x08, 0xFF, 0xFF, 0xDC,
  0xDF, 0xFF, 0xFD, 0x00, 0x1D, 0x83, 0x00, 0x00, 0x08, 0xFF, 0xF7, 0x00, 0x00, 0x00, 0x00, 0x00,
  0x0C, 0xFF, 0xC0, 0x00, 0x00, 0x00, 0x00, 0x00, 0x9F, 0xFE, 0x00, 0x00, 0x00, 0x00, 0x00, 0x08,
  0xFF, 0xF0, 0x00, 0x49, 0xCE, 0xFF, 0xFF, 0xFF, 0xFF, 0x01, 0xCF, 0xFF, 0xFF, 0xFF, 0xFF, 0xFF,
  0xF1, 0xEF, 0xFF, 0xFD, 0xCB, 0xBB, 0xEF, 0xFF, 0x9F, 0xFF, 0xA1, 0x00, 0x00, 0x08, 0xFF, 0xFE,
  0xFF, 0xD0, 0x00, 0x00, 0x00, 0x8F, 0xFF, 0xFF, 0xF9, 0x00, 0x00, 0x00, 0x08, 0xFF, 0xFF, 0xFF,
  0x80, 0x00, 0x00, 0x00, 0x8F, 0xFF, 0xEF, 0xFB, 0x00, 0x00, 0x00, 0x1C, 0xFF, 0xFA, 0xFF, 0xF7,
  0x00, 0x00, 0x5E, 0xFF, 0xFF, 0x2F, 0xFF, 0xFE, 0xCC, 0xFF, 0xFF, 0xFF, 0xF0, 0x4E, 0xFF, 0xFF,
  0xFF, 0xFC, 0x2F, 0xFF, 0x00, 0x17, 0xCF, 0xFE, 0xA4, 0x00, 0xEF, 0xF0, 0xFF, 0xF8, 0x00, 0x00,
  0x00, 0x00, 0x00, 0x00, 0xFF, 0xF8, 0x00, 0x00, 0x00, 0x00, 0x00, 0x00, 0xFF, 0xF8, 0x00, 0x00,
  0x00, 0x00, 0x00, 0x00, 0xFF, 0xF8, 0x00, 0x00, 0x00, 0x00, 0x00, 0x00, 0xFF, 0xF8, 0x00, 0x00,
  0x00, 0x00, 0x00, 0x00, 0xFF, 0xF8, 0x00, 0x00, 0x00, 0x00, 0x00, 0x00, 0xFF, 0xF8, 0x00, 0x00,
  0x00, 0x00, 0x00, 0x00, 0xFF, 0xF8, 0x05, 0xBE, 0xFE, 0xB5, 0x00, 0x00, 0xFF, 0xF9, 0xCF, 0xFF,
  0xFF, 0xFF, 0xA0, 0x00, 0xFF, 0xFF, 0xFF, 0xEC, 0xCF, 0xFF, 0xFA, 0x00, 0xFF, 0xFF, 0xE5, 0x00,
  0x01, 0xBF, 0xFF, 0x50, 0xFF, 0xFD, 0x10, 0x00, 0x00, 0x0D, 0xFF, 0xC0, 0xFF, 0xF8, 0x00, 0x00,
  0x00, 0x06, 0xFF, 0xF1, 0xFF, 0xF8, 0x00, 0x00, 0x00, 0x02, 0xFF, 0xF5, 0xFF, 0xF8, 0x00, 0x00,
  0x00, 0x00, 0xFF, 0xF6, 0xFF, 0xF8, 0x00, 0x00, 0x00, 0x00, 0xFF, 0xF8, 0xFF, 0xF8, 0x00, 0x00,
  0x00, 0x00, 0xFF, 0xF8, 0xFF, 0xF8, 0x00, 0x00, 0x00, 0x00, 0xFF, 0xF8, 0xFF, 0xF8, 0x00, 0x00,
  0x00, 0x01, 0xFF, 0xF7, 0xFF, 0xF8, 0x00, 0x00, 0x00, 0x03, 0xFF, 0xF4, 0xFF, 0xF8, 0x00, 0x00,
  0x00, 0x08, 0xFF, 0xF0, 0xFF, 0xFA, 0x00, 0x00, 0x00, 0x1F, 0xFF, 0x90, 0xFF, 0xFF, 0xA2, 0x00,
  0x03, 0xDF, 0xFE, 0x10, 0xFF, 0xFF, 0xFF, 0xDC, 0xDF, 0xFF, 0xF5, 0x00, 0xFF, 0xF7, 0xFF, 0xFF,
  0xFF, 0xFF, 0x40, 0x00, 0xFF, 0xE0, 0x18, 0xDF, 0xFD, 0x81, 0x00, 0x00, 0x00, 0x00, 0x49, 0xDE,
  0xFE, 0xB6, 0x00, 0x00, 0x01, 0xBF, 0xFF, 0xFF, 0xFF, 0xFE, 0x40, 0x00, 0xDF, 0xFF, 0xFD, 0xCD,
  0xFF, 0xFF, 0x10, 0xAF, 0xFF, 0xA1, 0x00, 0x01, 0x8F, 0x40, 0x2F, 0xFF, 0xA0, 0x00, 0x00, 0x00,
  0x10, 0x08, 0xFF, 0xF1, 0x00, 0x00, 0x00, 0x00, 0x00, 0xCF, 0xFC, 0x00, 0x00, 0x00, 0x00, 0x00,
  0x0E, 0xFF, 0x90, 0x00, 0x00, 0x00, 0x00, 0x00, 0xFF, 0xF8, 0x00, 0x00, 0x00, 0x00, 0x00, 0x0F,
  0xFF, 0x80, 0x00, 0x00, 0x00, 0x00, 0x00, 0xFF, 0xF8, 0x00, 0x00, 0x00, 0x00, 0x00, 0x0E, 0xFF,
  0x90, 0x00, 0x00, 0x00, 0x00, 0x00, 0xCF, 0xFC, 0x00, 0x00, 0x00, 0x00, 0x00, 0x07, 0xFF, 0xF1,
  0x00, 0x00, 0x00, 0x00, 0x00, 0x2F, 0xFF, 0xA0, 0x00, 0x00, 0x00, 0x10, 0x00, 0x8F, 0xFF, 0x91,
  0x00, 0x01, 0x9F, 0x20, 0x00, 0xCF, 0xFF, 0xFC, 0xCD, 0xFF, 0xFD, 0x00, 0x00, 0xAF, 0xFF, 0xFF,
  0xFF, 0xFE, 0x50, 0x00, 0x00, 0x39, 0xDF, 0xFE, 0xB6, 0x00, 0x00, 0x00, 0x00, 0x00, 0x00, 0x00,
  0x00, 0xFF, 0xF8, 0x00, 0x00, 0x00, 0x00, 0x00, 0x00, 0xFF, 0xF8, 0x00, 0x00, 0x00, 0x00, 0x00,
  0x00, 0xFF, 0xF8, 0x00, 0x00, 0x00, 0x00, 0x00, 0x00, 0xFF, 0xF8, 0x00, 0x00, 0x00, 0x00, 0x00,
  0x00, 0xFF, 0xF8, 0x00, 0x00, 0x00, 0x00, 0x00, 0x00, 0xFF, 0xF8, 0x00, 0x00, 0x00, 0x00, 0x00,
  0x00, 0xFF, 0xF8, 0x00, 0x00, 0x5B, 0xEF, 0xEB, 0x50, 0xFF, 0xF8, 0x00, 0x1C, 0xFF, 0xFF, 0xFF,
  0xFA, 0xFF, 0xF8, 0x01, 0xDF, 0xFF, 0xFC, 0xCF, 0xFF, 0xFF, 0xF8, 0x0A, 0xFF, 0xF8, 0x00, 0x00,
  0x5E, 0xFF, 0xF8, 0x2F, 0xFF, 0x90, 0x00, 0x00, 0x02, 0xFF, 0xF8, 0x8F, 0xFF, 0x10, 0x00, 0x00,
  0x00, 0xFF, 0xF8, 0xCF, 0xFB, 0x00, 0x00, 0x00, 0x00, 0xFF, 0xF8, 0xEF, 0xF9, 0x00, 0x00, 0x00,
  0x00, 0xFF, 0xF8, 0xFF, 0xF8, 0x00, 0x00, 0x00, 0x00, 0xFF, 0xF8, 0xFF, 0xF8, 0x00, 0x00, 0x00,
  0x00, 0xFF, 0xF8, 0xFF, 0xF8, 0x00, 0x00, 0x00, 0x00, 0xFF, 0xF8, 0xEF, 0xF9, 0x00, 0x00, 0x00,
  0x00, 0xFF, 0xF8, 0xCF, 0xFB, 0x00, 0x00, 0x00, 0x00, 0xFF, 0xF8, 0x8F, 0xFF, 0x00, 0x00, 0x00,
  0x00, 0xFF, 0xF8, 0x3F, 0xFF, 0x70, 0x00, 0x00, 0x08, 0xFF, 0xF8, 0x0B, 0xFF, 0xF6, 0x00, 0x01,
  0xAF, 0xFF, 0xF8, 0x01, 0xEF, 0xFF, 0xEC, 0xDF, 0xFF, 0xEF, 0xF8, 0x00, 0x2D, 0xFF, 0xFF, 0xFF,
  0xF5, 0x8F, 0xF8, 0x00, 0x00, 0x7C, 0xFF, 0xD9, 0x20, 0x6F, 0xF8, 0x00, 0x00, 0x39, 0xDF, 0xFE,
  0xA5, 0x00, 0x00, 0x00, 0x09, 0xFF, 0xFF, 0xFF, 0xFF, 0xD2, 0x00, 0x00, 0xCF, 0xFF, 0xEC, 0xCF,
  0xFF, 0xFE, 0x10, 0x08, 0xFF, 0xF6, 0x00, 0x00, 0x7F, 0xFF, 0xC0, 0x2F, 0xFF, 0x60, 0x00, 0x00,
  0x06, 0xFF, 0xF3, 0x7F, 0xFE, 0x00, 0x00, 0x00, 0x00, 0xEF, 0xF9, 0xCF, 0xFA, 0x00, 0x00, 0x00,
  0x00, 0xAF, 0xFC, 0xEF, 0xF8, 0x00, 0x00, 0x00, 0x00, 0x8F, 0xFE, 0xFF, 0xFF, 0xFF, 0xFF, 0xFF,
  0xFF, 0xFF, 0xFF, 0xFF, 0xFF, 0xFF, 0xFF, 0xFF, 0xFF, 0xFF, 0xFF, 0xFF, 0xFE, 0xBB, 0xBB, 0xBB,
  0xBB, 0xBB, 0xBA, 0xEF, 0xF9, 0x00, 0x00, 0x00, 0x00, 0x00, 0x00, 0xCF, 0xFB, 0x00, 0x00, 0x00,
  0x00, 0x00, 0x00, 0x8F, 0xFF, 0x00, 0x00, 0x00, 0x00, 0x00, 0x00, 0x2F, 0xFF, 0x80, 0x00, 0x00,
  0x00, 0x01, 0x00, 0x07, 0xFF, 0xF9, 0x10, 0x00, 0x03, 0xAF, 0x20, 0x00, 0xBF, 0xFF, 0xFD, 0xCC,
  0xEF, 0xFF, 0xC0, 0x00, 0x08, 0xFF, 0xFF, 0xFF, 0xFF, 0xFD, 0x30, 0x00, 0x00, 0x28, 0xCE, 0xFE,
  0xD9, 0x40, 0x00, 0x00, 0x00, 0x17, 0xCE, 0xFF, 0xD9, 0x00, 0x03, 0xEF, 0xFF, 0xFF, 0xFB, 0x00,
  0x0E, 0xFF, 0xFE, 0xCC, 0xE8, 0x00, 0x5F, 0xFF, 0x80, 0x00, 0x00, 0x00, 0x7F, 0xFF, 0x10, 0x00,
  0x00, 0x00, 0x8F, 0xFF, 0x00, 0x00, 0x00, 0x00, 0x8F, 0xFF, 0x00, 0x00, 0x00, 0xFF, 0xFF, 0xFF,
  0xFF, 0xFF, 0xF0, 0xFF, 0xFF, 0xFF, 0xFF, 0xFF, 0xF0, 0xBB, 0xEF, 0xFF, 0xBB, 0xBB, 0xB0, 0x00,
  0x8F, 0xFF, 0x00, 0x00, 0x00, 0x00, 0x8F, 0xFF, 0x00, 0x00, 0x00, 0x00, 0x8F, 0xFF, 0x00, 0x00,
  0x00, 0x00, 0x8F, 0xFF, 0x00, 0x00, 0x00, 0x00, 0x8F, 0xFF, 0x00, 0x00, 0x00, 0x00, 0x8F, 0xFF,
  0x00, 0x00, 0x00, 0x00, 0x8F, 0xFF, 0x00, 0x00, 0x00, 0x00, 0x8F, 0xFF, 0x00, 0x00, 0x00, 0x00,
  0x8F, 0xFF, 0x00, 0x00, 0x00, 0x00, 0x8F, 0xFF, 0x00, 0x00, 0x00, 0x00, 0x8F, 0xFF, 0x00, 0x00,
  0x00, 0x00, 0x8F, 0xFF, 0x00, 0x00, 0x00, 0x00, 0x8F, 0xFF, 0x00, 0x00, 0x00, 0x00, 0x8F, 0xFF,
  0x00, 0x00, 0x00, 0x00, 0x8F, 0xFF, 0x00, 0x00, 0x00, 0x00, 0x8F, 0xFF, 0x00, 0x00, 0x00, 0x00,
  0x00, 0x5B, 0xEF, 0xEB, 0x60, 0x2F, 0xFF, 0x00, 0x2D, 0xFF, 0xFF, 0xFF, 0xFD, 0x7F, 0xFF, 0x01,
  0xEF, 0xFF, 0xFC, 0xCE, 0xFF, 0xFF, 0xFF, 0x0B, 0xFF, 0xF7, 0x00, 0x00, 0x5E, 0xFF, 0xFF, 0x3F,
  0xFF, 0x80, 0x00, 0x00, 0x01, 0xDF, 0xFF, 0x9F, 0xFF, 0x00, 0x00, 0x00, 0x00, 0x8F, 0xFF, 0xCF,
  0xFB, 0x00, 0x00, 0x00, 0x00, 0x8F, 0xFF, 0xEF, 0xF9, 0x00, 0x00, 0x00, 0x00, 0x8F, 0xFF, 0xFF,
  0xF8, 0x00, 0x00, 0x00, 0x00, 0x8F, 0xFF, 0xFF, 0xF8, 0x00, 0x00, 0x00, 0x00, 0x8F, 0xFF, 0xFF,
  0xF8, 0x00, 0x00, 0x00, 0x00, 0x8F, 0xFF, 0xEF, 0xF9, 0x00, 0x00, 0x00, 0x00, 0x8F, 0xFF, 0xDF,
  0xFB, 0x00, 0x00, 0x00, 0x00, 0x8F, 0xFF, 0xAF, 0xFE, 0x00, 0x00, 0x00, 0x00, 0x9F, 0xFF, 0x5F,
  0xFF, 0x50, 0x00, 0x00, 0x04, 0xFF, 0xFF, 0x0E, 0xFF, 0xF5, 0x00, 0x01, 0x8F, 0xFF, 0xFF, 0x04,
  0xFF, 0xFF, 0xEC, 0xDF, 0xFF, 0xEF, 0xFF, 0x00, 0x4F, 0xFF, 0xFF, 0xFF, 0xF7, 0x8F, 0xFF, 0x00,
  0x01, 0x8C, 0xFF, 0xD9, 0x20, 0x8F, 0xFF, 0x00, 0x00, 0x00, 0x00, 0x00, 0x00, 0x9F, 0xFF, 0x00,
  0x00, 0x00, 0x00, 0x00, 0x00, 0xBF, 0xFD, 0x00, 0x00, 0x00, 0x00, 0x00, 0x02, 0xFF, 0xF8, 0x00,
  0x95, 0x00, 0x00, 0x00, 0x4E, 0xFF, 0xF1, 0x05, 0xFF, 0xFE, 0xCB, 0xCE, 0xFF, 0xFF, 0x40, 0x06,
  0xEF, 0xFF, 0xFF, 0xFF, 0xFF, 0xD4, 0x00, 0x00, 0x05, 0x9C, 0xEF, 0xFD, 0xA5, 0x00, 0x00, 0xFF,
  0xF8, 0x00, 0x00, 0x00, 0x00, 0x00, 0x0F, 0xFF, 0x80, 0x00, 0x00, 0x00, 0x00, 0x00, 0xFF, 0xF8,
  0x00, 0x00, 0x00, 0x00, 0x00, 0x0F, 0xFF, 0x80, 0x00, 0x00, 0x00, 0x00, 0x00, 0xFF, 0xF8, 0x00,
  0x00, 0x00, 0x00, 0x00, 0x0F, 0xFF, 0x80, 0x00, 0x00, 0x00, 0x00, 0x00, 0xFF, 0xF8, 0x00, 0x00,
  0x00, 0x00, 0x00, 0x0F, 0xFF, 0x80, 0x3A, 0xDF, 0xFC, 0x71, 0x00, 0xFF, 0xF8, 0x9F, 0xFF, 0xFF,
  0xFF, 0xE2, 0x0F, 0xFF, 0xFF, 0xFF, 0xDC, 0xFF, 0xFF, 0xE1, 0xFF, 0xFF, 0xF8, 0x10, 0x00, 0x9F,
  0xFF, 0x8F, 0xFF, 0xF6, 0x00, 0x00, 0x00, 0xEF, 0xFC, 0xFF, 0xFA, 0x00, 0x00, 0x00, 0x0A, 0xFF,
  0xFF, 0xFF, 0x80, 0x00, 0x00, 0x00, 0x8F, 0xFF, 0xFF, 0xF8, 0x00, 0x00, 0x00, 0x08, 0xFF, 0xFF,
  0xFF, 0x80, 0x00, 0x00, 0x00, 0x8F, 0xFF, 0xFF, 0xF8, 0x00, 0x00, 0x00, 0x08, 0xFF, 0xFF, 0xFF,
  0x80, 0x00, 0x00, 0x00, 0x8F, 0xFF, 0xFF, 0xF8, 0x00, 0x00, 0x00, 0x08, 0xFF, 0xFF, 0xFF, 0x80,
  0x00, 0x00, 0x00, 0x8F, 0xFF, 0xFF, 0xF8, 0x00, 0x00, 0x00, 0x08, 0xFF, 0xFF, 0xFF, 0x80, 0x00,
  0x00, 0x00, 0x8F, 0xFF, 0xFF, 0xF8, 0x00, 0x00, 0x00, 0x08, 0xFF, 0xFF, 0xFF, 0x80, 0x00, 0x00,
  0x00, 0x8F, 0xFF, 0xFF, 0xF8, 0x00, 0x00, 0x00, 0x08, 0xFF, 0xFF, 0xFF, 0x80, 0x00, 0x00, 0x00,
  0x8F, 0xFF, 0x00, 0x04, 0xEE, 0x40, 0x00, 0xEF, 0xFE, 0x00, 0x0E, 0xFF, 0xE0, 0x00, 0x4E, 0xE4,
  0x00, 0x00, 0x00, 0x00, 0x00, 0x00, 0x00, 0x00, 0x00, 0x00, 0x08, 0xFF, 0xFF, 0xFF, 0x8F, 0xFF,
  0xFF, 0xF5, 0xBB, 0xEF, 0xFF, 0x00, 0x08, 0xFF, 0xF0, 0x00, 0x8F, 0xFF, 0x00, 0x08, 0xFF, 0xF0,
  0x00, 0x8F, 0xFF, 0x00, 0x08, 0xFF, 0xF0, 0x00, 0x8F, 0xFF, 0x00, 0x08, 0xFF, 0xF0, 0x00, 0x8F,
  0xFF, 0x00, 0x08, 0xFF, 0xF0, 0x00, 0x8F, 0xFF, 0x00, 0x08, 0xFF, 0xF0, 0x00, 0x8F, 0xFF, 0x00,
  0x08, 0xFF, 0xF0, 0x00, 0x8F, 0xFF, 0x00, 0x08, 0xFF, 0xF0, 0x00, 0x8F, 0xFF, 0x00, 0x04, 0xEE,
  0x40, 0x00, 0xEF, 0xFE, 0x00, 0x0E, 0xFF, 0xE0, 0x00, 0x4E, 0xE4, 0x00, 0x00, 0x00, 0x00, 0x00,
  0x00, 0x00, 0x00, 0x00, 0x00, 0x00, 0xFF, 0xFF, 0xFF, 0x0F, 0xFF, 0xFF, 0xF0, 0xBB, 0xEF, 0xFF,
  0x00, 0x08, 0xFF, 0xF0, 0x00, 0x8F, 0xFF, 0x00, 0x08, 0xFF, 0xF0, 0x00, 0x8F, 0xFF, 0x00, 0x08,
  0xFF, 0xF0, 0x00, 0x8F, 0xFF, 0x00, 0x08, 0xFF, 0xF0, 0x00, 0x8F, 0xFF, 0x00, 0x08, 0xFF, 0xF0,
  0x00, 0x8F, 0xFF, 0x00, 0x08, 0xFF, 0xF0, 0x00, 0x8F, 0xFF, 0x00, 0x08, 0xFF, 0xF0, 0x00, 0x8F,
  0xFF, 0x00, 0x08, 0xFF, 0xF0, 0x00, 0x8F, 0xFF, 0x00, 0x08, 0xFF, 0xF0, 0x00, 0x8F, 0xFF, 0x00,
  0x08, 0xFF, 0xF0, 0x00, 0xBF, 0xFE, 0x4C, 0xDF, 0xFF, 0xA7, 0xFF, 0xFF, 0xF2, 0x5E, 0xFE, 0xA2,
  0x00, 0xFF, 0xF8, 0x00, 0x00, 0x00, 0x00, 0x00, 0x00, 0xFF, 0xF8, 0x00, 0x00, 0x00, 0x00, 0x00,
  0x00, 0xFF, 0xF8, 0x00, 0x00, 0x00, 0x00, 0x00, 0x00, 0xFF, 0xF8, 0x00, 0x00, 0x00, 0x00, 0x00,
  0x00, 0xFF, 0xF8, 0x00, 0x00, 0x00, 0x00, 0x00, 0x00, 0xFF, 0xF8, 0x00, 0x00, 0x00, 0x00, 0x00,
  0x00, 0xFF, 0xF8, 0x00, 0x00, 0x00, 0x00, 0x00, 0x00, 0xFF, 0xF8, 0x00, 0x00, 0x01, 0xDF, 0xFF,
  0x30, 0xFF, 0xF8, 0x00, 0x00, 0x0C, 0xFF, 0xF4, 0x00, 0xFF, 0xF8, 0x00, 0x00, 0xBF, 0xFF, 0x50,
  0x00, 0xFF, 0xF8, 0x00, 0x09, 0xFF, 0xF7, 0x00, 0x00, 0xFF, 0xF8, 0x00, 0x8F, 0xFF, 0x80, 0x00,
  0x00, 0xFF, 0xF8, 0x06, 0xFF, 0xFA, 0x00, 0x00, 0x00, 0xFF, 0xF8, 0x5F, 0xFF, 0xB0, 0x00, 0x00,
  0x00, 0xFF, 0xFB, 0xFF, 0xFE, 0x00, 0x00, 0x00, 0x00, 0xFF, 0xFF, 0xFF, 0xFF, 0x60, 0x00, 0x00,
  0x00, 0xFF, 0xFF, 0xFF, 0xFF, 0xF2, 0x00, 0x00, 0x00, 0xFF, 0xFF, 0xD3, 0xFF, 0xFC, 0x00, 0x00,
  0x00, 0xFF, 0xFE, 0x20, 0x6F, 0xFF, 0x80, 0x00, 0x00, 0xFF, 0xF8, 0x00, 0x0B, 0xFF, 0xF4, 0x00,
  0x00, 0xFF, 0xF8, 0x00, 0x01, 0xEF, 0xFE, 0x10, 0x00, 0xFF, 0xF8, 0x00, 0x00, 0x4F, 0xFF, 0xA0,
  0x00, 0xFF, 0xF8, 0x00, 0x00, 0x09, 0xFF, 0xF5, 0x00, 0xFF, 0xF8, 0x00, 0x00, 0x00, 0xDF, 0xFF,
  0x20, 0xFF, 0xF8, 0x00, 0x00, 0x00, 0x3F, 0xFF, 0xC0, 0xFF, 0xF8, 0x00, 0x00, 0x00, 0x07, 0xFF,
  0xF8, 0xFF, 0xF8, 0x00, 0x0F, 0xFF, 0x80, 0x00, 0xFF, 0xF8, 0x00, 0x0F, 0xFF, 0x80, 0x00, 0xFF,
  0xF8, 0x00, 0x0F, 0xFF, 0x80, 0x00, 0xFF, 0xF8, 0x00, 0x0F, 0xFF, 0x80, 0x00, 0xFF, 0xF8, 0x00,
  0x0F, 0xFF, 0x80, 0x00, 0xFF, 0xF8, 0x00, 0x0F, 0xFF, 0x80, 0x00, 0xFF, 0xF8, 0x00, 0x0F, 0xFF,
  0x80, 0x00, 0xFF, 0xF8, 0x00, 0x0F, 0xFF, 0x80, 0x00, 0xFF, 0xF8, 0x00, 0x0F, 0xFF, 0x80, 0x00,
  0xFF, 0xF8, 0x00, 0x0F, 0xFF, 0x80, 0x00, 0xFF, 0xF8, 0x00, 0x0F, 0xFF, 0x80, 0x00, 0xFF, 0xFB,
  0x00, 0x0D, 0xFF, 0xFE, 0xB0, 0x6F, 0xFF, 0xFF, 0x00, 0x4C, 0xFF, 0xC0, 0xFF, 0xF0, 0x05, 0xBE,
  0xFD, 0x81, 0x00, 0x02, 0x8D, 0xFE, 0xB4, 0x00, 0x0F, 0xFF, 0x3B, 0xFF, 0xFF, 0xFF, 0xE3, 0x06,
  0xFF, 0xFF, 0xFF, 0xF9, 0x00, 0xFF, 0xFE, 0xFF, 0xEC, 0xEF, 0xFF, 0xE7, 0xFF, 0xFD, 0xDF, 0xFF,
  0xF6, 0x0F, 0xFF, 0xFF, 0x70, 0x00, 0x9F, 0xFF, 0xFF, 0xC2, 0x00, 0x3E, 0xFF, 0xE0, 0xFF, 0xFF,
  0x50, 0x00, 0x00, 0xEF, 0xFF, 0xC0, 0x00, 0x00, 0x6F, 0xFF, 0x4F, 0xFF, 0xA0, 0x00, 0x00, 0x0A,
  0xFF, 0xF1, 0x00, 0x00, 0x02, 0xFF, 0xF6, 0xFF, 0xF8, 0x00, 0x00, 0x00, 0x8F, 0xFF, 0x00, 0x00,
  0x00, 0x1F, 0xFF, 0x7F, 0xFF, 0x80, 0x00, 0x00, 0x08, 0xFF, 0xF0, 0x00, 0x00, 0x01, 0xFF, 0xF7,
  0xFF, 0xF8, 0x00, 0x00, 0x00, 0x8F, 0xFF, 0x00, 0x00, 0x00, 0x1F, 0xFF, 0x7F, 0xFF, 0x80, 0x00,
  0x00, 0x08, 0xFF, 0xF0, 0x00, 0x00, 0x01, 0xFF, 0xF7, 0xFF, 0xF8, 0x00, 0x00, 0x00, 0x8F, 0xFF,
  0x00, 0x00, 0x00, 0x1F, 0xFF, 0x7F, 0xFF, 0x80, 0x00, 0x00, 0x08, 0xFF, 0xF0, 0x00, 0x00, 0x01,
  0xFF, 0xF7, 0xFF, 0xF8, 0x00, 0x00, 0x00, 0x8F, 0xFF, 0x00, 0x00, 0x00, 0x1F, 0xFF, 0x7F, 0xFF,
  0x80, 0x00, 0x00, 0x08, 0xFF, 0xF0, 0x00, 0x00, 0x01, 0xFF, 0xF7, 0xFF, 0xF8, 0x00, 0x00, 0x00,
  0x8F, 0xFF, 0x00, 0x00, 0x00, 0x1F, 0xFF, 0x7F, 0xFF, 0x80, 0x00, 0x00, 0x08, 0xFF, 0xF0, 0x00,
  0x00, 0x01, 0xFF, 0xF7, 0xFF, 0xF8, 0x00, 0x00, 0x00, 0x8F, 0xFF, 0x00, 0x00, 0x00, 0x1F, 0xFF,
  0x7F, 0xFF, 0x80, 0x00, 0x00, 0x08, 0xFF, 0xF0, 0x00, 0x00, 0x01, 0xFF, 0xF7, 0xFF, 0xF8, 0x00,
  0x00, 0x00, 0x8F, 0xFF, 0x00, 0x00, 0x00, 0x1F, 0xFF, 0x70, 0xFF, 0xF0, 0x04, 0xAD, 0xFF, 0xC7,
  0x10, 0x0F, 0xFF, 0x3A, 0xFF, 0xFF, 0xFF, 0xFE, 0x20, 0xFF, 0xFE, 0xFF, 0xFD, 0xCF, 0xFF, 0xFE,
  0x1F, 0xFF, 0xFF, 0x81, 0x00, 0x09, 0xFF, 0xF8, 0xFF, 0xFF, 0x50, 0x00, 0x00, 0x0E, 0xFF, 0xCF,
  0xFF, 0xA0, 0x00, 0x00, 0x00, 0xAF, 0xFF, 0xFF, 0xF8, 0x00, 0x00, 0x00, 0x08, 0xFF, 0xFF, 0xFF,
  0x80, 0x00, 0x00, 0x00, 0x8F, 0xFF, 0xFF, 0xF8, 0x00, 0x00, 0x00, 0x08, 0xFF, 0xFF, 0xFF, 0x80,
  0x00, 0x00, 0x00, 0x8F, 0xFF, 0xFF, 0xF8, 0x00, 0x00, 0x00, 0x08, 0xFF, 0xFF, 0xFF, 0x80, 0x00,
  0x00, 0x00, 0x8F, 0xFF, 0xFF, 0xF8, 0x00, 0x00, 0x00, 0x08, 0xFF, 0xFF, 0xFF, 0x80, 0x00, 0x00,
  0x00, 0x8F, 0xFF, 0xFF, 0xF8, 0x00, 0x00, 0x00, 0x08, 0xFF, 0xFF, 0xFF, 0x80, 0x00, 0x00, 0x00,
  0x8F, 0xFF, 0xFF, 0xF8, 0x00, 0x00, 0x00, 0x08, 0xFF, 0xFF, 0xFF, 0x80, 0x00, 0x00, 0x00, 0x8F,
  0xFF, 0xFF, 0xF8, 0x00, 0x00, 0x00, 0x08, 0xFF, 0xF0, 0x00, 0x00, 0x39, 0xDF, 0xFF, 0xC8, 0x20,
  0x00, 0x00, 0x00, 0x9F, 0xFF, 0xFF, 0xFF, 0xFF, 0x90, 0x00, 0x00, 0xCF, 0xFF, 0xFD, 0xCD, 0xFF,
  0xFF, 0xC0, 0x00, 0x9F, 0xFF, 0xA1, 0x00, 0x01, 0xAF, 0xFF, 0x90, 0x2F, 0xFF, 0xA0, 0x00, 0x00,
  0x00, 0xAF, 0xFF, 0x28, 0xFF, 0xF1, 0x00, 0x00, 0x00, 0x01, 0xFF, 0xF8, 0xCF, 0xFC, 0x00, 0x00,
  0x00, 0x00, 0x0C, 0xFF, 0xCE, 0xFF, 0x90, 0x00, 0x00, 0x00, 0x00, 0x9F, 0xFE, 0xFF, 0xF8, 0x00,
  0x00, 0x00, 0x00, 0x08, 0xFF, 0xFF, 0xFF, 0x80, 0x00, 0x00, 0x00, 0x00, 0x8F, 0xFF, 0xFF, 0xF8,
  0x00, 0x00, 0x00, 0x00, 0x08, 0xFF, 0xFE, 0xFF, 0x90, 0x00, 0x00, 0x00, 0x00, 0x9F, 0xFE, 0xCF,
  0xFC, 0x00, 0x00, 0x00, 0x00, 0x0C, 0xFF, 0xC8, 0xFF, 0xF1, 0x00, 0x00, 0x00, 0x01, 0xFF, 0xF7,
  0x2F, 0xFF, 0xA0, 0x00, 0x00, 0x00, 0xAF, 0xFF, 0x20, 0xAF, 0xFF, 0xA1, 0x00, 0x01, 0xAF, 0xFF,
  0x90, 0x00, 0xDF, 0xFF, 0xFD, 0xCD, 0xFF, 0xFF, 0xC0, 0x00, 0x00, 0xAF, 0xFF, 0xFF, 0xFF, 0xFF,
  0x90, 0x00, 0x00, 0x00, 0x39, 0xDE, 0xFF, 0xC9, 0x30, 0x00, 0x00, 0xFF, 0xF0, 0x06, 0xBE, 0xFE,
  0xB4, 0x00, 0x00, 0xFF, 0xF4, 0xDF, 0xFF, 0xFF, 0xFF, 0xA0, 0x00, 0xFF, 0xFF, 0xFF, 0xEC, 0xCF,
  0xFF, 0xFA, 0x00, 0xFF, 0xFF, 0xE4, 0x00, 0x01, 0xCF, 0xFF, 0x40, 0xFF, 0xFD, 0x10, 0x00, 0x00,
  0x0E, 0xFF, 0xC0, 0xFF, 0xF8, 0x00, 0x00, 0x00, 0x07, 0xFF, 0xF1, 0xFF, 0xF8, 0x00, 0x00, 0x00,
  0x03, 0xFF, 0xF5, 0xFF, 0xF8, 0x00, 0x00, 0x00, 0x00, 0xFF, 0xF6, 0xFF, 0xF8, 0x00, 0x00, 0x00,
  0x00, 0xFF, 0xF8, 0xFF, 0xF8, 0x00, 0x00, 0x00, 0x00, 0xFF, 0xF8, 0xFF, 0xF8, 0x00, 0x00, 0x00,
  0x00, 0xFF, 0xF8, 0xFF, 0xF8, 0x00, 0x00, 0x00, 0x01, 0xFF, 0xF6, 0xFF, 0xF8, 0x00, 0x00, 0x00,
  0x03, 0xFF, 0xF4, 0xFF, 0xF8, 0x00, 0x00, 0x00, 0x08, 0xFF, 0xF0, 0xFF, 0xF8, 0x00, 0x00, 0x00,
  0x1F, 0xFF, 0xA0, 0xFF, 0xFF, 0x81, 0x00, 0x03, 0xDF, 0xFF, 0x10, 0xFF, 0xFF, 0xFF, 0xDC, 0xDF,
  0xFF, 0xF5, 0x00, 0xFF, 0xFC, 0xFF, 0xFF, 0xFF, 0xFF, 0x40, 0x00, 0xFF, 0xF8, 0x18, 0xDF, 0xFD,
  0x81, 0x00, 0x00, 0xFF, 0xF8, 0x00, 0x00, 0x00, 0x00, 0x00, 0x00, 0xFF, 0xF8, 0x00, 0x00, 0x00,
  0x00, 0x00, 0x00, 0xFF, 0xF8, 0x00, 0x00, 0x00, 0x00, 0x00, 0x00, 0xFF, 0xF8, 0x00, 0x00, 0x00,
  0x00, 0x00, 0x00, 0xFF, 0xF8, 0x00, 0x00, 0x00, 0x00, 0x00, 0x00, 0xFF, 0xF8, 0x00, 0x00, 0x00,
  0x00, 0x00, 0x00, 0xFF, 0xF8, 0x00, 0x00, 0x00, 0x00, 0x00, 0x00, 0x00, 0x00, 0x6B, 0xEF, 0xEB,
  0x50, 0x8F, 0xF8, 0x00, 0x1C, 0xFF, 0xFF, 0xFF, 0xFC, 0xBF, 0xF8, 0x01, 0xEF, 0xFF, 0xFC, 0xCF,
  0xFF, 0xFF, 0xF8, 0x0A, 0xFF, 0xF8, 0x00, 0x00, 0x5E, 0xFF, 0xF8, 0x3F, 0xFF, 0x90, 0x00, 0x00,
  0x02, 0xFF, 0xF8, 0x8F, 0xFF, 0x10, 0x00, 0x00, 0x00, 0xFF, 0xF8, 0xCF, 0xFB, 0x00, 0x00, 0x00,
  0x00, 0xFF, 0xF8, 0xEF, 0xF9, 0x00, 0x00, 0x00, 0x00, 0xFF, 0xF8, 0xFF, 0xF8, 0x00, 0x00, 0x00,
  0x00, 0xFF, 0xF8, 0xFF, 0xF8, 0x00, 0x00, 0x00, 0x00, 0xFF, 0xF8, 0xFF, 0xF8, 0x00, 0x00, 0x00,
  0x00, 0xFF, 0xF8, 0xEF, 0xF9, 0x00, 0x00, 0x00, 0x00, 0xFF, 0xF8, 0xCF, 0xFB, 0x00, 0x00, 0x00,
  0x00, 0xFF, 0xF8, 0x8F, 0xFF, 0x00, 0x00, 0x00, 0x00, 0xFF, 0xF8, 0x3F, 0xFF, 0x70, 0x00, 0x00,
  0x06, 0xFF, 0xF8, 0x0B, 0xFF, 0xF7, 0x00, 0x01, 0x9F, 0xFF, 0xF8, 0x01, 0xEF, 0xFF, 0xEC, 0xDF,
  0xFF, 0xFF, 0xF8, 0x00, 0x2D, 0xFF, 0xFF, 0xFF, 0xF5, 0xFF, 0xF8, 0x00, 0x00, 0x7C, 0xFF, 0xD9,
  0x10, 0xFF, 0xF8, 0x00, 0x00, 0x00, 0x00, 0x00, 0x00, 0xFF, 0xF8, 0x00, 0x00, 0x00, 0x00, 0x00,
  0x00, 0xFF, 0xF8, 0x00, 0x00, 0x00, 0x00, 0x00, 0x00, 0xFF, 0xF8, 0x00, 0x00, 0x00, 0x00, 0x00,
  0x00, 0xFF, 0xF8, 0x00, 0x00, 0x00, 0x00, 0x00, 0x00, 0xFF, 0xF8, 0x00, 0x00, 0x00, 0x00, 0x00,
  0x00, 0xFF, 0xF8, 0x00, 0x00, 0x00, 0x00, 0x00, 0x00, 0xFF, 0xF8, 0xFF, 0xC0, 0x02, 0xAE, 0xFF,
  0x6F, 0xFE, 0x05, 0xFF, 0xFF, 0xF3, 0xFF, 0xF3, 0xFF, 0xFF, 0xFF, 0x1F, 0xFF, 0xDF, 0xFF, 0xFF,
  0xE0, 0xFF, 0xFF, 0xFE, 0x72, 0x00, 0x0F, 0xFF, 0xFD, 0x10, 0x00, 0x00, 0xFF, 0xFF, 0x20, 0x00,
  0x00, 0x0F, 0xFF, 0xB0, 0x00, 0x00, 0x00, 0xFF, 0xF8, 0x00, 0x00, 0x00, 0x0F, 0xFF, 0x80, 0x00,
  0x00, 0x00, 0xFF, 0xF8, 0x00, 0x00, 0x00, 0x0F, 0xFF, 0x80, 0x00, 0x00, 0x00, 0xFF, 0xF8, 0x00,
  0x00, 0x00, 0x0F, 0xFF, 0x80, 0x00, 0x00, 0x00, 0xFF, 0xF8, 0x00, 0x00, 0x00, 0x0F, 0xFF, 0x80,
  0x00, 0x00, 0x00, 0xFF, 0xF8, 0x00, 0x00, 0x00, 0x0F, 0xFF, 0x80, 0x00, 0x00, 0x00, 0xFF, 0xF8,
  0x00, 0x00, 0x00, 0x00, 0x00, 0x00, 0x6B, 0xEF, 0xFD, 0xB7, 0x10, 0x00, 0x04, 0xEF, 0xFF, 0xFF,
  0xFF, 0xFF, 0x91, 0x04, 0xFF, 0xFF, 0xEC, 0xCD, 0xFF, 0xFF, 0x80, 0xCF, 0xFF, 0x40, 0x00, 0x01,
  0x6E, 0xB0, 0x0F, 0xFF, 0x90, 0x00, 0x00, 0x00, 0x00, 0x00, 0xFF, 0xFA, 0x00, 0x00, 0x00, 0x00,
  0x00, 0x0D, 0xFF, 0xF6, 0x00, 0x00, 0x00, 0x00, 0x00, 0x5F, 0xFF, 0xFD, 0x61, 0x00, 0x00, 0x00,
  0x00, 0x6F, 0xFF, 0xFF, 0xFC, 0x71, 0x00, 0x00, 0x00, 0x29, 0xFF, 0xFF, 0xFF, 0xF9, 0x10, 0x00,
  0x00, 0x00, 0x5A, 0xFF, 0xFF, 0xFD, 0x10, 0x00, 0x00, 0x00, 0x00, 0x6D, 0xFF, 0xFA, 0x00, 0x00,
  0x00, 0x00, 0x00, 0x0D, 0xFF, 0xE0, 0x00, 0x00, 0x00, 0x00, 0x00, 0x9F, 0xFF, 0x02, 0x30, 0x00,
  0x00, 0x00, 0x0A, 0xFF, 0xF1, 0xEF, 0x93, 0x00, 0x00, 0x06, 0xFF, 0xFB, 0x9F, 0xFF, 0xFE, 0xCC,
  0xDF, 0xFF, 0xFF, 0x30, 0x7E, 0xFF, 0xFF, 0xFF, 0xFF, 0xFD, 0x30, 0x00, 0x05, 0x9D, 0xEF, 0xFD,
  0xA5, 0x00, 0x00, 0x00, 0x08, 0x88, 0x40, 0x00, 0x00, 0x00, 0x0F, 0xFF, 0x80, 0x00, 0x00, 0x00,
  0x0F, 0xFF, 0x80, 0x00, 0x00, 0x00, 0x0F, 0xFF, 0x80, 0x00, 0x00, 0x00, 0x0F, 0xFF, 0x80, 0x00,
  0x00, 0xFF, 0xFF, 0xFF, 0xFF, 0xFF, 0xF0, 0xFF, 0xFF, 0xFF, 0xFF, 0xFF, 0xF0, 0xBB, 0xBF, 0xFF,
  0xEB, 0xBB, 0xB0, 0x00, 0x0F, 0xFF, 0x80, 0x00, 0x00, 0x00, 0x0F, 0xFF, 0x80, 0x00, 0x00, 0x00,
  0x0F, 0xFF, 0x80, 0x00, 0x00, 0x00, 0x0F, 0xFF, 0x80, 0x00, 0x00, 0x00, 0x0F, 0xFF, 0x80, 0x00,
  0x00, 0x00, 0x0F, 0xFF, 0x80, 0x00, 0x00, 0x00, 0x0F, 0xFF, 0x80, 0x00, 0x00, 0x00, 0x0F, 0xFF,
  0x80, 0x00, 0x00, 0x00, 0x0F, 0xFF, 0x80, 0x00, 0x00, 0x00, 0x0F, 0xFF, 0x80, 0x00, 0x00, 0x00,
  0x0F, 0xFF, 0x80, 0x00, 0x00, 0x00, 0x0F, 0xFF, 0x90, 0x00, 0x00, 0x00, 0x0E, 0xFF, 0xE2, 0x00,
  0x00, 0x00, 0x09, 0xFF, 0xFF, 0xDD, 0xE3, 0x00, 0x01, 0xDF, 0xFF, 0xFF, 0xF6, 0x00, 0x00, 0x07,
  0xCF, 0xFE, 0xC5, 0xFF, 0xF8, 0x00, 0x00, 0x00, 0x08, 0xFF, 0xFF, 0xFF, 0x80, 0x00, 0x00, 0x00,
  0x8F, 0xFF, 0xFF, 0xF8, 0x00, 0x00, 0x00, 0x08, 0xFF, 0xFF, 0xFF, 0x80, 0x00, 0x00, 0x00, 0x8F,
  0xFF, 0xFF, 0xF8, 0x00, 0x00, 0x00, 0x08, 0xFF, 0xFF, 0xFF, 0x80, 0x00, 0x00, 0x00, 0x8F, 0xFF,
  0xFF, 0xF8, 0x00, 0x00, 0x00, 0x08, 0xFF, 0xFF, 0xFF, 0x80, 0x00, 0x00, 0x00, 0x8F, 0xFF, 0xFF,
  0xF8, 0x00, 0x00, 0x00, 0x08, 0xFF, 0xFF, 0xFF, 0x80, 0x00, 0x00, 0x00, 0x8F, 0xFF, 0xFF, 0xF8,
  0x00, 0x00, 0x00, 0x08, 0xFF, 0xFF, 0xFF, 0x80, 0x00, 0x00, 0x00, 0x8F, 0xFF, 0xFF, 0xF8, 0x00,
  0x00, 0x00, 0x08, 0xFF, 0xFF, 0xFF, 0x90, 0x00, 0x00, 0x00, 0xAF, 0xFF, 0xEF, 0xFC, 0x00, 0x00,
  0x00, 0x7F, 0xFF, 0xF9, 0xFF, 0xF7, 0x00, 0x02, 0xAF, 0xFF, 0xFF, 0x2F, 0xFF, 0xFF, 0xDE, 0xFF,
  0xFC, 0xFF, 0xF0, 0x4E, 0xFF, 0xFF, 0xFF, 0xF7, 0x2F, 0xFF, 0x00, 0x18, 0xDF, 0xFD, 0x82, 0x00,
  0xFF, 0xF0, 0xAF, 0xFF, 0x00, 0x00, 0x00, 0x00, 0x0A, 0xFF, 0xE0, 0x5F, 0xFF, 0x40, 0x00, 0x00,
  0x00, 0x0E, 0xFF, 0x90, 0x0F, 0xFF, 0x90, 0x00, 0x00, 0x00, 0x3F, 0xFF, 0x30, 0x0A, 0xFF, 0xE0,
  0x00, 0x00, 0x00, 0x8F, 0xFE, 0x00, 0x05, 0xFF, 0xF3, 0x00, 0x00, 0x00, 0xDF, 0xF9, 0x00, 0x00,
  0xFF, 0xF8, 0x00, 0x00, 0x02, 0xFF, 0xF4, 0x00, 0x00, 0xAF, 0xFC, 0x00, 0x00, 0x07, 0xFF, 0xE0,
  0x00, 0x00, 0x5F, 0xFF, 0x10, 0x00, 0x0B, 0xFF, 0x90, 0x00, 0x00, 0x0F, 0xFF, 0x60, 0x00, 0x0F,
  0xFF, 0x40, 0x00, 0x00, 0x0B, 0xFF, 0xB0, 0x00, 0x5F, 0xFE, 0x00, 0x00, 0x00, 0x05, 0xFF, 0xF0,
  0x00, 0xAF, 0xF9, 0x00, 0x00, 0x00, 0x00, 0xFF, 0xF5, 0x00, 0xEF, 0xF4, 0x00, 0x00, 0x00, 0x00,
  0xBF, 0xF9, 0x03, 0xFF, 0xE0, 0x00, 0x00, 0x00, 0x00, 0x5F, 0xFE, 0x08, 0xFF, 0x90, 0x00, 0x00,
  0x00, 0x00, 0x0F, 0xFF, 0x3D, 0xFF, 0x40, 0x00, 0x00, 0x00, 0x00, 0x0B, 0xFF, 0xAF, 0xFE, 0x00,
  0x00, 0x00, 0x00, 0x00, 0x05, 0xFF, 0xFF, 0xF9, 0x00, 0x00, 0x00, 0x00, 0x00, 0x00, 0xFF, 0xFF,
  0xF4, 0x00, 0x00, 0x00, 0x00, 0x00, 0x00, 0xBF, 0xFF, 0xE0, 0x00, 0x00, 0x00, 0x5F, 0xFF, 0x30,
  0x00, 0x00, 0x3F, 0xFF, 0xF5, 0x00, 0x00, 0x02, 0xFF, 0xF5, 0x1F, 0xFF, 0x60, 0x00, 0x00, 0x6F,
  0xFF, 0xF9, 0x00, 0x00, 0x05, 0xFF, 0xF2, 0x0E, 0xFF, 0x90, 0x00, 0x00, 0xAF, 0xFF, 0xFD, 0x00,
  0x00, 0x08, 0xFF, 0xE0, 0x0A, 0xFF, 0xC0, 0x00, 0x00, 0xEF, 0xFD, 0xFF, 0x10, 0x00, 0x0B, 0xFF,
  0xB0, 0x07, 0xFF, 0xF0, 0x00, 0x01, 0xFF, 0xB9, 0xFF, 0x40, 0x00, 0x0E, 0xFF, 0x70, 0x03, 0xFF,
  0xF3, 0x00, 0x05, 0xFF, 0x76, 0xFF, 0x80, 0x00, 0x1F, 0xFF, 0x40, 0x00, 0xFF, 0xF6, 0x00, 0x09,
  0xFF, 0x42, 0xFF, 0xC0, 0x00, 0x4F, 0xFF, 0x00, 0x00, 0xCF, 0xF9, 0x00, 0x0C, 0xFF, 0x00, 0xEF,
  0xF0, 0x00, 0x7F, 0xFD, 0x00, 0x00, 0x8F, 0xFC, 0x00, 0x0F, 0xFC, 0x00, 0xBF, 0xF3, 0x00, 0xAF,
  0xF9, 0x00, 0x00, 0x5F, 0xFF, 0x00, 0x4F, 0xF8, 0x00, 0x7F, 0xF7, 0x00, 0xDF, 0xF6, 0x00, 0x00,
  0x1F, 0xFF, 0x20, 0x7F, 0xF5, 0x00, 0x4F, 0xFA, 0x00, 0xFF, 0xF2, 0x00, 0x00, 0x0E, 0xFF, 0x50,
  0xBF, 0xF1, 0x00, 0x0F, 0xFE, 0x03, 0xFF, 0xF0, 0x00, 0x00, 0x0A, 0xFF, 0x90, 0xFF, 0xD0, 0x00,
  0x0D, 0xFF, 0x26, 0xFF, 0xB0, 0x00, 0x00, 0x07, 0xFF, 0xC2, 0xFF, 0xA0, 0x00, 0x09, 0xFF, 0x69,
  0xFF, 0x80, 0x00, 0x00, 0x03, 0xFF, 0xF6, 0xFF, 0x60, 0x00, 0x06, 0xFF, 0x9C, 0xFF, 0x40, 0x00,
  0x00, 0x00, 0xFF, 0xFC, 0xFF, 0x20, 0x00, 0x02, 0xFF, 0xDF, 0xFF, 0x10, 0x00, 0x00, 0x00, 0xCF,
  0xFF, 0xFE, 0x00, 0x00, 0x00, 0xEF, 0xFF, 0xFD, 0x00, 0x00, 0x00, 0x00, 0x8F, 0xFF, 0xFB, 0x00,
  0x00, 0x00, 0xBF, 0xFF, 0xFA, 0x00, 0x00, 0x00, 0x00, 0x5F, 0xFF, 0xF7, 0x00, 0x00, 0x00, 0x7F,
  0xFF, 0xF6, 0x00, 0x00, 0x07, 0xFF, 0xF6, 0x00, 0x00, 0x00, 0x08, 0xFF, 0xF3, 0x00, 0xDF, 0xFE,
  0x10, 0x00, 0x00, 0x2F, 0xFF, 0x90, 0x00, 0x3F, 0xFF, 0x80, 0x00, 0x00, 0xBF, 0xFE, 0x00, 0x00,
  0x09, 0xFF, 0xF2, 0x00, 0x04, 0xFF, 0xF5, 0x00, 0x00, 0x01, 0xEF, 0xFA, 0x00, 0x0D, 0xFF, 0xB0,
  0x00, 0x00, 0x00, 0x5F, 0xFF, 0x30, 0x6F, 0xFF, 0x10, 0x00, 0x00, 0x00, 0x0B, 0xFF, 0xC1, 0xEF,
  0xF7, 0x00, 0x00, 0x00, 0x00, 0x02, 0xFF, 0xFD, 0xFF, 0xC0, 0x00, 0x00, 0x00, 0x00, 0x00, 0x8F,
  0xFF, 0xFF, 0x30, 0x00, 0x00, 0x00, 0x00, 0x00, 0x0F, 0xFF, 0xFC, 0x00, 0x00, 0x00, 0x00, 0x00,
  0x00, 0x8F, 0xFF, 0xFF, 0x40, 0x00, 0x00, 0x00, 0x00, 0x02, 0xFF, 0xFE, 0xFF, 0xD0, 0x00, 0x00,
  0x00, 0x00, 0x0C, 0xFF, 0xC2, 0xFF, 0xF9, 0x00, 0x00, 0x00, 0x00, 0x7F, 0xFF, 0x30, 0x7F, 0xFF,
  0x30, 0x00, 0x00, 0x02, 0xFF, 0xF9, 0x00, 0x0D, 0xFF, 0xD0, 0x00, 0x00, 0x0B, 0xFF, 0xE0, 0x00,
  0x04, 0xFF, 0xF8, 0x00, 0x00, 0x6F, 0xFF, 0x50, 0x00, 0x00, 0xBF, 0xFF, 0x20, 0x01, 0xFF, 0xFB,
  0x00, 0x00, 0x00, 0x1F, 0xFF, 0xC0, 0x0B, 0xFF, 0xF1, 0x00, 0x00, 0x00, 0x07, 0xFF, 0xF7, 0xAF,
  0xFF, 0x00, 0x00, 0x00, 0x00, 0x0D, 0xFF, 0xA5, 0xFF, 0xF4, 0x00, 0x00, 0x00, 0x01, 0xFF, 0xF5,
  0x0F, 0xFF, 0x90, 0x00, 0x00, 0x00, 0x6F, 0xFF, 0x10, 0xBF, 0xFE, 0x00, 0x00, 0x00, 0x0A, 0xFF,
  0xB0, 0x06, 0xFF, 0xF3, 0x00, 0x00, 0x00, 0xEF, 0xF6, 0x00, 0x1F, 0xFF, 0x80, 0x00, 0x00, 0x3F,
  0xFF, 0x10, 0x00, 0xBF, 0xFC, 0x00, 0x00, 0x07, 0xFF, 0xC0, 0x00, 0x06, 0xFF, 0xF1, 0x00, 0x00,
  0xCF, 0xF7, 0x00, 0x00, 0x1F, 0xFF, 0x60, 0x00, 0x1F, 0xFF, 0x20, 0x00, 0x00, 0xCF, 0xFB, 0x00,
  0x05, 0xFF, 0xD0, 0x00, 0x00, 0x07, 0xFF, 0xF0, 0x00, 0x9F, 0xF8, 0x00, 0x00, 0x00, 0x2F, 0xFF,
  0x40, 0x0E, 0xFF, 0x30, 0x00, 0x00, 0x00, 0xCF, 0xF9, 0x02, 0xFF, 0xE0, 0x00, 0x00, 0x00, 0x07,
  0xFF, 0xE0, 0x7F, 0xF9, 0x00, 0x00, 0x00, 0x00, 0x2F, 0xFF, 0x3B, 0xFF, 0x40, 0x00, 0x00, 0x00,
  0x00, 0xDF, 0xF8, 0xFF, 0xF0, 0x00, 0x00, 0x00, 0x00, 0x08, 0xFF, 0xFF, 0xFA, 0x00, 0x00, 0x00,
  0x00, 0x00, 0x3F, 0xFF, 0xFF, 0x50, 0x00, 0x00, 0x00, 0x00, 0x00, 0xDF, 0xFF, 0xF0, 0x00, 0x00,
  0x00, 0x00, 0x00, 0x00, 0x4F, 0xFB, 0x00, 0x00, 0x00, 0x00, 0x00, 0x00, 0x09, 0xFF, 0x60, 0x00,
  0x00, 0x00, 0x00, 0x00, 0x00, 0xEF, 0xF1, 0x00, 0x00, 0x00, 0x00, 0x00, 0x00, 0x9F, 0xFA, 0x00,
  0x00, 0x00, 0x00, 0x0B, 0xAA, 0xEF, 0xFF, 0x20, 0x00, 0x00, 0x00, 0x01, 0xFF, 0xFF, 0xFF, 0x50,
  0x00, 0x00, 0x00, 0x00, 0x3D, 0xFF, 0xD9, 0x20, 0x00, 0x00, 0x00, 0x00, 0xFF, 0xFF, 0xFF, 0xFF,
  0xFF, 0xFF, 0xF0, 0xFF, 0xFF, 0xFF, 0xFF, 0xFF, 0xFF, 0xF0, 0xBB, 0xBB, 0xBB, 0xBB, 0xBF, 0xFF,
  0xE0, 0x00, 0x00, 0x00, 0x00, 0x6F, 0xFF, 0x40, 0x00, 0x00, 0x00, 0x01, 0xFF, 0xF9, 0x00, 0x00,
  0x00, 0x00, 0x0B, 0xFF, 0xD0, 0x00, 0x00, 0x00, 0x00, 0x6F, 0xFF, 0x30, 0x00, 0x00, 0x00, 0x01,
  0xFF, 0xF8, 0x00, 0x00, 0x00, 0x00, 0x0B, 0xFF, 0xC0, 0x00, 0x00, 0x00, 0x00, 0x6F, 0xFF, 0x20,
  0x00, 0x00, 0x00, 0x01, 0xFF, 0xF6, 0x00, 0x00, 0x00, 0x00, 0x0B, 0xFF, 0xB0, 0x00, 0x00, 0x00,
  0x00, 0x6F, 0xFE, 0x10, 0x00, 0x00, 0x00, 0x01, 0xFF, 0xF5, 0x00, 0x00, 0x00, 0x00, 0x0B, 0xFF,
  0xA0, 0x00, 0x00, 0x00, 0x00, 0x6F, 0xFE, 0x10, 0x00, 0x00, 0x00, 0x00, 0xEF, 0xFD, 0xBB, 0xBB,
  0xBB, 0xBB, 0xBB, 0xFF, 0xFF, 0xFF, 0xFF, 0xFF, 0xFF, 0xFF, 0xFF, 0xFF, 0xFF, 0xFF, 0xFF, 0xFF,
  0xFF, 0x00, 0x00, 0x00, 0x00, 0x00, 0x10, 0x00, 0x00, 0x00, 0x17, 0xCF, 0xC0, 0x00, 0x00, 0x05,
  0xEF, 0xFF, 0xF0, 0x00, 0x00, 0x3F, 0xFF, 0xFD, 0x80, 0x00, 0x00, 0xBF, 0xFF, 0x80, 0x00, 0x00,
  0x00, 0xEF, 0xFC, 0x00, 0x00, 0x00, 0x00, 0xFF, 0xF9, 0x00, 0x00, 0x00, 0x00, 0xFF, 0xF8, 0x00,
  0x00, 0x00, 0x00, 0xFF, 0xF8, 0x00, 0x00, 0x00, 0x00, 0xFF, 0xF8, 0x00, 0x00, 0x00, 0x00, 0xFF,
  0xF8, 0x00, 0x00, 0x00, 0x00, 0xFF, 0xF8, 0x00, 0x00, 0x00, 0x00, 0xFF, 0xF8, 0x00, 0x00, 0x00,
  0x00, 0xFF, 0xF8, 0x00, 0x00, 0x00, 0x03, 0xFF, 0xF6, 0x00, 0x00, 0x00, 0x1C, 0xFF, 0xE0, 0x00,
  0x00, 0x5C, 0xFF, 0xFD, 0x30, 0x00, 0x00, 0x8F, 0xFC, 0x50, 0x00, 0x00, 0x00, 0x8F, 0xFF, 0xF8,
  0x00, 0x00, 0x00, 0x01, 0x5E, 0xFF, 0xB0, 0x00, 0x00, 0x00, 0x05, 0xFF, 0xF4, 0x00, 0x00, 0x00,
  0x01, 0xFF, 0xF7, 0x00, 0x00, 0x00, 0x00, 0xFF, 0xF8, 0x00, 0x00, 0x00, 0x00, 0xFF, 0xF8, 0x00,
  0x00, 0x00, 0x00, 0xFF, 0xF8, 0x00, 0x00, 0x00, 0x00, 0xFF, 0xF8, 0x00, 0x00, 0x00, 0x00, 0xFF,
  0xF8, 0x00, 0x00, 0x00, 0x00, 0xFF, 0xF8, 0x00, 0x00, 0x00, 0x00, 0xFF, 0xF8, 0x00, 0x00, 0x00,
  0x00, 0xFF, 0xFA, 0x00, 0x00, 0x00, 0x00, 0xCF, 0xFF, 0x30, 0x00, 0x00, 0x00, 0x6F, 0xFF, 0xF8,
  0x30, 0x00, 0x00, 0x0A, 0xFF, 0xFF, 0xF0, 0x00, 0x00, 0x00, 0x5C, 0xFF, 0xD0, 0x00, 0x00, 0x00,
  0x00, 0x15, 0x40, 0xFF, 0xF8, 0xFF, 0xF8, 0xFF, 0xF8, 0xFF, 0xF8, 0xFF, 0xF8, 0xFF, 0xF8, 0xFF,
  0xF8, 0xFF, 0xF8, 0xFF, 0xF8, 0xFF, 0xF8, 0xFF, 0xF8, 0xFF, 0xF8, 0xFF, 0xF8, 0xFF, 0xF8, 0xFF,
  0xF8, 0xFF, 0xF8, 0xFF, 0xF8, 0xFF, 0xF8, 0xFF, 0xF8, 0xFF, 0xF8, 0xFF, 0xF8, 0xFF, 0xF8, 0xFF,
  0xF8, 0xFF, 0xF8, 0xFF, 0xF8, 0xFF, 0xF8, 0xFF, 0xF8, 0xFF, 0xF8, 0xFF, 0xF8, 0x01, 0x00, 0x00,
  0x00, 0x00, 0x03, 0xFE, 0xA4, 0x00, 0x00, 0x00, 0x6F, 0xFF, 0xFB, 0x10, 0x00, 0x03, 0xAF, 0xFF,
  0xFB, 0x00, 0x00, 0x00, 0x2D, 0xFF, 0xF3, 0x00, 0x00, 0x00, 0x3F, 0xFF, 0x70, 0x00, 0x00, 0x00,
  0xFF, 0xF8, 0x00, 0x00, 0x00, 0x0F, 0xFF, 0x80, 0x00, 0x00, 0x00, 0xFF, 0xF8, 0x00, 0x00, 0x00,
  0x0F, 0xFF, 0x80, 0x00, 0x00, 0x00, 0xFF, 0xF8, 0x00, 0x00, 0x00, 0x0F, 0xFF, 0x80, 0x00, 0x00,
  0x00, 0xFF, 0xF8, 0x00, 0x00, 0x00, 0x0F, 0xFF, 0x90, 0x00, 0x00, 0x00, 0xDF, 0xFC, 0x00, 0x00,
  0x00, 0x07, 0xFF, 0xF6, 0x00, 0x00, 0x00, 0x08, 0xFF, 0xFE, 0xC0, 0x00, 0x00, 0x02, 0x9F, 0xFF,
  0x00, 0x00, 0x03, 0xCF, 0xFF, 0xF0, 0x00, 0x03, 0xFF, 0xFA, 0x20, 0x00, 0x00, 0xCF, 0xFD, 0x00,
  0x00, 0x00, 0x0F, 0xFF, 0x90, 0x00, 0x00, 0x00, 0xFF, 0xF8, 0x00, 0x00, 0x00, 0x0F, 0xFF, 0x80,
  0x00, 0x00, 0x00, 0xFF, 0xF8, 0x00, 0x00, 0x00, 0x0F, 0xFF, 0x80, 0x00, 0x00, 0x00, 0xFF, 0xF8,
  0x00, 0x00, 0x00, 0x0F, 0xFF, 0x80, 0x00, 0x00, 0x00, 0xFF, 0xF8, 0x00, 0x00, 0x00, 0x2F, 0xFF,
  0x70, 0x00, 0x00, 0x0A, 0xFF, 0xF4, 0x00, 0x00, 0x5C, 0xFF, 0xFE, 0x00, 0x00, 0x7F, 0xFF, 0xFF,
  0x30, 0x00, 0x04, 0xFF, 0xF9, 0x10, 0x00, 0x00, 0x16, 0x30, 0x00, 0x00, 0x00, 0x00, 0x00, 0x18,
  0xBA, 0x60, 0x00, 0x00, 0x01, 0x00, 0x03, 0xEF, 0xFF, 0xFE, 0x60, 0x00, 0xBF, 0x90, 0x1E, 0xFF,
  0xFF, 0xFF, 0xFE, 0xCF, 0xFF, 0x70, 0x9F, 0xF7, 0x02, 0x9F, 0xFF, 0xFF, 0xFA, 0x00, 0x06, 0x50,
  0x00, 0x02, 0xAE, 0xFD, 0x60, 0x00
};

static const AAGlyph ArtifaktMedium18AAGlyphs[] PROGMEM = {
  {      0,  0,  0,  9,   0,   0 },  // ' '
  {      0,  5, 25, 11,   3, -25 },  // '!'
  {     63, 10,  9, 14,   2, -25 },  // '"'
  {    108, 21, 25, 21,   0, -25 },  // '#'
  {    371, 18, 30, 20,   1, -26 },  // '$'
  {    641, 28, 28, 32,   2, -27 },  // '%'
  {   1033, 23, 25, 25,   2, -25 },  // '&'
  {   1321,  3,  9,  7,   2, -25 },  // 0x27
  {   1335,  9, 35, 14,   3, -27 },  // '('
  {   1493, 10, 35, 14,   2, -27 },  // ')'
  {   1668, 15, 14, 15,   0, -26 },  // '*'
  {   1773, 13, 13, 21,   4, -19 },  // '+'
  {   1858,  6, 11,  9,   1,  -5 },  // ','
  {   1891, 10,  3, 14,   2, -14 },  // '-'
  {   1906,  5,  5,  9,   2,  -5 },  // '.'
  {   1919, 16, 33, 14,  -1, -27 },  // '/'
  {   2183, 18, 25, 22,   2, -25 },  // '0'
  {   2408, 14, 25, 16,   1, -25 },  // '1'
  {   2583, 16, 25, 18,   0, -25 },  // '2'
  {   2783, 19, 25, 21,   0, -25 },  // '3'
  {   3021, 19, 25, 21,   1, -25 },  // '4'
  {   3259, 18, 25, 20,   0, -25 },  // '5'
  {   3484, 17, 25, 20,   2, -25 },  // '6'
  {   3697, 16, 25, 18,   1, -25 },  // '7'
  {   3897, 18, 25, 22,   2, -25 },  // '8'
  {   4122, 17, 25, 20,   1, -25 },  // '9'
  {   4335,  5, 18,  9,   2, -18 },  // ':'
  {   4380,  6, 25,  9,   1, -18 },  // ';'
  {   4455, 14, 16, 21,   4, -20 },  // '<'
  {   4567, 13, 10, 21,   4, -17 },  // '='
  {   4632, 14, 16, 21,   3, -20 },  // '>'
  {   4744, 16, 25, 17,   0, -25 },  // '?'
  {   4944, 29, 29, 36,   4, -25 },  // '@'
  {   5365, 22, 25, 22,   0, -25 },  // 'A'
  {   5640, 17, 25, 23,   4, -25 },  // 'B'
  {   5853, 17, 25, 21,   3, -25 },  // 'C'
  {   6066, 18, 25, 24,   4, -25 },  // 'D'
  {   6291, 14, 25, 21,   4, -25 },  // 'E'
  {   6466, 15, 25, 19,   4, -25 },  // 'F'
  {   6654, 19, 25, 24,   3, -25 },  // 'G'
  {   6892, 18, 25, 26,   4, -25 },  // 'H'
  {   7117, 10, 25, 16,   3, -25 },  // 'I'
  {   7242, 15, 25, 19,   1, -25 },  // 'J'
  {   7430, 19, 25, 23,   4, -25 },  // 'K'
  {   7668, 14, 25, 19,   4, -25 },  // 'L'
  {   7843, 23, 25, 31,   4, -25 },  // 'M'
  {   8131, 19, 25, 27,   4, -25 },  // 'N'
  {   8369, 20, 25, 25,   3, -25 },  // 'O'
  {   8619, 16, 25, 21,   4, -25 },  // 'P'
  {   8819, 21, 29, 26,   3, -25 },  // 'Q'
  {   9124, 18, 25, 23,   4, -25 },  // 'R'
  {   9349, 18, 25, 21,   1, -25 },  // 'S'
  {   9574, 18, 25, 20,   1, -25 },  // 'T'
  {   9799, 19, 25, 25,   3, -25 },  // 'U'
  {  10037, 22, 25, 22,   0, -25 },  // 'V'
  {  10312, 29, 25, 31,   1, -25 },  // 'W'
  {  10675, 22, 25, 22,   0, -25 },  // 'X'
  {  10950, 20, 25, 20,   0, -25 },  // 'Y'
  {  11200, 17, 25, 21,   2, -25 },  // 'Z'
  {  11413,  8, 33, 14,   3, -26 },  // '['
  {  11545, 16, 33, 14,  -1, -27 },  // '\'
  {  11809,  9, 33, 15,   3, -26 },  // ']'
  {  11958, 17, 11, 21,   2, -25 },  // '^'
  {  12052, 18,  3, 21,   2,   2 },  // '_'
  {  12079, 10,  6, 14,   2, -27 },  // '`'
  {  12109, 15, 19, 20,   2, -19 },  // 'a'
  {  12252, 16, 26, 21,   3, -26 },  // 'b'
  {  12460, 15, 19, 17,   2, -19 },  // 'c'
  {  12603, 16, 26, 21,   2, -26 },  // 'd'
  {  12811, 16, 19, 20,   2, -19 },  // 'e'
  {  12963, 12, 26, 13,   1, -26 },  // 'f'
  {  13119, 16, 26, 21,   2, -19 },  // 'g'
  {  13327, 15, 26, 21,   3, -26 },  // 'h'
  {  13522,  7, 26, 11,   1, -26 },  // 'i'
  {  13613,  7, 33, 11,   1, -26 },  // 'j'
  {  13729, 16, 26, 19,   3, -26 },  // 'k'
  {  13937,  7, 26, 11,   3, -26 },  // 'l'
  {  14028, 25, 19, 30,   3, -19 },  // 'm'
  {  14266, 15, 19, 21,   3, -19 },  // 'n'
  {  14409, 17, 19, 21,   2, -19 },  // 'o'
  {  14571, 16, 26, 21,   3, -19 },  // 'p'
  {  14779, 16, 26, 21,   2, -19 },  // 'q'
  {  14987, 11, 19, 14,   3, -19 },  // 'r'
  {  15092, 15, 19, 18,   1, -19 },  // 's'
  {  15235, 12, 24, 14,   1, -24 },  // 't'
  {  15379, 15, 19, 21,   3, -19 },  // 'u'
  {  15522, 18, 19, 19,   1, -19 },  // 'v'
  {  15693, 26, 19, 28,   1, -19 },  // 'w'
  {  15940, 18, 19, 19,   0, -19 },  // 'x'
  {  16111, 17, 26, 19,   1, -19 },  // 'y'
  {  16332, 14, 19, 16,   1, -19 },  // 'z'
  {  16465, 12, 35, 14,   1, -27 },  // '{'
  {  16675,  4, 29, 14,   5, -26 },  // '|'
  {  16733, 11, 35, 14,   2, -27 },  // '}'
  {  16926, 16,  5, 21,   3, -15 },  // '~'
};

static const AAFont ArtifaktMedium18AA PROGMEM = {
  ArtifaktMedium18AABitmaps, ArtifaktMedium18AAGlyphs, 0x20, 0x7E, 49
};
