// Artifakt Element Medium 24pt - 4-bit AA (byte-aligned per glyph)
#pragma once
#include <stdint.h>

#ifndef AAFONT_STRUCTS
#define AAFONT_STRUCTS
struct AAGlyph { uint32_t bitmapOffset; uint8_t width,height,xAdvance; int8_t xOffset,yOffset; };
struct AAFont  { const uint8_t* bitmap; const AAGlyph* glyph; uint8_t first,last,yAdvance; };
#endif

static const uint8_t ArtifaktMedium24AABitmaps[] PROGMEM = {
  0x0F, 0xFF, 0xFB, 0x0F, 0xFF, 0xFB, 0x0F, 0xFF, 0xFB, 0x0F, 0xFF, 0xFB, 0x0F, 0xFF, 0xFB, 0x0F,
  0xFF, 0xFB, 0x0F, 0xFF, 0xFB, 0x0F, 0xFF, 0xFB, 0x0F, 0xFF, 0xFB, 0x0F, 0xFF, 0xFB, 0x0F, 0xFF,
  0xFB, 0x0F, 0xFF, 0xFB, 0x0F, 0xFF, 0xFB, 0x0F, 0xFF, 0xFB, 0x0F, 0xFF, 0xFB, 0x0F, 0xFF, 0xFB,
  0x0F, 0xFF, 0xFB, 0x0F, 0xFF, 0xFB, 0x0F, 0xFF, 0xFB, 0x0F, 0xFF, 0xFB, 0x0F, 0xFF, 0xFB, 0x0F,
  0xFF, 0xFB, 0x0F, 0xFF, 0xFB, 0x00, 0x00, 0x00, 0x00, 0x00, 0x00, 0x00, 0x00, 0x00, 0x00, 0x00,
  0x00, 0x01, 0x66, 0x10, 0x2E, 0xFF, 0xE2, 0xAF, 0xFF, 0xFA, 0xEF, 0xFF, 0xFE, 0xEF, 0xFF, 0xFE,
  0xAF, 0xFF, 0xFA, 0x2E, 0xFF, 0xE2, 0x01, 0x66, 0x10, 0xFF, 0xFF, 0x00, 0x00, 0x0F, 0xFF, 0xFF,
  0xFF, 0xF0, 0x00, 0x00, 0xFF, 0xFF, 0xFF, 0xFF, 0x00, 0x00, 0x0F, 0xFF, 0xFF, 0xFF, 0xF0, 0x00,
  0x00, 0xFF, 0xFF, 0xFF, 0xFF, 0x00, 0x00, 0x0F, 0xFF, 0xFF, 0xFF, 0xF0, 0x00, 0x00, 0xFF, 0xFF,
  0xFF, 0xFF, 0x00, 0x00, 0x0F, 0xFF, 0xFF, 0xFF, 0xF0, 0x00, 0x00, 0xFF, 0xFF, 0xFF, 0xFF, 0x00,
  0x00, 0x0F, 0xFF, 0xFF, 0xFF, 0xF0, 0x00, 0x00, 0xFF, 0xFF, 0xFF, 0xFF, 0x00, 0x00, 0x0F, 0xFF,
  0xFF, 0xFF, 0xF0, 0x00, 0x00, 0xFF, 0xFF, 0x00, 0x00, 0x00, 0x12, 0x10, 0x00, 0x00, 0x00, 0x00,
  0x12, 0x10, 0x00, 0x00, 0x00, 0x00, 0x00, 0x0B, 0xFF, 0xFD, 0x00, 0x00, 0x00, 0x06, 0xFF, 0xFF,
  0x20, 0x00, 0x00, 0x00, 0x00, 0xCF, 0xFF, 0xD0, 0x00, 0x00, 0x00, 0x8F, 0xFF, 0xF1, 0x00, 0x00,
  0x00, 0x00, 0x0E, 0xFF, 0xFB, 0x00, 0x00, 0x00, 0x0A, 0xFF, 0xFF, 0x00, 0x00, 0x00, 0x00, 0x00,
  0xFF, 0xFF, 0xA0, 0x00, 0x00, 0x00, 0xBF, 0xFF, 0xE0, 0x00, 0x00, 0x00, 0x00, 0x1F, 0xFF, 0xF8,
  0x00, 0x00, 0x00, 0x0D, 0xFF, 0xFC, 0x00, 0x00, 0x00, 0x00, 0x03, 0xFF, 0xFF, 0x70, 0x00, 0x00,
  0x00, 0xFF, 0xFF, 0xB0, 0x00, 0x00, 0x00, 0x00, 0x5F, 0xFF, 0xF5, 0x00, 0x00, 0x00, 0x0F, 0xFF,
  0xF9, 0x00, 0x00, 0x00, 0x00, 0x06, 0xFF, 0xFF, 0x30, 0x00, 0x00, 0x02, 0xFF, 0xFF, 0x80, 0x00,
  0x00, 0x3F, 0xFF, 0xFF, 0xFF, 0xFF, 0xFF, 0xFF, 0xFF, 0xFF, 0xFF, 0xFF, 0xFF, 0xF1, 0x05, 0xFF,
  0xFF, 0xFF, 0xFF, 0xFF, 0xFF, 0xFF, 0xFF, 0xFF, 0xFF, 0xFF, 0xFF, 0x00, 0x7F, 0xFF, 0xFF, 0xFF,
  0xFF, 0xFF, 0xFF, 0xFF, 0xFF, 0xFF, 0xFF, 0xFF, 0xD0, 0x06, 0xCC, 0xCF, 0xFF, 0xFF, 0xCC, 0xCC,
  0xCC, 0xCE, 0xFF, 0xFF, 0xCC, 0xC8, 0x00, 0x00, 0x00, 0xFF, 0xFF, 0xA0, 0x00, 0x00, 0x00, 0xBF,
  0xFF, 0xF0, 0x00, 0x00, 0x00, 0x00, 0x1F, 0xFF, 0xF9, 0x00, 0x00, 0x00, 0x0C, 0xFF, 0xFD, 0x00,
  0x00, 0x00, 0x00, 0x02, 0xFF, 0xFF, 0x70, 0x00, 0x00, 0x00, 0xEF, 0xFF, 0xB0, 0x00, 0x00, 0x00,
  0x00, 0x4F, 0xFF, 0xF6, 0x00, 0x00, 0x00, 0x0F, 0xFF, 0xFA, 0x00, 0x00, 0x00, 0x00, 0x05, 0xFF,
  0xFF, 0x40, 0x00, 0x00, 0x01, 0xFF, 0xFF, 0x80, 0x00, 0x00, 0x00, 0x00, 0x7F, 0xFF, 0xF2, 0x00,
  0x00, 0x00, 0x3F, 0xFF, 0xF6, 0x00, 0x00, 0x00, 0x00, 0x08, 0xFF, 0xFF, 0x10, 0x00, 0x00, 0x04,
  0xFF, 0xFF, 0x50, 0x00, 0x00, 0x00, 0x00, 0xAF, 0xFF, 0xF0, 0x00, 0x00, 0x00, 0x6F, 0xFF, 0xF3,
  0x00, 0x00, 0x00, 0x00, 0x0C, 0xFF, 0xFD, 0x00, 0x00, 0x00, 0x07, 0xFF, 0xFF, 0x10, 0x00, 0x00,
  0x7C, 0xCC, 0xFF, 0xFF, 0xFC, 0xCC, 0xCC, 0xCC, 0xEF, 0xFF, 0xFC, 0xCC, 0x80, 0x0B, 0xFF, 0xFF,
  0xFF, 0xFF, 0xFF, 0xFF, 0xFF, 0xFF, 0xFF, 0xFF, 0xFF, 0xF9, 0x00, 0xCF, 0xFF, 0xFF, 0xFF, 0xFF,
  0xFF, 0xFF, 0xFF, 0xFF, 0xFF, 0xFF, 0xFF, 0x70, 0x0E, 0xFF, 0xFF, 0xFF, 0xFF, 0xFF, 0xFF, 0xFF,
  0xFF, 0xFF, 0xFF, 0xFF, 0xF6, 0x00, 0x00, 0x04, 0xFF, 0xFF, 0x50, 0x00, 0x00, 0x00, 0xFF, 0xFF,
  0x90, 0x00, 0x00, 0x00, 0x00, 0x6F, 0xFF, 0xF3, 0x00, 0x00, 0x00, 0x2F, 0xFF, 0xF8, 0x00, 0x00,
  0x00, 0x00, 0x08, 0xFF, 0xFF, 0x20, 0x00, 0x00, 0x03, 0xFF, 0xFF, 0x60, 0x00, 0x00, 0x00, 0x00,
  0x9F, 0xFF, 0xF0, 0x00, 0x00, 0x00, 0x5F, 0xFF, 0xF4, 0x00, 0x00, 0x00, 0x00, 0x0B, 0xFF, 0xFE,
  0x00, 0x00, 0x00, 0x07, 0xFF, 0xFF, 0x30, 0x00, 0x00, 0x00, 0x00, 0xDF, 0xFF, 0xD0, 0x00, 0x00,
  0x00, 0x8F, 0xFF, 0xF1, 0x00, 0x00, 0x00, 0x00, 0x0E, 0xFF, 0xFB, 0x00, 0x00, 0x00, 0x0A, 0xFF,
  0xFF, 0x00, 0x00, 0x00, 0x00, 0x00, 0xFF, 0xFF, 0x90, 0x00, 0x00, 0x00, 0xCF, 0xFF, 0xE0, 0x00,
  0x00, 0x00, 0x00, 0x04, 0x56, 0x74, 0x00, 0x00, 0x00, 0x03, 0x56, 0x76, 0x00, 0x00, 0x00, 0x00,
  0x00, 0x00, 0x00, 0x00, 0x00, 0xFF, 0xFF, 0xB0, 0x00, 0x00, 0x00, 0x00, 0x00, 0x00, 0x00, 0x00,
  0x00, 0xFF, 0xFF, 0xB0, 0x00, 0x00, 0x00, 0x00, 0x00, 0x00, 0x00, 0x00, 0x00, 0xFF, 0xFF, 0xB0,
  0x00, 0x00, 0x00, 0x00, 0x00, 0x00, 0x00, 0x00, 0x00, 0xFF, 0xFF, 0xB0, 0x00, 0x00, 0x00, 0x00,
  0x00, 0x00, 0x00, 0x00, 0x01, 0xFF, 0xFF, 0xC3, 0x00, 0x00, 0x00, 0x00, 0x00, 0x00, 0x00, 0x28,
  0xDF, 0xFF, 0xFF, 0xFF, 0xFD, 0x82, 0x00, 0x00, 0x00, 0x00, 0x09, 0xFF, 0xFF, 0xFF, 0xFF, 0xFF,
  0xFF, 0xFF, 0xA2, 0x00, 0x00, 0x01, 0xDF, 0xFF, 0xFF, 0xFF, 0xFF, 0xFF, 0xFF, 0xFF, 0xFF, 0x60,
  0x00, 0x0C, 0xFF, 0xFF, 0xF9, 0x41, 0x00, 0x13, 0x7C, 0xFF, 0xFF, 0xF5, 0x00, 0x6F, 0xFF, 0xFD,
  0x20, 0x00, 0x00, 0x00, 0x00, 0x4D, 0xFF, 0x80, 0x00, 0xCF, 0xFF, 0xF2, 0x00, 0x00, 0x00, 0x00,
  0x00, 0x00, 0x88, 0x00, 0x00, 0xFF, 0xFF, 0xC0, 0x00, 0x00, 0x00, 0x00, 0x00, 0x00, 0x00, 0x00,
  0x00, 0xFF, 0xFF, 0xB0, 0x00, 0x00, 0x00, 0x00, 0x00, 0x00, 0x00, 0x00, 0x00, 0xFF, 0xFF, 0xC0,
  0x00, 0x00, 0x00, 0x00, 0x00, 0x00, 0x00, 0x00, 0x00, 0xDF, 0xFF, 0xF5, 0x00, 0x00, 0x00, 0x00,
  0x00, 0x00, 0x00, 0x00, 0x00, 0x8F, 0xFF, 0xFF, 0x70, 0x00, 0x00, 0x00, 0x00, 0x00, 0x00, 0x00,
  0x00, 0x1E, 0xFF, 0xFF, 0xFD, 0x71, 0x00, 0x00, 0x00, 0x00, 0x00, 0x00, 0x00, 0x03, 0xFF, 0xFF,
  0xFF, 0xFF, 0xC7, 0x30, 0x00, 0x00, 0x00, 0x00, 0x00, 0x00, 0x2D, 0xFF, 0xFF, 0xFF, 0xFF, 0xFE,
  0x93, 0x00, 0x00, 0x00, 0x00, 0x00, 0x00, 0x6D, 0xFF, 0xFF, 0xFF, 0xFF, 0xFF, 0xC4, 0x00, 0x00,
  0x00, 0x00, 0x00, 0x00, 0x39, 0xEF, 0xFF, 0xFF, 0xFF, 0xFF, 0xA0, 0x00, 0x00, 0x00, 0x00, 0x00,
  0x00, 0x03, 0x8D, 0xFF, 0xFF, 0xFF, 0xFD, 0x10, 0x00, 0x00, 0x00, 0x00, 0x00, 0x00, 0x00, 0x28,
  0xFF, 0xFF, 0xFF, 0xB0, 0x00, 0x00, 0x00, 0x00, 0x00, 0x00, 0x00, 0x00, 0x1A, 0xFF, 0xFF, 0xF3,
  0x00, 0x00, 0x00, 0x00, 0x00, 0x00, 0x00, 0x00, 0x00, 0xAF, 0xFF, 0xF7, 0x00, 0x00, 0x00, 0x00,
  0x00, 0x00, 0x00, 0x00, 0x00, 0x2F, 0xFF, 0xFA, 0x00, 0x00, 0x00, 0x00, 0x00, 0x00, 0x00, 0x00,
  0x00, 0x0F, 0xFF, 0xFB, 0x00, 0x00, 0x00, 0x00, 0x00, 0x00, 0x00, 0x00, 0x00, 0x0F, 0xFF, 0xFA,
  0x00, 0x00, 0x00, 0x00, 0x00, 0x00, 0x00, 0x00, 0x00, 0x3F, 0xFF, 0xF9, 0x00, 0x2A, 0x10, 0x00,
  0x00, 0x00, 0x00, 0x00, 0x00, 0xBF, 0xFF, 0xF5, 0x02, 0xEF, 0xF7, 0x00, 0x00, 0x00, 0x00, 0x00,
  0x1B, 0xFF, 0xFF, 0xE0, 0x1D, 0xFF, 0xFF, 0xE9, 0x52, 0x10, 0x01, 0x49, 0xFF, 0xFF, 0xFF, 0x60,
  0x07, 0xFF, 0xFF, 0xFF, 0xFF, 0xFF, 0xFF, 0xFF, 0xFF, 0xFF, 0xF9, 0x00, 0x00, 0x3C, 0xFF, 0xFF,
  0xFF, 0xFF, 0xFF, 0xFF, 0xFF, 0xFF, 0x60, 0x00, 0x00, 0x00, 0x4B, 0xFF, 0xFF, 0xFF, 0xFF, 0xFF,
  0xFE, 0x91, 0x00, 0x00, 0x00, 0x00, 0x00, 0x04, 0x79, 0xFF, 0xFF, 0xD7, 0x30, 0x00, 0x00, 0x00,
  0x00, 0x00, 0x00, 0x00, 0x00, 0xFF, 0xFF, 0xB0, 0x00, 0x00, 0x00, 0x00, 0x00, 0x00, 0x00, 0x00,
  0x00, 0xFF, 0xFF, 0xB0, 0x00, 0x00, 0x00, 0x00, 0x00, 0x00, 0x00, 0x00, 0x00, 0xFF, 0xFF, 0xB0,
  0x00, 0x00, 0x00, 0x00, 0x00, 0x00, 0x00, 0x00, 0x00, 0xFF, 0xFF, 0xB0, 0x00, 0x00, 0x00, 0x00,
  0x00, 0x00, 0x00, 0x00, 0x00, 0xFF, 0xFF, 0xB0, 0x00, 0x00, 0x00, 0x00, 0x00, 0x00, 0x00, 0x00,
  0x00, 0x00, 0x00, 0x00, 0x00, 0x00, 0x00, 0x00, 0x1B, 0x40, 0x00, 0x00, 0x00, 0x00, 0x00, 0x00,
  0x18, 0xCE, 0xFE, 0xC8, 0x20, 0x00, 0x00, 0x00, 0x00, 0x00, 0x08, 0xFF, 0xD3, 0x00, 0x00, 0x00,
  0x00, 0x00, 0x6F, 0xFF, 0xFF, 0xFF, 0xFF, 0x70, 0x00, 0x00, 0x00, 0x00, 0x00, 0xEF, 0xFF, 0x10,
  0x00, 0x00, 0x00, 0x00, 0x7F, 0xFF, 0xFF, 0xFF, 0xFF, 0xFF, 0x70, 0x00, 0x00, 0x00, 0x00, 0x6F,
  0xFF, 0x90, 0x00, 0x00, 0x00, 0x00, 0x2F, 0xFF, 0xFA, 0x20, 0x2A, 0xFF, 0xFF, 0x20, 0x00, 0x00,
  0x00, 0x0D, 0xFF, 0xF2, 0x00, 0x00, 0x00, 0x00, 0x09, 0xFF, 0xFC, 0x00, 0x00, 0x0C, 0xFF, 0xF9,
  0x00, 0x00, 0x00, 0x05, 0xFF, 0xFA, 0x00, 0x00, 0x00, 0x00, 0x00, 0xDF, 0xFF, 0x40, 0x00, 0x00,
  0x4F, 0xFF, 0xD0, 0x00, 0x00, 0x00, 0xCF, 0xFF, 0x30, 0x00, 0x00, 0x00, 0x00, 0x0F, 0xFF, 0xF1,
  0x00, 0x00, 0x01, 0xFF, 0xFF, 0x00, 0x00, 0x00, 0x3F, 0xFF, 0xC0, 0x00, 0x00, 0x00, 0x00, 0x00,
  0xFF, 0xFF, 0x00, 0x00, 0x00, 0x0F, 0xFF, 0xF0, 0x00, 0x00, 0x0A, 0xFF, 0xF4, 0x00, 0x00, 0x00,
  0x00, 0x00, 0x0F, 0xFF, 0xF0, 0x00, 0x00, 0x00, 0xFF, 0xFF, 0x00, 0x00, 0x02, 0xFF, 0xFD, 0x00,
  0x00, 0x00, 0x00, 0x00, 0x00, 0xFF, 0xFF, 0x00, 0x00, 0x00, 0x0F, 0xFF, 0xF0, 0x00, 0x00, 0x9F,
  0xFF, 0x60, 0x00, 0x00, 0x00, 0x00, 0x00, 0x0F, 0xFF, 0xF0, 0x00, 0x00, 0x00, 0xFF, 0xFF, 0x00,
  0x00, 0x1F, 0xFF, 0xE0, 0x00, 0x00, 0x00, 0x00, 0x00, 0x00, 0xFF, 0xFF, 0x00, 0x00, 0x00, 0x0F,
  0xFF, 0xF0, 0x00, 0x07, 0xFF, 0xF7, 0x00, 0x00, 0x00, 0x00, 0x00, 0x00, 0x0F, 0xFF, 0xF0, 0x00,
  0x00, 0x00, 0xFF, 0xFF, 0x00, 0x00, 0xEF, 0xFF, 0x10, 0x00, 0x00, 0x00, 0x00, 0x00, 0x00, 0xFF,
  0xFF, 0x10, 0x00, 0x00, 0x1F, 0xFF, 0xF0, 0x00, 0x5F, 0xFF, 0x90, 0x00, 0x00, 0x00, 0x00, 0x00,
  0x00, 0x0D, 0xFF, 0xF3, 0x00, 0x00, 0x03, 0xFF, 0xFD, 0x00, 0x0C, 0xFF, 0xF1, 0x00, 0x00, 0x00,
  0x00, 0x00, 0x00, 0x00, 0x9F, 0xFF, 0xB0, 0x00, 0x00, 0xBF, 0xFF, 0x90, 0x04, 0xFF, 0xFA, 0x00,
  0x00, 0x00, 0x00, 0x00, 0x00, 0x00, 0x02, 0xFF, 0xFF, 0xA2, 0x02, 0x9F, 0xFF, 0xF2, 0x00, 0xBF,
  0xFF, 0x30, 0x00, 0x18, 0xCE, 0xFE, 0xC8, 0x20, 0x00, 0x07, 0xFF, 0xFF, 0xFF, 0xFF, 0xFF, 0xF7,
  0x00, 0x2F, 0xFF, 0xB0, 0x00, 0x6F, 0xFF, 0xFF, 0xFF, 0xFF, 0x70, 0x00, 0x07, 0xFF, 0xFF, 0xFF,
  0xFF, 0xF7, 0x00, 0x09, 0xFF, 0xF4, 0x00, 0x6F, 0xFF, 0xFF, 0xFF, 0xFF, 0xFF, 0x70, 0x00, 0x01,
  0x8C, 0xEF, 0xFD, 0x82, 0x00, 0x01, 0xFF, 0xFD, 0x00, 0x1F, 0xFF, 0xFA, 0x20, 0x2A, 0xFF, 0xFF,
  0x10, 0x00, 0x00, 0x00, 0x00, 0x00, 0x00, 0x00, 0x8F, 0xFF, 0x50, 0x08, 0xFF, 0xFC, 0x00, 0x00,
  0x0C, 0xFF, 0xF8, 0x00, 0x00, 0x00, 0x00, 0x00, 0x00, 0x00, 0x0E, 0xFF, 0xE0, 0x00, 0xCF, 0xFF,
  0x40, 0x00, 0x00, 0x4F, 0xFF, 0xC0, 0x00, 0x00, 0x00, 0x00, 0x00, 0x00, 0x06, 0xFF, 0xF7, 0x00,
  0x0E, 0xFF, 0xF1, 0x00, 0x00, 0x01, 0xFF, 0xFE, 0x00, 0x00, 0x00, 0x00, 0x00, 0x00, 0x00, 0xDF,
  0xFF, 0x00, 0x00, 0xFF, 0xFF, 0x00, 0x00, 0x00, 0x0F, 0xFF, 0xF0, 0x00, 0x00, 0x00, 0x00, 0x00,
  0x00, 0x4F, 0xFF, 0x80, 0x00, 0x0F, 0xFF, 0xF0, 0x00, 0x00, 0x00, 0xFF, 0xFF, 0x00, 0x00, 0x00,
  0x00, 0x00, 0x00, 0x0C, 0xFF, 0xF1, 0x00, 0x00, 0xFF, 0xFF, 0x00, 0x00, 0x00, 0x0F, 0xFF, 0xF0,
  0x00, 0x00, 0x00, 0x00, 0x00, 0x03, 0xFF, 0xFA, 0x00, 0x00, 0x0F, 0xFF, 0xF0, 0x00, 0x00, 0x00,
  0xFF, 0xFF, 0x00, 0x00, 0x00, 0x00, 0x00, 0x00, 0xAF, 0xFF, 0x20, 0x00, 0x00, 0xFF, 0xFF, 0x00,
  0x00, 0x00, 0x0F, 0xFF, 0xF0, 0x00, 0x00, 0x00, 0x00, 0x00, 0x1F, 0xFF, 0xB0, 0x00, 0x00, 0x0F,
  0xFF, 0xF0, 0x00, 0x00, 0x00, 0xFF, 0xFF, 0x00, 0x00, 0x00, 0x00, 0x00, 0x08, 0xFF, 0xF4, 0x00,
  0x00, 0x00, 0xFF, 0xFF, 0x00, 0x00, 0x00, 0x0F, 0xFF, 0xF0, 0x00, 0x00, 0x00, 0x00, 0x00, 0xFF,
  0xFD, 0x00, 0x00, 0x00, 0x0E, 0xFF, 0xF2, 0x00, 0x00, 0x02, 0xFF, 0xFE, 0x00, 0x00, 0x00, 0x00,
  0x00, 0x7F, 0xFF, 0x50, 0x00, 0x00, 0x00, 0xBF, 0xFF, 0x70, 0x00, 0x00, 0x7F, 0xFF, 0xA0, 0x00,
  0x00, 0x00, 0x00, 0x0E, 0xFF, 0xE0, 0x00, 0x00, 0x00, 0x05, 0xFF, 0xFF, 0x20, 0x00, 0x2E, 0xFF,
  0xF5, 0x00, 0x00, 0x00, 0x00, 0x05, 0xFF, 0xF7, 0x00, 0x00, 0x00, 0x00, 0x0C, 0xFF, 0xFF, 0xA8,
  0xAF, 0xFF, 0xFC, 0x00, 0x00, 0x00, 0x00, 0x00, 0xCF, 0xFF, 0x00, 0x00, 0x00, 0x00, 0x00, 0x1D,
  0xFF, 0xFF, 0xFF, 0xFF, 0xFD, 0x10, 0x00, 0x00, 0x00, 0x00, 0x3F, 0xFF, 0x80, 0x00, 0x00, 0x00,
  0x00, 0x00, 0x19, 0xFF, 0xFF, 0xFF, 0xF9, 0x10, 0x00, 0x00, 0x00, 0x00, 0x00, 0x6D, 0xF1, 0x00,
  0x00, 0x00, 0x00, 0x00, 0x00, 0x00, 0x46, 0x76, 0x41, 0x00, 0x00, 0x00, 0x00, 0x00, 0x00, 0x00,
  0x03, 0x00, 0x00, 0x00, 0x00, 0x00, 0x00, 0x00, 0x00, 0x00, 0x00, 0x00, 0x00, 0x00, 0x00, 0x00,
  0x00, 0x00, 0x25, 0x67, 0x65, 0x30, 0x00, 0x00, 0x00, 0x00, 0x00, 0x00, 0x00, 0x00, 0x00, 0x00,
  0x18, 0xEF, 0xFF, 0xFF, 0xFF, 0xE8, 0x10, 0x00, 0x00, 0x00, 0x00, 0x00, 0x00, 0x00, 0x00, 0x4E,
  0xFF, 0xFF, 0xFF, 0xFF, 0xFF, 0xFE, 0x50, 0x00, 0x00, 0x00, 0x00, 0x00, 0x00, 0x00, 0x4F, 0xFF,
  0xFF, 0xFF, 0xFF, 0xFF, 0xFF, 0xFF, 0x40, 0x00, 0x00, 0x00, 0x00, 0x00, 0x00, 0x0E, 0xFF, 0xFF,
  0xF9, 0x64, 0x59, 0xFF, 0xFF, 0xFE, 0x10, 0x00, 0x00, 0x00, 0x00, 0x00, 0x06, 0xFF, 0xFF, 0xC1,
  0x00, 0x00, 0x01, 0xDF, 0xFF, 0xF6, 0x00, 0x00, 0x00, 0x00, 0x00, 0x00, 0x9F, 0xFF, 0xF3, 0x00,
  0x00, 0x00, 0x04, 0xFF, 0xFF, 0xA0, 0x00, 0x00, 0x00, 0x00, 0x00, 0x0B, 0xFF, 0xFF, 0x00, 0x00,
  0x00, 0x00, 0x0F, 0xFF, 0xFB, 0x00, 0x00, 0x00, 0x00, 0x00, 0x00, 0xBF, 0xFF, 0xF0, 0x00, 0x00,
  0x00, 0x00, 0xFF, 0xFF, 0xB0, 0x00, 0x00, 0x00, 0x00, 0x00, 0x0A, 0xFF, 0xFF, 0x10, 0x00, 0x00,
  0x00, 0x1F, 0xFF, 0xFA, 0x00, 0x00, 0x00, 0x00, 0x00, 0x00, 0x8F, 0xFF, 0xF6, 0x00, 0x00, 0x00,
  0x05, 0xFF, 0xFF, 0x70, 0x00, 0x00, 0x00, 0x00, 0x00, 0x02, 0xFF, 0xFF, 0xE1, 0x00, 0x00, 0x01,
  0xEF, 0xFF, 0xF1, 0x00, 0x00, 0x00, 0x00, 0x00, 0x00, 0x0A, 0xFF, 0xFF, 0xC0, 0x00, 0x03, 0xDF,
  0xFF, 0xF7, 0x00, 0x00, 0x00, 0x00, 0x00, 0x00, 0x00, 0x0D, 0xFF, 0xFF, 0xB0, 0x3A, 0xFF, 0xFF,
  0xF9, 0x00, 0x00, 0x00, 0x00, 0x00, 0x00, 0x00, 0x00, 0x1E, 0xFF, 0xFF, 0xEF, 0xFF, 0xFF, 0xF6,
  0x00, 0x00, 0x00, 0x00, 0x00, 0x00, 0x00, 0x00, 0x00, 0x2E, 0xFF, 0xFF, 0xFF, 0xFF, 0xA2, 0x00,
  0x00, 0x00, 0x00, 0x00, 0x00, 0x00, 0x00, 0x00, 0x2B, 0xFF, 0xFF, 0xFF, 0xF9, 0x20, 0x00, 0x00,
  0x00, 0x00, 0x08, 0x30, 0x00, 0x00, 0x00, 0x7F, 0xFF, 0xFF, 0xFF, 0xFF, 0x90, 0x00, 0x00, 0x00,
  0x00, 0x03, 0xFF, 0xB4, 0x00, 0x00, 0xAF, 0xFF, 0xFF, 0xBF, 0xFF, 0xFF, 0x90, 0x00, 0x00, 0x00,
  0x00, 0xBF, 0xFF, 0xC0, 0x00, 0x8F, 0xFF, 0xFE, 0x40, 0x4F, 0xFF, 0xFF, 0x90, 0x00, 0x00, 0x00,
  0x3F, 0xFF, 0xF4, 0x00, 0x2F, 0xFF, 0xFE, 0x10, 0x00, 0x4F, 0xFF, 0xFF, 0x80, 0x00, 0x00, 0x0B,
  0xFF, 0xFC, 0x00, 0x09, 0xFF, 0xFF, 0x50, 0x00, 0x00, 0x5F, 0xFF, 0xFF, 0x80, 0x00, 0x03, 0xFF,
  0xFF, 0x40, 0x00, 0xDF, 0xFF, 0xE0, 0x00, 0x00, 0x00, 0x5F, 0xFF, 0xFF, 0x80, 0x00, 0xBF, 0xFF,
  0xC0, 0x00, 0x0F, 0xFF, 0xFC, 0x00, 0x00, 0x00, 0x00, 0x5F, 0xFF, 0xFF, 0x70, 0x3F, 0xFF, 0xF4,
  0x00, 0x00, 0xFF, 0xFF, 0xB0, 0x00, 0x00, 0x00, 0x00, 0x6F, 0xFF, 0xFF, 0x7A, 0xFF, 0xFC, 0x00,
  0x00, 0x0F, 0xFF, 0xFB, 0x00, 0x00, 0x00, 0x00, 0x00, 0x6F, 0xFF, 0xFF, 0xFF, 0xFF, 0x40, 0x00,
  0x00, 0xFF, 0xFF, 0xB0, 0x00, 0x00, 0x00, 0x00, 0x00, 0x7F, 0xFF, 0xFF, 0xFF, 0xC0, 0x00, 0x00,
  0x0E, 0xFF, 0xFE, 0x00, 0x00, 0x00, 0x00, 0x00, 0x00, 0x7F, 0xFF, 0xFF, 0xF4, 0x00, 0x00, 0x00,
  0xBF, 0xFF, 0xF3, 0x00, 0x00, 0x00, 0x00, 0x00, 0x00, 0xBF, 0xFF, 0xFF, 0x50, 0x00, 0x00, 0x06,
  0xFF, 0xFF, 0xC0, 0x00, 0x00, 0x00, 0x00, 0x00, 0x7F, 0xFF, 0xFF, 0xFF, 0x40, 0x00, 0x00, 0x0E,
  0xFF, 0xFF, 0xB1, 0x00, 0x00, 0x00, 0x02, 0xBF, 0xFF, 0xFF, 0xFF, 0xFF, 0x40, 0x00, 0x00, 0x5F,
  0xFF, 0xFF, 0xFA, 0x64, 0x45, 0x7C, 0xFF, 0xFF, 0xFF, 0xBF, 0xFF, 0xFF, 0x30, 0x00, 0x00, 0x7F,
  0xFF, 0xFF, 0xFF, 0xFF, 0xFF, 0xFF, 0xFF, 0xFF, 0x40, 0x8F, 0xFF, 0xFF, 0x30, 0x00, 0x00, 0x5E,
  0xFF, 0xFF, 0xFF, 0xFF, 0xFF, 0xFF, 0xFC, 0x20, 0x00, 0x8F, 0xFF, 0xFE, 0x30, 0x00, 0x00, 0x07,
  0xDF, 0xFF, 0xFF, 0xFF, 0xFF, 0xB4, 0x00, 0x00, 0x00, 0x8F, 0xFF, 0xFE, 0x20, 0x00, 0x00, 0x00,
  0x14, 0x67, 0x77, 0x53, 0x00, 0x00, 0x00, 0x00, 0x00, 0x00, 0x00, 0x00, 0xFF, 0xFF, 0xFF, 0xFF,
  0xFF, 0xFF, 0xFF, 0xFF, 0xFF, 0xFF, 0xFF, 0xFF, 0xFF, 0xFF, 0xFF, 0xFF, 0xFF, 0xFF, 0xFF, 0xFF,
  0xFF, 0xFF, 0xFF, 0xFF, 0x00, 0x00, 0x00, 0x00, 0x00, 0x00, 0x00, 0x00, 0x00, 0x01, 0xD7, 0x00,
  0x00, 0x00, 0x00, 0x2D, 0xFF, 0x90, 0x00, 0x00, 0x01, 0xEF, 0xFF, 0xF4, 0x00, 0x00, 0x1D, 0xFF,
  0xFF, 0x80, 0x00, 0x00, 0xCF, 0xFF, 0xF9, 0x00, 0x00, 0x08, 0xFF, 0xFF, 0xC0, 0x00, 0x00, 0x3F,
  0xFF, 0xFE, 0x10, 0x00, 0x00, 0xCF, 0xFF, 0xF4, 0x00, 0x00, 0x04, 0xFF, 0xFF, 0xB0, 0x00, 0x00,
  0x0B, 0xFF, 0xFF, 0x30, 0x00, 0x00, 0x1F, 0xFF, 0xFD, 0x00, 0x00, 0x00, 0x4F, 0xFF, 0xF7, 0x00,
  0x00, 0x00, 0x8F, 0xFF, 0xF3, 0x00, 0x00, 0x00, 0xAF, 0xFF, 0xF0, 0x00, 0x00, 0x00, 0xCF, 0xFF,
  0xE0, 0x00, 0x00, 0x00, 0xEF, 0xFF, 0xC0, 0x00, 0x00, 0x00, 0xFF, 0xFF, 0xB0, 0x00, 0x00, 0x00,
  0xFF, 0xFF, 0xB0, 0x00, 0x00, 0x00, 0xFF, 0xFF, 0xB0, 0x00, 0x00, 0x00, 0xFF, 0xFF, 0xB0, 0x00,
  0x00, 0x00, 0xFF, 0xFF, 0xB0, 0x00, 0x00, 0x00, 0xFF, 0xFF, 0xB0, 0x00, 0x00, 0x00, 0xFF, 0xFF,
  0xB0, 0x00, 0x00, 0x00, 0xFF, 0xFF, 0xB0, 0x00, 0x00, 0x00, 0xFF, 0xFF, 0xB0, 0x00, 0x00, 0x00,
  0xFF, 0xFF, 0xB0, 0x00, 0x00, 0x00, 0xFF, 0xFF, 0xB0, 0x00, 0x00, 0x00, 0xFF, 0xFF, 0xB0, 0x00,
  0x00, 0x00, 0xFF, 0xFF, 0xB0, 0x00, 0x00, 0x00, 0xFF, 0xFF, 0xB0, 0x00, 0x00, 0x00, 0xEF, 0xFF,
  0xC0, 0x00, 0x00, 0x00, 0xDF, 0xFF, 0xE0, 0x00, 0x00, 0x00, 0xBF, 0xFF, 0xF0, 0x00, 0x00, 0x00,
  0x8F, 0xFF, 0xF3, 0x00, 0x00, 0x00, 0x5F, 0xFF, 0xF7, 0x00, 0x00, 0x00, 0x1F, 0xFF, 0xFC, 0x00,
  0x00, 0x00, 0x0B, 0xFF, 0xFF, 0x30, 0x00, 0x00, 0x04, 0xFF, 0xFF, 0xB0, 0x00, 0x00, 0x00, 0xCF,
  0xFF, 0xF4, 0x00, 0x00, 0x00, 0x3F, 0xFF, 0xFE, 0x10, 0x00, 0x00, 0x09, 0xFF, 0xFF, 0xB0, 0x00,
  0x00, 0x00, 0xCF, 0xFF, 0xF9, 0x00, 0x00, 0x00, 0x1D, 0xFF, 0xFF, 0x70, 0x00, 0x00, 0x02, 0xEF,
  0xFF, 0xF4, 0x00, 0x00, 0x00, 0x2E, 0xFF, 0xA0, 0x00, 0x00, 0x00, 0x02, 0xD8, 0x00, 0x00, 0x00,
  0x00, 0x00, 0x00, 0x00, 0x00, 0x00, 0x00, 0x00, 0x00, 0x00, 0x00, 0xBA, 0x00, 0x00, 0x00, 0x00,
  0x1C, 0xFF, 0xA0, 0x00, 0x00, 0x00, 0x9F, 0xFF, 0xFA, 0x00, 0x00, 0x00, 0x0C, 0xFF, 0xFF, 0x90,
  0x00, 0x00, 0x01, 0xDF, 0xFF, 0xF7, 0x00, 0x00, 0x00, 0x2E, 0xFF, 0xFF, 0x40, 0x00, 0x00, 0x04,
  0xFF, 0xFF, 0xD0, 0x00, 0x00, 0x00, 0x9F, 0xFF, 0xF7, 0x00, 0x00, 0x00, 0x1F, 0xFF, 0xFE, 0x00,
  0x00, 0x00, 0x08, 0xFF, 0xFF, 0x60, 0x00, 0x00, 0x01, 0xFF, 0xFF, 0xB0, 0x00, 0x00, 0x00, 0xCF,
  0xFF, 0xF0, 0x00, 0x00, 0x00, 0x8F, 0xFF, 0xF3, 0x00, 0x00, 0x00, 0x5F, 0xFF, 0xF6, 0x00, 0x00,
  0x00, 0x3F, 0xFF, 0xF8, 0x00, 0x00, 0x00, 0x1F, 0xFF, 0xF9, 0x00, 0x00, 0x00, 0x0F, 0xFF, 0xFA,
  0x00, 0x00, 0x00, 0x0F, 0xFF, 0xFA, 0x00, 0x00, 0x00, 0x0F, 0xFF, 0xFB, 0x00, 0x00, 0x00, 0x0F,
  0xFF, 0xFB, 0x00, 0x00, 0x00, 0x0F, 0xFF, 0xFB, 0x00, 0x00, 0x00, 0x0F, 0xFF, 0xFB, 0x00, 0x00,
  0x00, 0x0F, 0xFF, 0xFB, 0x00, 0x00, 0x00, 0x0F, 0xFF, 0xFB, 0x00, 0x00, 0x00, 0x0F, 0xFF, 0xFB,
  0x00, 0x00, 0x00, 0x0F, 0xFF, 0xFB, 0x00, 0x00, 0x00, 0x0F, 0xFF, 0xFB, 0x00, 0x00, 0x00, 0x0F,
  0xFF, 0xFB, 0x00, 0x00, 0x00, 0x0F, 0xFF, 0xFA, 0x00, 0x00, 0x00, 0x0F, 0xFF, 0xFA, 0x00, 0x00,
  0x00, 0x1F, 0xFF, 0xF9, 0x00, 0x00, 0x00, 0x2F, 0xFF, 0xF8, 0x00, 0x00, 0x00, 0x4F, 0xFF, 0xF6,
  0x00, 0x00, 0x00, 0x7F, 0xFF, 0xF3, 0x00, 0x00, 0x00, 0xCF, 0xFF, 0xF0, 0x00, 0x00, 0x01, 0xFF,
  0xFF, 0xB0, 0x00, 0x00, 0x07, 0xFF, 0xFF, 0x60, 0x00, 0x00, 0x1F, 0xFF, 0xFF, 0x00, 0x00, 0x00,
  0x9F, 0xFF, 0xF8, 0x00, 0x00, 0x04, 0xFF, 0xFF, 0xE0, 0x00, 0x00, 0x1E, 0xFF, 0xFF, 0x40, 0x00,
  0x00, 0xDF, 0xFF, 0xF8, 0x00, 0x00, 0x0B, 0xFF, 0xFF, 0xA0, 0x00, 0x00, 0x9F, 0xFF, 0xFB, 0x00,
  0x00, 0x00, 0x1D, 0xFF, 0xB0, 0x00, 0x00, 0x00, 0x01, 0xCA, 0x00, 0x00, 0x00, 0x00, 0x00, 0x00,
  0x00, 0x00, 0x00, 0x00, 0x00, 0x00, 0x00, 0x00, 0xFF, 0xFF, 0x00, 0x00, 0x00, 0x00, 0x00, 0x00,
  0x00, 0x00, 0xFF, 0xFF, 0x00, 0x00, 0x00, 0x00, 0x00, 0x00, 0x00, 0x00, 0xFF, 0xFF, 0x00, 0x00,
  0x00, 0x00, 0x00, 0x00, 0x00, 0x00, 0xFF, 0xFF, 0x00, 0x00, 0x00, 0x00, 0x01, 0x00, 0x00, 0x00,
  0xFF, 0xFF, 0x00, 0x00, 0x01, 0x10, 0x08, 0xF9, 0x20, 0x00, 0xFF, 0xFF, 0x00, 0x03, 0x9F, 0x90,
  0x0D, 0xFF, 0xFC, 0x50, 0xFF, 0xFF, 0x05, 0xCF, 0xFF, 0xE0, 0x2F, 0xFF, 0xFF, 0xFE, 0xFF, 0xFF,
  0xEF, 0xFF, 0xFF, 0xF3, 0x3A, 0xEF, 0xFF, 0xFF, 0xFF, 0xFF, 0xFF, 0xFF, 0xFF, 0xB3, 0x00, 0x03,
  0x7B, 0xFF, 0xFF, 0xFF, 0xFF, 0xB7, 0x30, 0x00, 0x00, 0x00, 0x00, 0x2F, 0xFF, 0xFF, 0xF2, 0x00,
  0x00, 0x00, 0x00, 0x00, 0x00, 0xBF, 0xFF, 0xFF, 0xFC, 0x00, 0x00, 0x00, 0x00, 0x00, 0x08, 0xFF,
  0xFC, 0xBF, 0xFF, 0x90, 0x00, 0x00, 0x00, 0x00, 0x5F, 0xFF, 0xF2, 0x2F, 0xFF, 0xF6, 0x00, 0x00,
  0x00, 0x02, 0xFF, 0xFF, 0x70, 0x06, 0xFF, 0xFF, 0x30, 0x00, 0x00, 0x0D, 0xFF, 0xFC, 0x00, 0x00,
  0xCF, 0xFF, 0xE0, 0x00, 0x00, 0x03, 0xEF, 0xF2, 0x00, 0x00, 0x2F, 0xFE, 0x30, 0x00, 0x00, 0x00,
  0x1B, 0x70, 0x00, 0x00, 0x07, 0xB1, 0x00, 0x00, 0x00, 0x00, 0x00, 0x00, 0x00, 0x00, 0x00, 0x00,
  0x00, 0x00, 0x00, 0x00, 0x00, 0x0F, 0xFF, 0xF0, 0x00, 0x00, 0x00, 0x00, 0x00, 0x00, 0x0F, 0xFF,
  0xF0, 0x00, 0x00, 0x00, 0x00, 0x00, 0x00, 0x0F, 0xFF, 0xF0, 0x00, 0x00, 0x00, 0x00, 0x00, 0x00,
  0x0F, 0xFF, 0xF0, 0x00, 0x00, 0x00, 0x00, 0x00, 0x00, 0x0F, 0xFF, 0xF0, 0x00, 0x00, 0x00, 0x00,
  0x00, 0x00, 0x0F, 0xFF, 0xF0, 0x00, 0x00, 0x00, 0x00, 0x00, 0x00, 0x0F, 0xFF, 0xF0, 0x00, 0x00,
  0x00, 0xFF, 0xFF, 0xFF, 0xFF, 0xFF, 0xFF, 0xFF, 0xFF, 0xFF, 0xFF, 0xFF, 0xFF, 0xFF, 0xFF, 0xFF,
  0xFF, 0xFF, 0xFF, 0xFF, 0xFF, 0xFF, 0xFF, 0xFF, 0xFF, 0xFF, 0xFF, 0xFF, 0xCC, 0xCC, 0xCC, 0xCF,
  0xFF, 0xFC, 0xCC, 0xCC, 0xCC, 0x00, 0x00, 0x00, 0x0F, 0xFF, 0xF0, 0x00, 0x00, 0x00, 0x00, 0x00,
  0x00, 0x0F, 0xFF, 0xF0, 0x00, 0x00, 0x00, 0x00, 0x00, 0x00, 0x0F, 0xFF, 0xF0, 0x00, 0x00, 0x00,
  0x00, 0x00, 0x00, 0x0F, 0xFF, 0xF0, 0x00, 0x00, 0x00, 0x00, 0x00, 0x00, 0x0F, 0xFF, 0xF0, 0x00,
  0x00, 0x00, 0x00, 0x00, 0x00, 0x0F, 0xFF, 0xF0, 0x00, 0x00, 0x00, 0x00, 0x00, 0x00, 0x0F, 0xFF,
  0xF0, 0x00, 0x00, 0x00, 0x00, 0x4C, 0xFD, 0x50, 0x06, 0xFF, 0xFF, 0xF6, 0x0D, 0xFF, 0xFF, 0xFE,
  0x0F, 0xFF, 0xFF, 0xFF, 0x0C, 0xFF, 0xFF, 0xFE, 0x03, 0xFF, 0xFF, 0xFC, 0x00, 0x3F, 0xFF, 0xF8,
  0x00, 0x4F, 0xFF, 0xF3, 0x00, 0x7F, 0xFF, 0xC0, 0x00, 0xBF, 0xFF, 0x40, 0x01, 0xFF, 0xFB, 0x00,
  0x09, 0xFF, 0xE1, 0x00, 0x3F, 0xFF, 0x30, 0x00, 0x4E, 0xF5, 0x00, 0x00, 0x02, 0x50, 0x00, 0x00,
  0xCC, 0xCC, 0xCC, 0xCC, 0xCC, 0xCC, 0xCC, 0xFF, 0xFF, 0xFF, 0xFF, 0xFF, 0xFF, 0xFF, 0xFF, 0xFF,
  0xFF, 0xFF, 0xFF, 0xFF, 0xFF, 0xFF, 0xFF, 0xFF, 0xFF, 0xFF, 0xFF, 0xFF, 0x01, 0x66, 0x10, 0x2E,
  0xFF, 0xE2, 0xAF, 0xFF, 0xFA, 0xEF, 0xFF, 0xFE, 0xEF, 0xFF, 0xFE, 0xAF, 0xFF, 0xFA, 0x2E, 0xFF,
  0xE2, 0x01, 0x66, 0x10, 0x00, 0x00, 0x00, 0x00, 0x00, 0x00, 0x00, 0x00, 0xA6, 0x20, 0x00, 0x00,
  0x00, 0x00, 0x00, 0x00, 0x00, 0x00, 0x3F, 0xFF, 0xD1, 0x00, 0x00, 0x00, 0x00, 0x00, 0x00, 0x00,
  0x09, 0xFF, 0xFD, 0x00, 0x00, 0x00, 0x00, 0x00, 0x00, 0x00, 0x00, 0xEF, 0xFF, 0x80, 0x00, 0x00,
  0x00, 0x00, 0x00, 0x00, 0x00, 0x5F, 0xFF, 0xF2, 0x00, 0x00, 0x00, 0x00, 0x00, 0x00, 0x00, 0x0B,
  0xFF, 0xFC, 0x00, 0x00, 0x00, 0x00, 0x00, 0x00, 0x00, 0x01, 0xFF, 0xFF, 0x60, 0x00, 0x00, 0x00,
  0x00, 0x00, 0x00, 0x00, 0x6F, 0xFF, 0xF1, 0x00, 0x00, 0x00, 0x00, 0x00, 0x00, 0x00, 0x0C, 0xFF,
  0xFB, 0x00, 0x00, 0x00, 0x00, 0x00, 0x00, 0x00, 0x02, 0xFF, 0xFF, 0x50, 0x00, 0x00, 0x00, 0x00,
  0x00, 0x00, 0x00, 0x7F, 0xFF, 0xF0, 0x00, 0x00, 0x00, 0x00, 0x00, 0x00, 0x00, 0x0D, 0xFF, 0xF9,
  0x00, 0x00, 0x00, 0x00, 0x00, 0x00, 0x00, 0x03, 0xFF, 0xFF, 0x40, 0x00, 0x00, 0x00, 0x00, 0x00,
  0x00, 0x00, 0x9F, 0xFF, 0xE0, 0x00, 0x00, 0x00, 0x00, 0x00, 0x00, 0x00, 0x0E, 0xFF, 0xF8, 0x00,
  0x00, 0x00, 0x00, 0x00, 0x00, 0x00, 0x04, 0xFF, 0xFF, 0x20, 0x00, 0x00, 0x00, 0x00, 0x00, 0x00,
  0x00, 0xAF, 0xFF, 0xD0, 0x00, 0x00, 0x00, 0x00, 0x00, 0x00, 0x00, 0x0F, 0xFF, 0xF7, 0x00, 0x00,
  0x00, 0x00, 0x00, 0x00, 0x00, 0x06, 0xFF, 0xFF, 0x10, 0x00, 0x00, 0x00, 0x00, 0x00, 0x00, 0x00,
  0xBF, 0xFF, 0xB0, 0x00, 0x00, 0x00, 0x00, 0x00, 0x00, 0x00, 0x1F, 0xFF, 0xF5, 0x00, 0x00, 0x00,
  0x00, 0x00, 0x00, 0x00, 0x07, 0xFF, 0xFF, 0x00, 0x00, 0x00, 0x00, 0x00, 0x00, 0x00, 0x00, 0xDF,
  0xFF, 0xA0, 0x00, 0x00, 0x00, 0x00, 0x00, 0x00, 0x00, 0x2F, 0xFF, 0xF4, 0x00, 0x00, 0x00, 0x00,
  0x00, 0x00, 0x00, 0x08, 0xFF, 0xFE, 0x00, 0x00, 0x00, 0x00, 0x00, 0x00, 0x00, 0x00, 0xEF, 0xFF,
  0x90, 0x00, 0x00, 0x00, 0x00, 0x00, 0x00, 0x00, 0x4F, 0xFF, 0xF3, 0x00, 0x00, 0x00, 0x00, 0x00,
  0x00, 0x00, 0x09, 0xFF, 0xFD, 0x00, 0x00, 0x00, 0x00, 0x00, 0x00, 0x00, 0x00, 0xFF, 0xFF, 0x70,
  0x00, 0x00, 0x00, 0x00, 0x00, 0x00, 0x00, 0x5F, 0xFF, 0xF2, 0x00, 0x00, 0x00, 0x00, 0x00, 0x00,
  0x00, 0x0B, 0xFF, 0xFC, 0x00, 0x00, 0x00, 0x00, 0x00, 0x00, 0x00, 0x01, 0xFF, 0xFF, 0x60, 0x00,
  0x00, 0x00, 0x00, 0x00, 0x00, 0x00, 0x6F, 0xFF, 0xF1, 0x00, 0x00, 0x00, 0x00, 0x00, 0x00, 0x00,
  0x0C, 0xFF, 0xFA, 0x00, 0x00, 0x00, 0x00, 0x00, 0x00, 0x00, 0x02, 0xFF, 0xFF, 0x50, 0x00, 0x00,
  0x00, 0x00, 0x00, 0x00, 0x00, 0x8F, 0xFF, 0xE0, 0x00, 0x00, 0x00, 0x00, 0x00, 0x00, 0x00, 0x0D,
  0xFF, 0xF9, 0x00, 0x00, 0x00, 0x00, 0x00, 0x00, 0x00, 0x03, 0xFF, 0xFF, 0x30, 0x00, 0x00, 0x00,
  0x00, 0x00, 0x00, 0x00, 0x9F, 0xFF, 0xD0, 0x00, 0x00, 0x00, 0x00, 0x00, 0x00, 0x00, 0x0E, 0xFF,
  0xF8, 0x00, 0x00, 0x00, 0x00, 0x00, 0x00, 0x00, 0x04, 0xFF, 0xFF, 0x20, 0x00, 0x00, 0x00, 0x00,
  0x00, 0x00, 0x00, 0xAF, 0xFF, 0xC0, 0x00, 0x00, 0x00, 0x00, 0x00, 0x00, 0x00, 0x0F, 0xFF, 0xF6,
  0x00, 0x00, 0x00, 0x00, 0x00, 0x00, 0x00, 0x04, 0xFF, 0xFF, 0x10, 0x00, 0x00, 0x00, 0x00, 0x00,
  0x00, 0x00, 0x00, 0x5A, 0xA0, 0x00, 0x00, 0x00, 0x00, 0x00, 0x00, 0x00, 0x00, 0x00, 0x00, 0x00,
  0x00, 0x25, 0x67, 0x65, 0x30, 0x00, 0x00, 0x00, 0x00, 0x00, 0x00, 0x19, 0xEF, 0xFF, 0xFF, 0xFF,
  0xEA, 0x20, 0x00, 0x00, 0x00, 0x00, 0x8F, 0xFF, 0xFF, 0xFF, 0xFF, 0xFF, 0xFF, 0x80, 0x00, 0x00,
  0x00, 0xBF, 0xFF, 0xFF, 0xFF, 0xFF, 0xFF, 0xFF, 0xFF, 0xB0, 0x00, 0x00, 0x9F, 0xFF, 0xFF, 0xE8,
  0x54, 0x58, 0xDF, 0xFF, 0xFF, 0x90, 0x00, 0x5F, 0xFF, 0xFF, 0x70, 0x00, 0x00, 0x00, 0x7F, 0xFF,
  0xFF, 0x50, 0x0D, 0xFF, 0xFF, 0x60, 0x00, 0x00, 0x00, 0x00, 0x6F, 0xFF, 0xFD, 0x04, 0xFF, 0xFF,
  0xB0, 0x00, 0x00, 0x00, 0x00, 0x00, 0xBF, 0xFF, 0xF3, 0x8F, 0xFF, 0xF4, 0x00, 0x00, 0x00, 0x00,
  0x00, 0x04, 0xFF, 0xFF, 0x8C, 0xFF, 0xFF, 0x00, 0x00, 0x00, 0x00, 0x00, 0x00, 0x0F, 0xFF, 0xFB,
  0xDF, 0xFF, 0xD0, 0x00, 0x00, 0x00, 0x00, 0x00, 0x00, 0xDF, 0xFF, 0xDF, 0xFF, 0xFB, 0x00, 0x00,
  0x00, 0x00, 0x00, 0x00, 0x0C, 0xFF, 0xFF, 0xFF, 0xFF, 0xB0, 0x00, 0x00, 0x00, 0x00, 0x00, 0x00,
  0xBF, 0xFF, 0xFF, 0xFF, 0xFB, 0x00, 0x00, 0x00, 0x00, 0x00, 0x00, 0x0B, 0xFF, 0xFF, 0xFF, 0xFF,
  0xB0, 0x00, 0x00, 0x00, 0x00, 0x00, 0x00, 0xBF, 0xFF, 0xFF, 0xFF, 0xFB, 0x00, 0x00, 0x00, 0x00,
  0x00, 0x00, 0x0B, 0xFF, 0xFF, 0xFF, 0xFF, 0xB0, 0x00, 0x00, 0x00, 0x00, 0x00, 0x00, 0xBF, 0xFF,
  0xFF, 0xFF, 0xFB, 0x00, 0x00, 0x00, 0x00, 0x00, 0x00, 0x0B, 0xFF, 0xFF, 0xFF, 0xFF, 0xB0, 0x00,
  0x00, 0x00, 0x00, 0x00, 0x00, 0xBF, 0xFF, 0xFF, 0xFF, 0xFB, 0x00, 0x00, 0x00, 0x00, 0x00, 0x00,
  0x0B, 0xFF, 0xFF, 0xFF, 0xFF, 0xB0, 0x00, 0x00, 0x00, 0x00, 0x00, 0x00, 0xBF, 0xFF, 0xFF, 0xFF,
  0xFB, 0x00, 0x00, 0x00, 0x00, 0x00, 0x00, 0x0B, 0xFF, 0xFF, 0xFF, 0xFF, 0xB0, 0x00, 0x00, 0x00,
  0x00, 0x00, 0x00, 0xBF, 0xFF, 0xFF, 0xFF, 0xFB, 0x00, 0x00, 0x00, 0x00, 0x00, 0x00, 0x0B, 0xFF,
  0xFF, 0xFF, 0xFF, 0xB0, 0x00, 0x00, 0x00, 0x00, 0x00, 0x00, 0xBF, 0xFF, 0xFE, 0xFF, 0xFC, 0x00,
  0x00, 0x00, 0x00, 0x00, 0x00, 0x0C, 0xFF, 0xFE, 0xCF, 0xFF, 0xF0, 0x00, 0x00, 0x00, 0x00, 0x00,
  0x00, 0xFF, 0xFF, 0xC8, 0xFF, 0xFF, 0x30, 0x00, 0x00, 0x00, 0x00, 0x00, 0x4F, 0xFF, 0xF8, 0x4F,
  0xFF, 0xFB, 0x00, 0x00, 0x00, 0x00, 0x00, 0x0B, 0xFF, 0xFF, 0x40, 0xDF, 0xFF, 0xF6, 0x00, 0x00,
  0x00, 0x00, 0x06, 0xFF, 0xFF, 0xD0, 0x05, 0xFF, 0xFF, 0xF7, 0x00, 0x00, 0x00, 0x06, 0xFF, 0xFF,
  0xF5, 0x00, 0x0A, 0xFF, 0xFF, 0xFE, 0x85, 0x45, 0x7D, 0xFF, 0xFF, 0xFA, 0x00, 0x00, 0x0B, 0xFF,
  0xFF, 0xFF, 0xFF, 0xFF, 0xFF, 0xFF, 0xFB, 0x00, 0x00, 0x00, 0x08, 0xFF, 0xFF, 0xFF, 0xFF, 0xFF,
  0xFF, 0xF9, 0x00, 0x00, 0x00, 0x00, 0x01, 0x9E, 0xFF, 0xFF, 0xFF, 0xFF, 0xA2, 0x00, 0x00, 0x00,
  0x00, 0x00, 0x00, 0x02, 0x56, 0x77, 0x53, 0x00, 0x00, 0x00, 0x00, 0x00, 0x00, 0x00, 0x01, 0xAF,
  0xFF, 0xB0, 0x00, 0x00, 0x00, 0x00, 0x00, 0x6F, 0xFF, 0xFF, 0xB0, 0x00, 0x00, 0x00, 0x00, 0x3C,
  0xFF, 0xFF, 0xFF, 0xB0, 0x00, 0x00, 0x00, 0x19, 0xFF, 0xFF, 0xFF, 0xFF, 0xB0, 0x00, 0x00, 0x06,
  0xEF, 0xFF, 0xFF, 0xFF, 0xFF, 0xB0, 0x00, 0x00, 0xAF, 0xFF, 0xFF, 0xFC, 0xFF, 0xFF, 0xB0, 0x00,
  0x00, 0x4F, 0xFF, 0xFD, 0x40, 0xFF, 0xFF, 0xB0, 0x00, 0x00, 0x0C, 0xFD, 0x50, 0x00, 0xFF, 0xFF,
  0xB0, 0x00, 0x00, 0x03, 0x60, 0x00, 0x00, 0xFF, 0xFF, 0xB0, 0x00, 0x00, 0x00, 0x00, 0x00, 0x00,
  0xFF, 0xFF, 0xB0, 0x00, 0x00, 0x00, 0x00, 0x00, 0x00, 0xFF, 0xFF, 0xB0, 0x00, 0x00, 0x00, 0x00,
  0x00, 0x00, 0xFF, 0xFF, 0xB0, 0x00, 0x00, 0x00, 0x00, 0x00, 0x00, 0xFF, 0xFF, 0xB0, 0x00, 0x00,
  0x00, 0x00, 0x00, 0x00, 0xFF, 0xFF, 0xB0, 0x00, 0x00, 0x00, 0x00, 0x00, 0x00, 0xFF, 0xFF, 0xB0,
  0x00, 0x00, 0x00, 0x00, 0x00, 0x00, 0xFF, 0xFF, 0xB0, 0x00, 0x00, 0x00, 0x00, 0x00, 0x00, 0xFF,
  0xFF, 0xB0, 0x00, 0x00, 0x00, 0x00, 0x00, 0x00, 0xFF, 0xFF, 0xB0, 0x00, 0x00, 0x00, 0x00, 0x00,
  0x00, 0xFF, 0xFF, 0xB0, 0x00, 0x00, 0x00, 0x00, 0x00, 0x00, 0xFF, 0xFF, 0xB0, 0x00, 0x00, 0x00,
  0x00, 0x00, 0x00, 0xFF, 0xFF, 0xB0, 0x00, 0x00, 0x00, 0x00, 0x00, 0x00, 0xFF, 0xFF, 0xB0, 0x00,
  0x00, 0x00, 0x00, 0x00, 0x00, 0xFF, 0xFF, 0xB0, 0x00, 0x00, 0x00, 0x00, 0x00, 0x00, 0xFF, 0xFF,
  0xB0, 0x00, 0x00, 0x00, 0x00, 0x00, 0x00, 0xFF, 0xFF, 0xB0, 0x00, 0x00, 0x00, 0x00, 0x00, 0x00,
  0xFF, 0xFF, 0xB0, 0x00, 0x00, 0x00, 0x00, 0x00, 0x00, 0xFF, 0xFF, 0xB0, 0x00, 0x00, 0x00, 0x00,
  0x00, 0x00, 0xFF, 0xFF, 0xB0, 0x00, 0x00, 0x00, 0x00, 0x00, 0x00, 0xFF, 0xFF, 0xB0, 0x00, 0x00,
  0x00, 0x00, 0x00, 0x00, 0xFF, 0xFF, 0xB0, 0x00, 0x00, 0x0C, 0xCC, 0xCC, 0xCC, 0xFF, 0xFF, 0xEC,
  0xCC, 0xCC, 0x0F, 0xFF, 0xFF, 0xFF, 0xFF, 0xFF, 0xFF, 0xFF, 0xFF, 0x0F, 0xFF, 0xFF, 0xFF, 0xFF,
  0xFF, 0xFF, 0xFF, 0xFF, 0x0F, 0xFF, 0xFF, 0xFF, 0xFF, 0xFF, 0xFF, 0xFF, 0xFF, 0x00, 0x00, 0x00,
  0x02, 0x46, 0x77, 0x64, 0x00, 0x00, 0x00, 0x00, 0x00, 0x00, 0x39, 0xDF, 0xFF, 0xFF, 0xFF, 0xFB,
  0x40, 0x00, 0x00, 0x00, 0x3B, 0xFF, 0xFF, 0xFF, 0xFF, 0xFF, 0xFF, 0xFB, 0x10, 0x00, 0x09, 0xFF,
  0xFF, 0xFF, 0xFF, 0xFF, 0xFF, 0xFF, 0xFF, 0xE2, 0x00, 0x7F, 0xFF, 0xFF, 0xFB, 0x75, 0x45, 0x6B,
  0xFF, 0xFF, 0xFE, 0x10, 0x0C, 0xFF, 0xE7, 0x00, 0x00, 0x00, 0x00, 0x2C, 0xFF, 0xFF, 0xA0, 0x02,
  0xFA, 0x10, 0x00, 0x00, 0x00, 0x00, 0x01, 0xDF, 0xFF, 0xF2, 0x00, 0x10, 0x00, 0x00, 0x00, 0x00,
  0x00, 0x00, 0x6F, 0xFF, 0xF7, 0x00, 0x00, 0x00, 0x00, 0x00, 0x00, 0x00, 0x00, 0x1F, 0xFF, 0xFA,
  0x00, 0x00, 0x00, 0x00, 0x00, 0x00, 0x00, 0x00, 0x0F, 0xFF, 0xFB, 0x00, 0x00, 0x00, 0x00, 0x00,
  0x00, 0x00, 0x00, 0x0F, 0xFF, 0xFB, 0x00, 0x00, 0x00, 0x00, 0x00, 0x00, 0x00, 0x00, 0x2F, 0xFF,
  0xFA, 0x00, 0x00, 0x00, 0x00, 0x00, 0x00, 0x00, 0x00, 0x6F, 0xFF, 0xF8, 0x00, 0x00, 0x00, 0x00,
  0x00, 0x00, 0x00, 0x01, 0xEF, 0xFF, 0xF3, 0x00, 0x00, 0x00, 0x00, 0x00, 0x00, 0x00, 0x1C, 0xFF,
  0xFF, 0xC0, 0x00, 0x00, 0x00, 0x00, 0x00, 0x00, 0x02, 0xDF, 0xFF, 0xFF, 0x30, 0x00, 0x00, 0x00,
  0x00, 0x00, 0x00, 0x6F, 0xFF, 0xFF, 0xF7, 0x00, 0x00, 0x00, 0x00, 0x00, 0x00, 0x1A, 0xFF, 0xFF,
  0xFF, 0x80, 0x00, 0x00, 0x00, 0x00, 0x00, 0x04, 0xEF, 0xFF, 0xFF, 0xF7, 0x00, 0x00, 0x00, 0x00,
  0x00, 0x00, 0x8F, 0xFF, 0xFF, 0xFE, 0x40, 0x00, 0x00, 0x00, 0x00, 0x00, 0x1C, 0xFF, 0xFF, 0xFF,
  0xA1, 0x00, 0x00, 0x00, 0x00, 0x00, 0x03, 0xEF, 0xFF, 0xFF, 0xE5, 0x00, 0x00, 0x00, 0x00, 0x00,
  0x00, 0x3F, 0xFF, 0xFF, 0xFB, 0x10, 0x00, 0x00, 0x00, 0x00, 0x00, 0x02, 0xFF, 0xFF, 0xFF, 0x60,
  0x00, 0x00, 0x00, 0x00, 0x00, 0x00, 0x0D, 0xFF, 0xFF, 0xD2, 0x00, 0x00, 0x00, 0x00, 0x00, 0x00,
  0x00, 0x7F, 0xFF, 0xFD, 0x10, 0x00, 0x00, 0x00, 0x00, 0x00, 0x00, 0x00, 0xFF, 0xFF, 0xF2, 0x00,
  0x00, 0x00, 0x00, 0x00, 0x00, 0x00, 0x05, 0xFF, 0xFF, 0x80, 0x00, 0x00, 0x00, 0x00, 0x00, 0x00,
  0x00, 0x09, 0xFF, 0xFF, 0x10, 0x00, 0x00, 0x00, 0x00, 0x00, 0x00, 0x00, 0x0C, 0xFF, 0xFD, 0x00,
  0x00, 0x00, 0x00, 0x00, 0x00, 0x00, 0x00, 0x0E, 0xFF, 0xFB, 0x00, 0x00, 0x00, 0x00, 0x00, 0x00,
  0x00, 0x00, 0x0F, 0xFF, 0xFE, 0xCC, 0xCC, 0xCC, 0xCC, 0xCC, 0xCC, 0xCC, 0xC8, 0x0F, 0xFF, 0xFF,
  0xFF, 0xFF, 0xFF, 0xFF, 0xFF, 0xFF, 0xFF, 0xFB, 0x0F, 0xFF, 0xFF, 0xFF, 0xFF, 0xFF, 0xFF, 0xFF,
  0xFF, 0xFF, 0xFB, 0x0F, 0xFF, 0xFF, 0xFF, 0xFF, 0xFF, 0xFF, 0xFF, 0xFF, 0xFF, 0xFB, 0x00, 0x00,
  0x00, 0x00, 0x14, 0x67, 0x76, 0x41, 0x00, 0x00, 0x00, 0x00, 0x00, 0x00, 0x00, 0x6C, 0xFF, 0xFF,
  0xFF, 0xFF, 0xD7, 0x00, 0x00, 0x00, 0x00, 0x00, 0x7E, 0xFF, 0xFF, 0xFF, 0xFF, 0xFF, 0xFF, 0xD4,
  0x00, 0x00, 0x00, 0x2C, 0xFF, 0xFF, 0xFF, 0xFF, 0xFF, 0xFF, 0xFF, 0xFF, 0x50, 0x00, 0x03, 0xEF,
  0xFF, 0xFF, 0xE8, 0x64, 0x46, 0xAF, 0xFF, 0xFF, 0xF4, 0x00, 0x0B, 0xFF, 0xFF, 0xD4, 0x00, 0x00,
  0x00, 0x01, 0xAF, 0xFF, 0xFE, 0x00, 0x00, 0xCF, 0xF8, 0x00, 0x00, 0x00, 0x00, 0x00, 0x0B, 0xFF,
  0xFF, 0x50, 0x00, 0x1C, 0x60, 0x00, 0x00, 0x00, 0x00, 0x00, 0x04, 0xFF, 0xFF, 0x90, 0x00, 0x00,
  0x00, 0x00, 0x00, 0x00, 0x00, 0x00, 0x01, 0xFF, 0xFF, 0xA0, 0x00, 0x00, 0x00, 0x00, 0x00, 0x00,
  0x00, 0x00, 0x00, 0xFF, 0xFF, 0xB0, 0x00, 0x00, 0x00, 0x00, 0x00, 0x00, 0x00, 0x00, 0x00, 0xFF,
  0xFF, 0xB0, 0x00, 0x00, 0x00, 0x00, 0x00, 0x00, 0x00, 0x00, 0x01, 0xFF, 0xFF, 0x90, 0x00, 0x00,
  0x00, 0x00, 0x00, 0x00, 0x00, 0x00, 0x06, 0xFF, 0xFF, 0x50, 0x00, 0x00, 0x00, 0x00, 0x00, 0x00,
  0x00, 0x00, 0x2E, 0xFF, 0xFD, 0x00, 0x00, 0x00, 0x00, 0x00, 0x00, 0x00, 0x00, 0x17, 0xFF, 0xFF,
  0xE2, 0x00, 0x00, 0x00, 0x00, 0x00, 0x0C, 0xCC, 0xCD, 0xFF, 0xFF, 0xFC, 0x10, 0x00, 0x00, 0x00,
  0x00, 0x00, 0x0F, 0xFF, 0xFF, 0xFF, 0xFB, 0x40, 0x00, 0x00, 0x00, 0x00, 0x00, 0x00, 0x0F, 0xFF,
  0xFF, 0xFF, 0xFF, 0xB3, 0x00, 0x00, 0x00, 0x00, 0x00, 0x00, 0x0F, 0xFF, 0xFF, 0xFF, 0xFF, 0xFF,
  0x90, 0x00, 0x00, 0x00, 0x00, 0x00, 0x00, 0x00, 0x01, 0x5A, 0xFF, 0xFF, 0xFB, 0x00, 0x00, 0x00,
  0x00, 0x00, 0x00, 0x00, 0x00, 0x00, 0x2C, 0xFF, 0xFF, 0x90, 0x00, 0x00, 0x00, 0x00, 0x00, 0x00,
  0x00, 0x00, 0x00, 0xDF, 0xFF, 0xF2, 0x00, 0x00, 0x00, 0x00, 0x00, 0x00, 0x00, 0x00, 0x00, 0x6F,
  0xFF, 0xF8, 0x00, 0x00, 0x00, 0x00, 0x00, 0x00, 0x00, 0x00, 0x00, 0x1F, 0xFF, 0xFA, 0x00, 0x00,
  0x00, 0x00, 0x00, 0x00, 0x00, 0x00, 0x00, 0x0F, 0xFF, 0xFB, 0x00, 0x00, 0x00, 0x00, 0x00, 0x00,
  0x00, 0x00, 0x00, 0x0F, 0xFF, 0xFB, 0x00, 0x00, 0x00, 0x00, 0x00, 0x00, 0x00, 0x00, 0x00, 0x0F,
  0xFF, 0xFA, 0x00, 0x01, 0x00, 0x00, 0x00, 0x00, 0x00, 0x00, 0x00, 0x3F, 0xFF, 0xF9, 0x00, 0x5F,
  0x40, 0x00, 0x00, 0x00, 0x00, 0x00, 0x00, 0x8F, 0xFF, 0xF5, 0x05, 0xFF, 0xF6, 0x00, 0x00, 0x00,
  0x00, 0x00, 0x03, 0xFF, 0xFF, 0xE0, 0x2F, 0xFF, 0xFF, 0xC2, 0x00, 0x00, 0x00, 0x00, 0x6F, 0xFF,
  0xFF, 0x60, 0x07, 0xFF, 0xFF, 0xFF, 0xC8, 0x54, 0x46, 0x9E, 0xFF, 0xFF, 0xFA, 0x00, 0x00, 0x6F,
  0xFF, 0xFF, 0xFF, 0xFF, 0xFF, 0xFF, 0xFF, 0xFF, 0xA0, 0x00, 0x00, 0x02, 0xCF, 0xFF, 0xFF, 0xFF,
  0xFF, 0xFF, 0xFF, 0xE6, 0x00, 0x00, 0x00, 0x00, 0x04, 0xAF, 0xFF, 0xFF, 0xFF, 0xFF, 0xD7, 0x10,
  0x00, 0x00, 0x00, 0x00, 0x00, 0x00, 0x35, 0x77, 0x76, 0x41, 0x00, 0x00, 0x00, 0x00, 0x00, 0x00,
  0x00, 0x00, 0x00, 0x0A, 0xFF, 0xFE, 0x00, 0x00, 0x00, 0x00, 0x00, 0x00, 0x00, 0x00, 0x00, 0x02,
  0xFF, 0xFF, 0x70, 0x00, 0x00, 0x00, 0x00, 0x00, 0x00, 0x00, 0x00, 0x00, 0xAF, 0xFF, 0xE0, 0x00,
  0x00, 0x00, 0x00, 0x00, 0x00, 0x00, 0x00, 0x00, 0x2F, 0xFF, 0xF7, 0x00, 0x00, 0x00, 0x00, 0x00,
  0x00, 0x00, 0x00, 0x00, 0x09, 0xFF, 0xFF, 0x10, 0x00, 0x00, 0x00, 0x00, 0x00, 0x00, 0x00, 0x00,
  0x01, 0xFF, 0xFF, 0x80, 0x00, 0x00, 0x00, 0x00, 0x00, 0x00, 0x00, 0x00, 0x00, 0x9F, 0xFF, 0xF1,
  0x00, 0x00, 0x00, 0x00, 0x00, 0x00, 0x00, 0x00, 0x00, 0x1F, 0xFF, 0xF8, 0x00, 0x00, 0x00, 0x00,
  0x00, 0x00, 0x00, 0x00, 0x00, 0x09, 0xFF, 0xFF, 0x10, 0x00, 0x00, 0x00, 0x00, 0x00, 0x00, 0x00,
  0x00, 0x01, 0xFF, 0xFF, 0x90, 0x00, 0x00, 0x00, 0x00, 0x00, 0x00, 0x00, 0x00, 0x00, 0x8F, 0xFF,
  0xF1, 0x00, 0x00, 0x00, 0x00, 0x00, 0x00, 0x00, 0x00, 0x00, 0x1F, 0xFF, 0xF9, 0x00, 0x00, 0x00,
  0x00, 0x00, 0x00, 0x00, 0x00, 0x00, 0x08, 0xFF, 0xFF, 0x20, 0x00, 0x00, 0x00, 0x00, 0x00, 0x00,
  0x00, 0x00, 0x01, 0xFF, 0xFF, 0xA0, 0x00, 0x00, 0x00, 0x00, 0x00, 0x00, 0x00, 0x00, 0x00, 0x7F,
  0xFF, 0xF2, 0x00, 0x00, 0x00, 0xDF, 0xFF, 0x00, 0x00, 0x00, 0x00, 0x0E, 0xFF, 0xFA, 0x00, 0x00,
  0x00, 0x0E, 0xFF, 0xF0, 0x00, 0x00, 0x00, 0x07, 0xFF, 0xFF, 0x20, 0x00, 0x00, 0x00, 0xFF, 0xFF,
  0x00, 0x00, 0x00, 0x00, 0xEF, 0xFF, 0xB0, 0x00, 0x00, 0x00, 0x1F, 0xFF, 0xF0, 0x00, 0x00, 0x00,
  0x7F, 0xFF, 0xF3, 0x00, 0x00, 0x00, 0x03, 0xFF, 0xFF, 0x00, 0x00, 0x00, 0x0E, 0xFF, 0xFB, 0x00,
  0x00, 0x00, 0x00, 0x4F, 0xFF, 0xF0, 0x00, 0x00, 0x06, 0xFF, 0xFF, 0x30, 0x00, 0x00, 0x00, 0x06,
  0xFF, 0xFF, 0x00, 0x00, 0x00, 0xEF, 0xFF, 0xC0, 0x00, 0x00, 0x00, 0x00, 0x7F, 0xFF, 0xF0, 0x00,
  0x00, 0x6F, 0xFF, 0xF4, 0x00, 0x00, 0x00, 0x00, 0x09, 0xFF, 0xFF, 0x00, 0x00, 0x0E, 0xFF, 0xFF,
  0xCC, 0xCC, 0xCC, 0xCC, 0xCC, 0xEF, 0xFF, 0xFC, 0xCC, 0xCC, 0xFF, 0xFF, 0xFF, 0xFF, 0xFF, 0xFF,
  0xFF, 0xFF, 0xFF, 0xFF, 0xFF, 0xFF, 0xFF, 0xFF, 0xFF, 0xFF, 0xFF, 0xFF, 0xFF, 0xFF, 0xFF, 0xFF,
  0xFF, 0xFF, 0xFF, 0xFF, 0xFF, 0xFF, 0xFF, 0xFF, 0xFF, 0xFF, 0xFF, 0xFF, 0xFF, 0xFF, 0xFF, 0xF0,
  0x00, 0x00, 0x00, 0x00, 0x00, 0x00, 0x00, 0xBF, 0xFF, 0xF0, 0x00, 0x00, 0x00, 0x00, 0x00, 0x00,
  0x00, 0x00, 0x00, 0x0B, 0xFF, 0xFF, 0x00, 0x00, 0x00, 0x00, 0x00, 0x00, 0x00, 0x00, 0x00, 0x00,
  0xBF, 0xFF, 0xF0, 0x00, 0x00, 0x00, 0x00, 0x00, 0x00, 0x00, 0x00, 0x00, 0x0B, 0xFF, 0xFF, 0x00,
  0x00, 0x00, 0x00, 0x00, 0x00, 0x00, 0x00, 0x00, 0x00, 0xBF, 0xFF, 0xF0, 0x00, 0x00, 0x00, 0x00,
  0x00, 0x00, 0x00, 0x00, 0x00, 0x0B, 0xFF, 0xFF, 0x00, 0x00, 0x00, 0x00, 0x00, 0x00, 0x00, 0x00,
  0x00, 0x00, 0xBF, 0xFF, 0xF0, 0x00, 0x00, 0x00, 0x0F, 0xFF, 0xFF, 0xFF, 0xFF, 0xFF, 0xFF, 0xFF,
  0xFF, 0xF3, 0x00, 0x00, 0xFF, 0xFF, 0xFF, 0xFF, 0xFF, 0xFF, 0xFF, 0xFF, 0xFF, 0x30, 0x00, 0x0F,
  0xFF, 0xFF, 0xFF, 0xFF, 0xFF, 0xFF, 0xFF, 0xFF, 0xF3, 0x00, 0x00, 0xFF, 0xFF, 0xEC, 0xCC, 0xCC,
  0xCC, 0xCC, 0xCC, 0xCC, 0x20, 0x00, 0x0F, 0xFF, 0xFB, 0x00, 0x00, 0x00, 0x00, 0x00, 0x00, 0x00,
  0x00, 0x00, 0xFF, 0xFF, 0xB0, 0x00, 0x00, 0x00, 0x00, 0x00, 0x00, 0x00, 0x00, 0x0F, 0xFF, 0xFB,
  0x00, 0x00, 0x00, 0x00, 0x00, 0x00, 0x00, 0x00, 0x00, 0xFF, 0xFF, 0xB0, 0x00, 0x00, 0x00, 0x00,
  0x00, 0x00, 0x00, 0x00, 0x0F, 0xFF, 0xFB, 0x00, 0x00, 0x00, 0x00, 0x00, 0x00, 0x00, 0x00, 0x00,
  0xFF, 0xFF, 0xB0, 0x00, 0x00, 0x00, 0x00, 0x00, 0x00, 0x00, 0x00, 0x0F, 0xFF, 0xFB, 0x00, 0x00,
  0x00, 0x00, 0x00, 0x00, 0x00, 0x00, 0x00, 0xFF, 0xFF, 0xB0, 0x00, 0x00, 0x00, 0x00, 0x00, 0x00,
  0x00, 0x00, 0x0F, 0xFF, 0xFB, 0x00, 0x00, 0x00, 0x00, 0x00, 0x00, 0x00, 0x00, 0x00, 0xFF, 0xFF,
  0xC7, 0xBD, 0xEF, 0xFD, 0xA6, 0x10, 0x00, 0x00, 0x00, 0x0F, 0xFF, 0xFF, 0xFF, 0xFF, 0xFF, 0xFF,
  0xFF, 0x80, 0x00, 0x00, 0x00, 0xFF, 0xFF, 0xFF, 0xFF, 0xFF, 0xFF, 0xFF, 0xFF, 0xD2, 0x00, 0x00,
  0x0F, 0xFF, 0xFF, 0xFD, 0xCC, 0xDF, 0xFF, 0xFF, 0xFF, 0xE1, 0x00, 0x00, 0x88, 0x87, 0x30, 0x00,
  0x00, 0x04, 0xBF, 0xFF, 0xFF, 0xB0, 0x00, 0x00, 0x00, 0x00, 0x00, 0x00, 0x00, 0x00, 0x6F, 0xFF,
  0xFF, 0x40, 0x00, 0x00, 0x00, 0x00, 0x00, 0x00, 0x00, 0x00, 0x8F, 0xFF, 0xFA, 0x00, 0x00, 0x00,
  0x00, 0x00, 0x00, 0x00, 0x00, 0x00, 0xFF, 0xFF, 0xD0, 0x00, 0x00, 0x00, 0x00, 0x00, 0x00, 0x00,
  0x00, 0x0C, 0xFF, 0xFF, 0x00, 0x00, 0x00, 0x00, 0x00, 0x00, 0x00, 0x00, 0x00, 0xBF, 0xFF, 0xF0,
  0x00, 0x00, 0x00, 0x00, 0x00, 0x00, 0x00, 0x00, 0x0B, 0xFF, 0xFF, 0x00, 0x00, 0x00, 0x00, 0x00,
  0x00, 0x00, 0x00, 0x00, 0xBF, 0xFF, 0xF0, 0x00, 0x00, 0x00, 0x00, 0x00, 0x00, 0x00, 0x00, 0x0C,
  0xFF, 0xFF, 0x00, 0x12, 0x00, 0x00, 0x00, 0x00, 0x00, 0x00, 0x00, 0xEF, 0xFF, 0xD0, 0x2D, 0xE2,
  0x00, 0x00, 0x00, 0x00, 0x00, 0x00, 0x4F, 0xFF, 0xFA, 0x3E, 0xFF, 0xE3, 0x00, 0x00, 0x00, 0x00,
  0x00, 0x1D, 0xFF, 0xFF, 0x49, 0xFF, 0xFF, 0xF8, 0x00, 0x00, 0x00, 0x00, 0x3D, 0xFF, 0xFF, 0xB0,
  0x0A, 0xFF, 0xFF, 0xFF, 0xA6, 0x44, 0x57, 0xCF, 0xFF, 0xFF, 0xE1, 0x00, 0x08, 0xFF, 0xFF, 0xFF,
  0xFF, 0xFF, 0xFF, 0xFF, 0xFF, 0xE2, 0x00, 0x00, 0x04, 0xDF, 0xFF, 0xFF, 0xFF, 0xFF, 0xFF, 0xFF,
  0xA1, 0x00, 0x00, 0x00, 0x00, 0x6C, 0xFF, 0xFF, 0xFF, 0xFF, 0xE9, 0x30, 0x00, 0x00, 0x00, 0x00,
  0x00, 0x01, 0x46, 0x77, 0x75, 0x30, 0x00, 0x00, 0x00, 0x00, 0x00, 0x00, 0x00, 0x00, 0x00, 0x00,
  0x00, 0x14, 0x57, 0x71, 0x00, 0x00, 0x00, 0x00, 0x00, 0x00, 0x01, 0x6B, 0xEF, 0xFF, 0xFF, 0x30,
  0x00, 0x00, 0x00, 0x00, 0x00, 0x2A, 0xFF, 0xFF, 0xFF, 0xFF, 0xF3, 0x00, 0x00, 0x00, 0x00, 0x00,
  0x9F, 0xFF, 0xFF, 0xFF, 0xFF, 0xFF, 0x30, 0x00, 0x00, 0x00, 0x02, 0xDF, 0xFF, 0xFF, 0xFF, 0xC9,
  0x65, 0x40, 0x00, 0x00, 0x00, 0x03, 0xEF, 0xFF, 0xFF, 0xC5, 0x00, 0x00, 0x00, 0x00, 0x00, 0x00,
  0x01, 0xEF, 0xFF, 0xFE, 0x40, 0x00, 0x00, 0x00, 0x00, 0x00, 0x00, 0x00, 0xCF, 0xFF, 0xFC, 0x10,
  0x00, 0x00, 0x00, 0x00, 0x00, 0x00, 0x00, 0x6F, 0xFF, 0xFD, 0x00, 0x00, 0x00, 0x00, 0x00, 0x00,
  0x00, 0x00, 0x0E, 0xFF, 0xFF, 0x10, 0x00, 0x00, 0x00, 0x00, 0x00, 0x00, 0x00, 0x05, 0xFF, 0xFF,
  0x80, 0x00, 0x00, 0x00, 0x00, 0x00, 0x00, 0x00, 0x00, 0xCF, 0xFF, 0xF0, 0x00, 0x00, 0x00, 0x00,
  0x00, 0x00, 0x00, 0x00, 0x1F, 0xFF, 0xFA, 0x00, 0x00, 0x00, 0x00, 0x00, 0x00, 0x00, 0x00, 0x05,
  0xFF, 0xFF, 0x50, 0x00, 0x4A, 0xCE, 0xFF, 0xD9, 0x30, 0x00, 0x00, 0x8F, 0xFF, 0xF1, 0x05, 0xEF,
  0xFF, 0xFF, 0xFF, 0xFF, 0xC2, 0x00, 0x0B, 0xFF, 0xFF, 0x0A, 0xFF, 0xFF, 0xFF, 0xFF, 0xFF, 0xFF,
  0xF3, 0x00, 0xCF, 0xFF, 0xDB, 0xFF, 0xFF, 0xFD, 0xCC, 0xFF, 0xFF, 0xFF, 0xE2, 0x0E, 0xFF, 0xFF,
  0xFF, 0xFB, 0x40, 0x00, 0x00, 0x5E, 0xFF, 0xFF, 0xB0, 0xFF, 0xFF, 0xFF, 0xF5, 0x00, 0x00, 0x00,
  0x00, 0x1E, 0xFF, 0xFF, 0x3F, 0xFF, 0xFF, 0xF3, 0x00, 0x00, 0x00, 0x00, 0x00, 0x6F, 0xFF, 0xF8,
  0xFF, 0xFF, 0xF5, 0x00, 0x00, 0x00, 0x00, 0x00, 0x00, 0xFF, 0xFF, 0xCF, 0xFF, 0xFB, 0x00, 0x00,
  0x00, 0x00, 0x00, 0x00, 0x0C, 0xFF, 0xFE, 0xFF, 0xFF, 0xB0, 0x00, 0x00, 0x00, 0x00, 0x00, 0x00,
  0xBF, 0xFF, 0xFF, 0xFF, 0xFC, 0x00, 0x00, 0x00, 0x00, 0x00, 0x00, 0x0B, 0xFF, 0xFF, 0xDF, 0xFF,
  0xD0, 0x00, 0x00, 0x00, 0x00, 0x00, 0x00, 0xBF, 0xFF, 0xFB, 0xFF, 0xFF, 0x00, 0x00, 0x00, 0x00,
  0x00, 0x00, 0x0C, 0xFF, 0xFF, 0x7F, 0xFF, 0xF3, 0x00, 0x00, 0x00, 0x00, 0x00, 0x00, 0xEF, 0xFF,
  0xD3, 0xFF, 0xFF, 0x80, 0x00, 0x00, 0x00, 0x00, 0x00, 0x2F, 0xFF, 0xFA, 0x0C, 0xFF, 0xFE, 0x10,
  0x00, 0x00, 0x00, 0x00, 0x08, 0xFF, 0xFF, 0x60, 0x5F, 0xFF, 0xFB, 0x00, 0x00, 0x00, 0x00, 0x02,
  0xFF, 0xFF, 0xE0, 0x00, 0xCF, 0xFF, 0xFB, 0x10, 0x00, 0x00, 0x03, 0xEF, 0xFF, 0xF7, 0x00, 0x01,
  0xEF, 0xFF, 0xFF, 0x95, 0x44, 0x7B, 0xFF, 0xFF, 0xFC, 0x00, 0x00, 0x02, 0xEF, 0xFF, 0xFF, 0xFF,
  0xFF, 0xFF, 0xFF, 0xFC, 0x10, 0x00, 0x00, 0x01, 0xCF, 0xFF, 0xFF, 0xFF, 0xFF, 0xFF, 0xF9, 0x00,
  0x00, 0x00, 0x00, 0x00, 0x5C, 0xFF, 0xFF, 0xFF, 0xFF, 0xA3, 0x00, 0x00, 0x00, 0x00, 0x00, 0x00,
  0x01, 0x46, 0x77, 0x63, 0x00, 0x00, 0x00, 0x00, 0xFF, 0xFF, 0xFF, 0xFF, 0xFF, 0xFF, 0xFF, 0xFF,
  0xFF, 0xFF, 0xFF, 0xFF, 0xFF, 0xFF, 0xFF, 0xFF, 0xFF, 0xFF, 0xFF, 0xFF, 0xFF, 0xFF, 0xFF, 0xFF,
  0xFF, 0xFF, 0xFF, 0xFF, 0xFF, 0xFF, 0xFF, 0xFF, 0xFF, 0xCC, 0xCC, 0xCC, 0xCC, 0xCC, 0xCC, 0xCC,
  0xCC, 0xCE, 0xFF, 0xFF, 0x00, 0x00, 0x00, 0x00, 0x00, 0x00, 0x00, 0x00, 0x0E, 0xFF, 0xFC, 0x00,
  0x00, 0x00, 0x00, 0x00, 0x00, 0x00, 0x00, 0x5F, 0xFF, 0xF6, 0x00, 0x00, 0x00, 0x00, 0x00, 0x00,
  0x00, 0x00, 0xCF, 0xFF, 0xE0, 0x00, 0x00, 0x00, 0x00, 0x00, 0x00, 0x00, 0x03, 0xFF, 0xFF, 0x80,
  0x00, 0x00, 0x00, 0x00, 0x00, 0x00, 0x00, 0x0A, 0xFF, 0xFF, 0x10, 0x00, 0x00, 0x00, 0x00, 0x00,
  0x00, 0x00, 0x1F, 0xFF, 0xFA, 0x00, 0x00, 0x00, 0x00, 0x00, 0x00, 0x00, 0x00, 0x8F, 0xFF, 0xF4,
  0x00, 0x00, 0x00, 0x00, 0x00, 0x00, 0x00, 0x00, 0xEF, 0xFF, 0xD0, 0x00, 0x00, 0x00, 0x00, 0x00,
  0x00, 0x00, 0x05, 0xFF, 0xFF, 0x60, 0x00, 0x00, 0x00, 0x00, 0x00, 0x00, 0x00, 0x0C, 0xFF, 0xFF,
  0x00, 0x00, 0x00, 0x00, 0x00, 0x00, 0x00, 0x00, 0x3F, 0xFF, 0xF8, 0x00, 0x00, 0x00, 0x00, 0x00,
  0x00, 0x00, 0x00, 0xAF, 0xFF, 0xF2, 0x00, 0x00, 0x00, 0x00, 0x00, 0x00, 0x00, 0x01, 0xFF, 0xFF,
  0xB0, 0x00, 0x00, 0x00, 0x00, 0x00, 0x00, 0x00, 0x08, 0xFF, 0xFF, 0x40, 0x00, 0x00, 0x00, 0x00,
  0x00, 0x00, 0x00, 0x0E, 0xFF, 0xFD, 0x00, 0x00, 0x00, 0x00, 0x00, 0x00, 0x00, 0x00, 0x6F, 0xFF,
  0xF6, 0x00, 0x00, 0x00, 0x00, 0x00, 0x00, 0x00, 0x00, 0xDF, 0xFF, 0xF0, 0x00, 0x00, 0x00, 0x00,
  0x00, 0x00, 0x00, 0x04, 0xFF, 0xFF, 0x90, 0x00, 0x00, 0x00, 0x00, 0x00, 0x00, 0x00, 0x0A, 0xFF,
  0xFF, 0x20, 0x00, 0x00, 0x00, 0x00, 0x00, 0x00, 0x00, 0x1F, 0xFF, 0xFB, 0x00, 0x00, 0x00, 0x00,
  0x00, 0x00, 0x00, 0x00, 0x8F, 0xFF, 0xF5, 0x00, 0x00, 0x00, 0x00, 0x00, 0x00, 0x00, 0x00, 0xEF,
  0xFF, 0xE0, 0x00, 0x00, 0x00, 0x00, 0x00, 0x00, 0x00, 0x06, 0xFF, 0xFF, 0x70, 0x00, 0x00, 0x00,
  0x00, 0x00, 0x00, 0x00, 0x0D, 0xFF, 0xFF, 0x10, 0x00, 0x00, 0x00, 0x00, 0x00, 0x00, 0x00, 0x4F,
  0xFF, 0xF9, 0x00, 0x00, 0x00, 0x00, 0x00, 0x00, 0x00, 0x00, 0xBF, 0xFF, 0xF3, 0x00, 0x00, 0x00,
  0x00, 0x00, 0x00, 0x00, 0x02, 0xFF, 0xFF, 0xC0, 0x00, 0x00, 0x00, 0x00, 0x00, 0x00, 0x00, 0x09,
  0xFF, 0xFF, 0x50, 0x00, 0x00, 0x00, 0x00, 0x00, 0x00, 0x00, 0x0F, 0xFF, 0xFE, 0x00, 0x00, 0x00,
  0x00, 0x00, 0x00, 0x00, 0x00, 0x6F, 0xFF, 0xF7, 0x00, 0x00, 0x00, 0x00, 0x00, 0x00, 0x00, 0x00,
  0x00, 0x00, 0x14, 0x67, 0x75, 0x41, 0x00, 0x00, 0x00, 0x00, 0x00, 0x00, 0x01, 0x8D, 0xFF, 0xFF,
  0xFF, 0xFF, 0xC7, 0x10, 0x00, 0x00, 0x00, 0x00, 0x7F, 0xFF, 0xFF, 0xFF, 0xFF, 0xFF, 0xFF, 0xE6,
  0x00, 0x00, 0x00, 0x0A, 0xFF, 0xFF, 0xFF, 0xFF, 0xFF, 0xFF, 0xFF, 0xFF, 0x90, 0x00, 0x00, 0x8F,
  0xFF, 0xFF, 0xE9, 0x64, 0x46, 0xAF, 0xFF, 0xFF, 0xF7, 0x00, 0x01, 0xFF, 0xFF, 0xF6, 0x00, 0x00,
  0x00, 0x01, 0xAF, 0xFF, 0xFF, 0x10, 0x07, 0xFF, 0xFF, 0x70, 0x00, 0x00, 0x00, 0x00, 0x0B, 0xFF,
  0xFF, 0x70, 0x0A, 0xFF, 0xFF, 0x10, 0x00, 0x00, 0x00, 0x00, 0x03, 0xFF, 0xFF, 0xA0, 0x0B, 0xFF,
  0xFF, 0x00, 0x00, 0x00, 0x00, 0x00, 0x00, 0xFF, 0xFF, 0xB0, 0x0B, 0xFF, 0xFF, 0x00, 0x00, 0x00,
  0x00, 0x00, 0x00, 0xFF, 0xFF, 0xB0, 0x0B, 0xFF, 0xFF, 0x00, 0x00, 0x00, 0x00, 0x00, 0x00, 0xFF,
  0xFF, 0xB0, 0x0A, 0xFF, 0xFF, 0x30, 0x00, 0x00, 0x00, 0x00, 0x01, 0xFF, 0xFF, 0x90, 0x07, 0xFF,
  0xFF, 0xC0, 0x00, 0x00, 0x00, 0x00, 0x09, 0xFF, 0xFF, 0x50, 0x02, 0xFF, 0xFF, 0xFD, 0x40, 0x00,
  0x00, 0x00, 0x9F, 0xFF, 0xFC, 0x00, 0x00, 0xAF, 0xFF, 0xFF, 0xFD, 0x83, 0x01, 0x7E, 0xFF, 0xFF,
  0xD1, 0x00, 0x00, 0x0C, 0xFF, 0xFF, 0xFF, 0xFF, 0xEF, 0xFF, 0xFF, 0xF7, 0x00, 0x00, 0x00, 0x00,
  0x8F, 0xFF, 0xFF, 0xFF, 0xFF, 0xFF, 0xFB, 0x10, 0x00, 0x00, 0x00, 0x00, 0x01, 0xCF, 0xFF, 0xFF,
  0xFF, 0xFF, 0xFF, 0xE7, 0x00, 0x00, 0x00, 0x00, 0x6E, 0xFF, 0xFF, 0xFF, 0xFF, 0xFF, 0xFF, 0xFF,
  0xD2, 0x00, 0x00, 0x3D, 0xFF, 0xFF, 0xE8, 0x21, 0x6B, 0xFF, 0xFF, 0xFF, 0xFF, 0x30, 0x05, 0xFF,
  0xFF, 0xF7, 0x00, 0x00, 0x00, 0x17, 0xEF, 0xFF, 0xFF, 0xE0, 0x2F, 0xFF, 0xFD, 0x20, 0x00, 0x00,
  0x00, 0x00, 0x07, 0xFF, 0xFF, 0xF7, 0x9F, 0xFF, 0xF3, 0x00, 0x00, 0x00, 0x00, 0x00, 0x00, 0x6F,
  0xFF, 0xFC, 0xEF, 0xFF, 0xD0, 0x00, 0x00, 0x00, 0x00, 0x00, 0x00, 0x0E, 0xFF, 0xFE, 0xFF, 0xFF,
  0xB0, 0x00, 0x00, 0x00, 0x00, 0x00, 0x00, 0x0B, 0xFF, 0xFF, 0xFF, 0xFF, 0xB0, 0x00, 0x00, 0x00,
  0x00, 0x00, 0x00, 0x0B, 0xFF, 0xFF, 0xFF, 0xFF, 0xB0, 0x00, 0x00, 0x00, 0x00, 0x00, 0x00, 0x0B,
  0xFF, 0xFF, 0xFF, 0xFF, 0xD0, 0x00, 0x00, 0x00, 0x00, 0x00, 0x00, 0x0C, 0xFF, 0xFE, 0xCF, 0xFF,
  0xF2, 0x00, 0x00, 0x00, 0x00, 0x00, 0x00, 0x1F, 0xFF, 0xFC, 0x7F, 0xFF, 0xFB, 0x00, 0x00, 0x00,
  0x00, 0x00, 0x00, 0xBF, 0xFF, 0xF6, 0x1E, 0xFF, 0xFF, 0xC2, 0x00, 0x00, 0x00, 0x00, 0x3C, 0xFF,
  0xFF, 0xE0, 0x04, 0xFF, 0xFF, 0xFF, 0xC8, 0x54, 0x45, 0x8C, 0xFF, 0xFF, 0xFF, 0x30, 0x00, 0x5F,
  0xFF, 0xFF, 0xFF, 0xFF, 0xFF, 0xFF, 0xFF, 0xFF, 0xF4, 0x00, 0x00, 0x02, 0xBF, 0xFF, 0xFF, 0xFF,
  0xFF, 0xFF, 0xFF, 0xFB, 0x20, 0x00, 0x00, 0x00, 0x03, 0xAE, 0xFF, 0xFF, 0xFF, 0xFF, 0xE9, 0x30,
  0x00, 0x00, 0x00, 0x00, 0x00, 0x00, 0x25, 0x77, 0x76, 0x52, 0x00, 0x00, 0x00, 0x00, 0x00, 0x00,
  0x00, 0x00, 0x36, 0x77, 0x64, 0x10, 0x00, 0x00, 0x00, 0x00, 0x00, 0x00, 0x3A, 0xFF, 0xFF, 0xFF,
  0xFF, 0xC5, 0x00, 0x00, 0x00, 0x00, 0x00, 0x9F, 0xFF, 0xFF, 0xFF, 0xFF, 0xFF, 0xFC, 0x20, 0x00,
  0x00, 0x01, 0xCF, 0xFF, 0xFF, 0xFF, 0xFF, 0xFF, 0xFF, 0xFE, 0x20, 0x00, 0x00, 0xCF, 0xFF, 0xFF,
  0xB6, 0x44, 0x59, 0xFF, 0xFF, 0xFE, 0x10, 0x00, 0x7F, 0xFF, 0xFE, 0x30, 0x00, 0x00, 0x01, 0xBF,
  0xFF, 0xFA, 0x00, 0x0F, 0xFF, 0xFF, 0x20, 0x00, 0x00, 0x00, 0x00, 0xBF, 0xFF, 0xF3, 0x06, 0xFF,
  0xFF, 0x70, 0x00, 0x00, 0x00, 0x00, 0x02, 0xFF, 0xFF, 0xA0, 0xAF, 0xFF, 0xF1, 0x00, 0x00, 0x00,
  0x00, 0x00, 0x0B, 0xFF, 0xFF, 0x0D, 0xFF, 0xFD, 0x00, 0x00, 0x00, 0x00, 0x00, 0x00, 0x6F, 0xFF,
  0xF4, 0xFF, 0xFF, 0xC0, 0x00, 0x00, 0x00, 0x00, 0x00, 0x03, 0xFF, 0xFF, 0x7F, 0xFF, 0xFB, 0x00,
  0x00, 0x00, 0x00, 0x00, 0x00, 0x1F, 0xFF, 0xF9, 0xFF, 0xFF, 0xB0, 0x00, 0x00, 0x00, 0x00, 0x00,
  0x00, 0xFF, 0xFF, 0xAF, 0xFF, 0xFB, 0x00, 0x00, 0x00, 0x00, 0x00, 0x00, 0x0F, 0xFF, 0xFB, 0xEF,
  0xFF, 0xD0, 0x00, 0x00, 0x00, 0x00, 0x00, 0x00, 0xFF, 0xFF, 0xBC, 0xFF, 0xFF, 0x00, 0x00, 0x00,
  0x00, 0x00, 0x00, 0xAF, 0xFF, 0xFB, 0x8F, 0xFF, 0xF6, 0x00, 0x00, 0x00, 0x00, 0x00, 0x8F, 0xFF,
  0xFF, 0xA3, 0xFF, 0xFF, 0xE2, 0x00, 0x00, 0x00, 0x00, 0x9F, 0xFF, 0xFF, 0xFA, 0x0B, 0xFF, 0xFF,
  0xE5, 0x00, 0x00, 0x05, 0xDF, 0xFF, 0xFF, 0xFF, 0x90, 0x1E, 0xFF, 0xFF, 0xFF, 0xCC, 0xDF, 0xFF,
  0xFF, 0x9F, 0xFF, 0xF7, 0x00, 0x3E, 0xFF, 0xFF, 0xFF, 0xFF, 0xFF, 0xFF, 0x74, 0xFF, 0xFF, 0x60,
  0x00, 0x1C, 0xFF, 0xFF, 0xFF, 0xFF, 0xFD, 0x30, 0x7F, 0xFF, 0xF3, 0x00, 0x00, 0x04, 0x9D, 0xFF,
  0xEC, 0x94, 0x00, 0x0B, 0xFF, 0xFF, 0x00, 0x00, 0x00, 0x00, 0x00, 0x00, 0x00, 0x00, 0x01, 0xFF,
  0xFF, 0xB0, 0x00, 0x00, 0x00, 0x00, 0x00, 0x00, 0x00, 0x00, 0x7F, 0xFF, 0xF6, 0x00, 0x00, 0x00,
  0x00, 0x00, 0x00, 0x00, 0x00, 0x1F, 0xFF, 0xFF, 0x00, 0x00, 0x00, 0x00, 0x00, 0x00, 0x00, 0x00,
  0x0A, 0xFF, 0xFF, 0x80, 0x00, 0x00, 0x00, 0x00, 0x00, 0x00, 0x00, 0x09, 0xFF, 0xFF, 0xE0, 0x00,
  0x00, 0x00, 0x00, 0x00, 0x00, 0x00, 0x1A, 0xFF, 0xFF, 0xF4, 0x00, 0x00, 0x00, 0x00, 0x00, 0x00,
  0x00, 0x6E, 0xFF, 0xFF, 0xF7, 0x00, 0x00, 0x00, 0x00, 0x00, 0x02, 0x59, 0xFF, 0xFF, 0xFF, 0xF7,
  0x00, 0x00, 0x00, 0x00, 0xBD, 0xEF, 0xFF, 0xFF, 0xFF, 0xFF, 0xE5, 0x00, 0x00, 0x00, 0x00, 0x0F,
  0xFF, 0xFF, 0xFF, 0xFF, 0xFF, 0x91, 0x00, 0x00, 0x00, 0x00, 0x00, 0xFF, 0xFF, 0xFF, 0xFF, 0xD7,
  0x10, 0x00, 0x00, 0x00, 0x00, 0x00, 0x0E, 0xFE, 0xDB, 0x86, 0x20, 0x00, 0x00, 0x00, 0x00, 0x00,
  0x00, 0x07, 0xEE, 0x80, 0x6F, 0xFF, 0xF6, 0xDF, 0xFF, 0xFD, 0xFF, 0xFF, 0xFF, 0xDF, 0xFF, 0xFD,
  0x6F, 0xFF, 0xF6, 0x08, 0xEE, 0x80, 0x00, 0x00, 0x00, 0x00, 0x00, 0x00, 0x00, 0x00, 0x00, 0x00,
  0x00, 0x00, 0x00, 0x00, 0x00, 0x00, 0x00, 0x00, 0x00, 0x00, 0x00, 0x00, 0x00, 0x00, 0x00, 0x00,
  0x00, 0x00, 0x00, 0x00, 0x00, 0x00, 0x00, 0x01, 0x66, 0x10, 0x2E, 0xFF, 0xE2, 0xAF, 0xFF, 0xFA,
  0xEF, 0xFF, 0xFE, 0xEF, 0xFF, 0xFE, 0xAF, 0xFF, 0xFA, 0x2E, 0xFF, 0xE2, 0x01, 0x66, 0x10, 0x00,
  0x5D, 0xFD, 0x50, 0x05, 0xFF, 0xFF, 0xF5, 0x0D, 0xFF, 0xFF, 0xFD, 0x0F, 0xFF, 0xFF, 0xFF, 0x0D,
  0xFF, 0xFF, 0xFD, 0x05, 0xFF, 0xFF, 0xF5, 0x00, 0x5D, 0xFD, 0x50, 0x00, 0x00, 0x00, 0x00, 0x00,
  0x00, 0x00, 0x00, 0x00, 0x00, 0x00, 0x00, 0x00, 0x00, 0x00, 0x00, 0x00, 0x00, 0x00, 0x00, 0x00,
  0x00, 0x00, 0x00, 0x00, 0x00, 0x00, 0x00, 0x00, 0x00, 0x00, 0x00, 0x00, 0x00, 0x00, 0x00, 0x00,
  0x00, 0x00, 0x00, 0x00, 0x00, 0x00, 0x00, 0x00, 0x00, 0x00, 0x00, 0x00, 0x4C, 0xFD, 0x50, 0x06,
  0xFF, 0xFF, 0xF6, 0x0D, 0xFF, 0xFF, 0xFE, 0x0F, 0xFF, 0xFF, 0xFF, 0x0C, 0xFF, 0xFF, 0xFE, 0x03,
  0xFF, 0xFF, 0xFC, 0x00, 0x3F, 0xFF, 0xF8, 0x00, 0x4F, 0xFF, 0xF3, 0x00, 0x7F, 0xFF, 0xC0, 0x00,
  0xBF, 0xFF, 0x40, 0x01, 0xFF, 0xFB, 0x00, 0x09, 0xFF, 0xE1, 0x00, 0x3F, 0xFF, 0x30, 0x00, 0x4E,
  0xF5, 0x00, 0x00, 0x02, 0x50, 0x00, 0x00, 0x00, 0x00, 0x00, 0x00, 0x00, 0x00, 0x00, 0x19, 0x10,
  0x00, 0x00, 0x00, 0x00, 0x00, 0x00, 0x19, 0xFF, 0x90, 0x00, 0x00, 0x00, 0x00, 0x00, 0x19, 0xFF,
  0xFF, 0xF1, 0x00, 0x00, 0x00, 0x00, 0x18, 0xFF, 0xFF, 0xFF, 0xF8, 0x00, 0x00, 0x00, 0x18, 0xFF,
  0xFF, 0xFF, 0xFF, 0x81, 0x00, 0x00, 0x08, 0xFF, 0xFF, 0xFF, 0xFF, 0x81, 0x00, 0x00, 0x07, 0xEF,
  0xFF, 0xFF, 0xFF, 0x81, 0x00, 0x00, 0x07, 0xEF, 0xFF, 0xFF, 0xFF, 0x81, 0x00, 0x00, 0x00, 0xEF,
  0xFF, 0xFF, 0xFF, 0x81, 0x00, 0x00, 0x00, 0x00, 0xFF, 0xFF, 0xFF, 0x81, 0x00, 0x00, 0x00, 0x00,
  0x00, 0xFF, 0xFF, 0xD1, 0x00, 0x00, 0x00, 0x00, 0x00, 0x00, 0xFF, 0xFF, 0xFE, 0x70, 0x00, 0x00,
  0x00, 0x00, 0x00, 0xEF, 0xFF, 0xFF, 0xFE, 0x70, 0x00, 0x00, 0x00, 0x00, 0x07, 0xEF, 0xFF, 0xFF,
  0xFE, 0x60, 0x00, 0x00, 0x00, 0x00, 0x08, 0xFF, 0xFF, 0xFF, 0xFE, 0x60, 0x00, 0x00, 0x00, 0x00,
  0x18, 0xFF, 0xFF, 0xFF, 0xFE, 0x60, 0x00, 0x00, 0x00, 0x00, 0x18, 0xFF, 0xFF, 0xFF, 0xFE, 0x60,
  0x00, 0x00, 0x00, 0x00, 0x19, 0xFF, 0xFF, 0xFF, 0xF8, 0x00, 0x00, 0x00, 0x00, 0x00, 0x19, 0xFF,
  0xFF, 0xF2, 0x00, 0x00, 0x00, 0x00, 0x00, 0x00, 0x19, 0xFF, 0x90, 0x00, 0x00, 0x00, 0x00, 0x00,
  0x00, 0x00, 0x29, 0x20, 0xCC, 0xCC, 0xCC, 0xCC, 0xCC, 0xCC, 0xCC, 0xCC, 0xCC, 0xFF, 0xFF, 0xFF,
  0xFF, 0xFF, 0xFF, 0xFF, 0xFF, 0xFF, 0xFF, 0xFF, 0xFF, 0xFF, 0xFF, 0xFF, 0xFF, 0xFF, 0xFF, 0xFF,
  0xFF, 0xFF, 0xFF, 0xFF, 0xFF, 0xFF, 0xFF, 0xFF, 0x00, 0x00, 0x00, 0x00, 0x00, 0x00, 0x00, 0x00,
  0x00, 0x00, 0x00, 0x00, 0x00, 0x00, 0x00, 0x00, 0x00, 0x00, 0x00, 0x00, 0x00, 0x00, 0x00, 0x00,
  0x00, 0x00, 0x00, 0x00, 0x00, 0x00, 0x00, 0x00, 0x00, 0x00, 0x00, 0x00, 0x00, 0x00, 0x00, 0x00,
  0x00, 0x00, 0x00, 0x00, 0x00, 0x00, 0x00, 0x00, 0x00, 0x00, 0x00, 0x00, 0x00, 0x00, 0xCC, 0xCC,
  0xCC, 0xCC, 0xCC, 0xCC, 0xCC, 0xCC, 0xCC, 0xFF, 0xFF, 0xFF, 0xFF, 0xFF, 0xFF, 0xFF, 0xFF, 0xFF,
  0xFF, 0xFF, 0xFF, 0xFF, 0xFF, 0xFF, 0xFF, 0xFF, 0xFF, 0xFF, 0xFF, 0xFF, 0xFF, 0xFF, 0xFF, 0xFF,
  0xFF, 0xFF, 0x01, 0x91, 0x00, 0x00, 0x00, 0x00, 0x00, 0x00, 0x00, 0x09, 0xFF, 0x91, 0x00, 0x00,
  0x00, 0x00, 0x00, 0x00, 0x1F, 0xFF, 0xFF, 0x91, 0x00, 0x00, 0x00, 0x00, 0x00, 0x8F, 0xFF, 0xFF,
  0xFF, 0x81, 0x00, 0x00, 0x00, 0x00, 0x18, 0xFF, 0xFF, 0xFF, 0xFF, 0x81, 0x00, 0x00, 0x00, 0x00,
  0x18, 0xFF, 0xFF, 0xFF, 0xFF, 0x80, 0x00, 0x00, 0x00, 0x00, 0x18, 0xFF, 0xFF, 0xFF, 0xFE, 0x70,
  0x00, 0x00, 0x00, 0x00, 0x18, 0xFF, 0xFF, 0xFF, 0xFE, 0x70, 0x00, 0x00, 0x00, 0x00, 0x18, 0xFF,
  0xFF, 0xFF, 0xFE, 0x00, 0x00, 0x00, 0x00, 0x00, 0x18, 0xFF, 0xFF, 0xFF, 0x00, 0x00, 0x00, 0x00,
  0x00, 0x00, 0x1D, 0xFF, 0xFF, 0x00, 0x00, 0x00, 0x00, 0x00, 0x07, 0xEF, 0xFF, 0xFF, 0x00, 0x00,
  0x00, 0x00, 0x07, 0xEF, 0xFF, 0xFF, 0xFE, 0x00, 0x00, 0x00, 0x06, 0xEF, 0xFF, 0xFF, 0xFE, 0x70,
  0x00, 0x00, 0x06, 0xEF, 0xFF, 0xFF, 0xFF, 0x80, 0x00, 0x00, 0x06, 0xEF, 0xFF, 0xFF, 0xFF, 0x81,
  0x00, 0x00, 0x06, 0xEF, 0xFF, 0xFF, 0xFF, 0x81, 0x00, 0x00, 0x00, 0x9F, 0xFF, 0xFF, 0xFF, 0x91,
  0x00, 0x00, 0x00, 0x00, 0x2F, 0xFF, 0xFF, 0x91, 0x00, 0x00, 0x00, 0x00, 0x00, 0x09, 0xFF, 0x91,
  0x00, 0x00, 0x00, 0x00, 0x00, 0x00, 0x02, 0x92, 0x00, 0x00, 0x00, 0x00, 0x00, 0x00, 0x00, 0x00,
  0x00, 0x00, 0x03, 0x56, 0x77, 0x52, 0x00, 0x00, 0x00, 0x00, 0x00, 0x5B, 0xFF, 0xFF, 0xFF, 0xFF,
  0xD7, 0x00, 0x00, 0x00, 0x5D, 0xFF, 0xFF, 0xFF, 0xFF, 0xFF, 0xFF, 0xD3, 0x00, 0x1B, 0xFF, 0xFF,
  0xFF, 0xFF, 0xFF, 0xFF, 0xFF, 0xFE, 0x20, 0x9F, 0xFF, 0xFF, 0xD9, 0x64, 0x46, 0xAF, 0xFF, 0xFF,
  0xD0, 0x0D, 0xFF, 0xD4, 0x00, 0x00, 0x00, 0x02, 0xEF, 0xFF, 0xF6, 0x02, 0xE7, 0x00, 0x00, 0x00,
  0x00, 0x00, 0x3F, 0xFF, 0xFC, 0x00, 0x00, 0x00, 0x00, 0x00, 0x00, 0x00, 0x0D, 0xFF, 0xFE, 0x00,
  0x00, 0x00, 0x00, 0x00, 0x00, 0x00, 0x0B, 0xFF, 0xFF, 0x00, 0x00, 0x00, 0x00, 0x00, 0x00, 0x00,
  0x0B, 0xFF, 0xFF, 0x00, 0x00, 0x00, 0x00, 0x00, 0x00, 0x00, 0x0C, 0xFF, 0xFE, 0x00, 0x00, 0x00,
  0x00, 0x00, 0x00, 0x00, 0x2F, 0xFF, 0xFC, 0x00, 0x00, 0x00, 0x00, 0x00, 0x00, 0x01, 0xDF, 0xFF,
  0xF6, 0x00, 0x00, 0x00, 0x00, 0x00, 0x00, 0x2D, 0xFF, 0xFF, 0xC0, 0x00, 0x00, 0x00, 0x00, 0x00,
  0x04, 0xEF, 0xFF, 0xFD, 0x10, 0x00, 0x00, 0x00, 0x00, 0x00, 0x7F, 0xFF, 0xFF, 0xC1, 0x00, 0x00,
  0x00, 0x00, 0x00, 0x08, 0xFF, 0xFF, 0xF9, 0x00, 0x00, 0x00, 0x00, 0x00, 0x00, 0x6F, 0xFF, 0xFF,
  0x60, 0x00, 0x00, 0x00, 0x00, 0x00, 0x01, 0xFF, 0xFF, 0xF5, 0x00, 0x00, 0x00, 0x00, 0x00, 0x00,
  0x08, 0xFF, 0xFF, 0x80, 0x00, 0x00, 0x00, 0x00, 0x00, 0x00, 0x0C, 0xFF, 0xFF, 0x10, 0x00, 0x00,
  0x00, 0x00, 0x00, 0x00, 0x0E, 0xFF, 0xFD, 0x00, 0x00, 0x00, 0x00, 0x00, 0x00, 0x00, 0x0F, 0xFF,
  0xFB, 0x00, 0x00, 0x00, 0x00, 0x00, 0x00, 0x00, 0x0A, 0xAA, 0xA7, 0x00, 0x00, 0x00, 0x00, 0x00,
  0x00, 0x00, 0x00, 0x00, 0x00, 0x00, 0x00, 0x00, 0x00, 0x00, 0x00, 0x00, 0x00, 0x00, 0x00, 0x00,
  0x00, 0x00, 0x00, 0x00, 0x00, 0x00, 0x00, 0x00, 0x00, 0x00, 0x00, 0x00, 0x00, 0x00, 0x00, 0x00,
  0x00, 0x00, 0x00, 0x00, 0x00, 0x00, 0x00, 0x00, 0x00, 0x00, 0x01, 0x66, 0x10, 0x00, 0x00, 0x00,
  0x00, 0x00, 0x00, 0x00, 0x2E, 0xFF, 0xE2, 0x00, 0x00, 0x00, 0x00, 0x00, 0x00, 0x00, 0xAF, 0xFF,
  0xFA, 0x00, 0x00, 0x00, 0x00, 0x00, 0x00, 0x00, 0xEF, 0xFF, 0xFE, 0x00, 0x00, 0x00, 0x00, 0x00,
  0x00, 0x00, 0xEF, 0xFF, 0xFE, 0x00, 0x00, 0x00, 0x00, 0x00, 0x00, 0x00, 0xAF, 0xFF, 0xFA, 0x00,
  0x00, 0x00, 0x00, 0x00, 0x00, 0x00, 0x2E, 0xFF, 0xE2, 0x00, 0x00, 0x00, 0x00, 0x00, 0x00, 0x00,
  0x01, 0x66, 0x10, 0x00, 0x00, 0x00, 0x00, 0x00, 0x00, 0x00, 0x00, 0x00, 0x00, 0x00, 0x02, 0x56,
  0x77, 0x76, 0x42, 0x00, 0x00, 0x00, 0x00, 0x00, 0x00, 0x00, 0x00, 0x00, 0x00, 0x00, 0x00, 0x02,
  0x7C, 0xFF, 0xFF, 0xFF, 0xFF, 0xFF, 0xFA, 0x61, 0x00, 0x00, 0x00, 0x00, 0x00, 0x00, 0x00, 0x00,
  0x00, 0x03, 0xBF, 0xFF, 0xFF, 0xFF, 0xFF, 0xFF, 0xFF, 0xFF, 0xFF, 0x81, 0x00, 0x00, 0x00, 0x00,
  0x00, 0x00, 0x00, 0x01, 0xAF, 0xFF, 0xFF, 0xFF, 0xFF, 0xFF, 0xFF, 0xFF, 0xFF, 0xFF, 0xFF, 0x60,
  0x00, 0x00, 0x00, 0x00, 0x00, 0x00, 0x5F, 0xFF, 0xFF, 0xFF, 0xEA, 0x75, 0x44, 0x45, 0x8B, 0xFF,
  0xFF, 0xFF, 0xFB, 0x10, 0x00, 0x00, 0x00, 0x00, 0x07, 0xFF, 0xFF, 0xFF, 0xA3, 0x00, 0x00, 0x00,
  0x00, 0x00, 0x05, 0xCF, 0xFF, 0xFF, 0xD1, 0x00, 0x00, 0x00, 0x00, 0x7F, 0xFF, 0xFF, 0xC2, 0x00,
  0x00, 0x00, 0x00, 0x00, 0x00, 0x00, 0x05, 0xEF, 0xFF, 0xFD, 0x10, 0x00, 0x00, 0x05, 0xFF, 0xFF,
  0xF8, 0x00, 0x00, 0x00, 0x00, 0x00, 0x00, 0x00, 0x00, 0x00, 0x1D, 0xFF, 0xFF, 0xB0, 0x00, 0x00,
  0x2F, 0xFF, 0xFF, 0x60, 0x00, 0x00, 0x00, 0x00, 0x00, 0x00, 0x00, 0x00, 0x00, 0x01, 0xDF, 0xFF,
  0xF6, 0x00, 0x00, 0xBF, 0xFF, 0xF8, 0x00, 0x00, 0x00, 0x00, 0x00, 0x00, 0x00, 0x00, 0x00, 0x00,
  0x00, 0x2F, 0xFF, 0xFE, 0x00, 0x04, 0xFF, 0xFF, 0xC0, 0x00, 0x00, 0x00, 0x05, 0xAD, 0xEF, 0xED,
  0x95, 0x00, 0x00, 0x00, 0x08, 0xFF, 0xFF, 0x70, 0x0B, 0xFF, 0xFF, 0x30, 0x00, 0x00, 0x05, 0xEF,
  0xFF, 0xFF, 0xFF, 0xFF, 0xF8, 0x00, 0x00, 0x01, 0xFF, 0xFF, 0xE0, 0x1F, 0xFF, 0xFC, 0x00, 0x00,
  0x00, 0x7F, 0xFF, 0xFF, 0xFF, 0xFF, 0xFF, 0xFF, 0xE0, 0x00, 0x00, 0x9F, 0xFF, 0xF3, 0x6F, 0xFF,
  0xF6, 0x00, 0x00, 0x04, 0xFF, 0xFF, 0xFF, 0xEC, 0xDF, 0xFF, 0xFF, 0xF0, 0x00, 0x00, 0x4F, 0xFF,
  0xF8, 0xAF, 0xFF, 0xF1, 0x00, 0x00, 0x0D, 0xFF, 0xFF, 0xB2, 0x00, 0x00, 0x4F, 0xFF, 0xF0, 0x00,
  0x00, 0x0F, 0xFF, 0xFB, 0xDF, 0xFF, 0xE0, 0x00, 0x00, 0x4F, 0xFF, 0xFC, 0x00, 0x00, 0x00, 0x0F,
  0xFF, 0xF0, 0x00, 0x00, 0x0E, 0xFF, 0xFD, 0xEF, 0xFF, 0xC0, 0x00, 0x00, 0x9F, 0xFF, 0xF4, 0x00,
  0x00, 0x00, 0x0F, 0xFF, 0xF0, 0x00, 0x00, 0x0C, 0xFF, 0xFE, 0xFF, 0xFF, 0xB0, 0x00, 0x00, 0xCF,
  0xFF, 0xF0, 0x00, 0x00, 0x00, 0x0F, 0xFF, 0xF0, 0x00, 0x00, 0x0B, 0xFF, 0xFF, 0xFF, 0xFF, 0xB0,
  0x00, 0x00, 0xEF, 0xFF, 0xD0, 0x00, 0x00, 0x00, 0x0F, 0xFF, 0xF0, 0x00, 0x00, 0x0B, 0xFF, 0xFF,
  0xFF, 0xFF, 0xB0, 0x00, 0x00, 0xFF, 0xFF, 0xB0, 0x00, 0x00, 0x00, 0x0F, 0xFF, 0xF0, 0x00, 0x00,
  0x0B, 0xFF, 0xFF, 0xFF, 0xFF, 0xB0, 0x00, 0x00, 0xFF, 0xFF, 0xB0, 0x00, 0x00, 0x00, 0x0F, 0xFF,
  0xF0, 0x00, 0x00, 0x0B, 0xFF, 0xFF, 0xFF, 0xFF, 0xB0, 0x00, 0x00, 0xFF, 0xFF, 0xB0, 0x00, 0x00,
  0x00, 0x0F, 0xFF, 0xF0, 0x00, 0x00, 0x0B, 0xFF, 0xFF, 0xFF, 0xFF, 0xB0, 0x00, 0x00, 0xFF, 0xFF,
  0xB0, 0x00, 0x00, 0x00, 0x0F, 0xFF, 0xF0, 0x00, 0x00, 0x0B, 0xFF, 0xFF, 0xFF, 0xFF, 0xB0, 0x00,
  0x00, 0xFF, 0xFF, 0xB0, 0x00, 0x00, 0x00, 0x0F, 0xFF, 0xF0, 0x00, 0x00, 0x0D, 0xFF, 0xFE, 0xFF,
  0xFF, 0xB0, 0x00, 0x00, 0xEF, 0xFF, 0xD0, 0x00, 0x00, 0x00, 0x0F, 0xFF, 0xF1, 0x00, 0x00, 0x0F,
  0xFF, 0xFC, 0xEF, 0xFF, 0xC0, 0x00, 0x00, 0xBF, 0xFF, 0xF0, 0x00, 0x00, 0x00, 0x0F, 0xFF, 0xF4,
  0x00, 0x00, 0x3F, 0xFF, 0xF8, 0xDF, 0xFF, 0xE0, 0x00, 0x00, 0x8F, 0xFF, 0xF6, 0x00, 0x00, 0x00,
  0xBF, 0xFF, 0xF9, 0x00, 0x00, 0xAF, 0xFF, 0xF4, 0xBF, 0xFF, 0xF1, 0x00, 0x00, 0x2F, 0xFF, 0xFF,
  0x61, 0x02, 0x7E, 0xFF, 0xFF, 0xFF, 0x71, 0x07, 0xFF, 0xFF, 0xD0, 0x8F, 0xFF, 0xF5, 0x00, 0x00,
  0x09, 0xFF, 0xFF, 0xFF, 0xFF, 0xFF, 0xFF, 0x7F, 0xFF, 0xFF, 0xFF, 0xFF, 0xFF, 0x40, 0x4F, 0xFF,
  0xFA, 0x00, 0x00, 0x01, 0xDF, 0xFF, 0xFF, 0xFF, 0xFF, 0xF5, 0x07, 0xFF, 0xFF, 0xFF, 0xFF, 0xF7,
  0x00, 0x0E, 0xFF, 0xFF, 0x20, 0x00, 0x00, 0x1A, 0xFF, 0xFF, 0xFF, 0xFC, 0x20, 0x00, 0x7F, 0xFF,
  0xFF, 0xFF, 0x60, 0x00, 0x08, 0xFF, 0xFF, 0xB0, 0x00, 0x00, 0x00, 0x38, 0xAB, 0xA8, 0x20, 0x00,
  0x00, 0x02, 0x7A, 0xBA, 0x71, 0x00, 0x00, 0x01, 0xFF, 0xFF, 0xF6, 0x00, 0x00, 0x00, 0x00, 0x00,
  0x00, 0x00, 0x00, 0x00, 0x00, 0x00, 0x00, 0x00, 0x00, 0x00, 0x00, 0x7F, 0xFF, 0xFF, 0x50, 0x00,
  0x00, 0x00, 0x00, 0x00, 0x00, 0x00, 0x00, 0x00, 0x00, 0x00, 0x00, 0x00, 0x00, 0x00, 0x0B, 0xFF,
  0xFF, 0xF7, 0x00, 0x00, 0x00, 0x00, 0x00, 0x00, 0x00, 0x00, 0x00, 0x00, 0x00, 0x00, 0x00, 0x00,
  0x00, 0x01, 0xCF, 0xFF, 0xFF, 0xC4, 0x00, 0x00, 0x00, 0x00, 0x00, 0x00, 0x00, 0x00, 0x00, 0x00,
  0x00, 0x00, 0x00, 0x00, 0x00, 0x1C, 0xFF, 0xFF, 0xFF, 0xD8, 0x30, 0x00, 0x00, 0x00, 0x03, 0x6A,
  0xE4, 0x00, 0x00, 0x00, 0x00, 0x00, 0x00, 0x00, 0x00, 0x9F, 0xFF, 0xFF, 0xFF, 0xFF, 0xED, 0xCC,
  0xDE, 0xFF, 0xFF, 0xF9, 0x00, 0x00, 0x00, 0x00, 0x00, 0x00, 0x00, 0x00, 0x03, 0xCF, 0xFF, 0xFF,
  0xFF, 0xFF, 0xFF, 0xFF, 0xFF, 0xFF, 0xFE, 0x00, 0x00, 0x00, 0x00, 0x00, 0x00, 0x00, 0x00, 0x00,
  0x03, 0xAF, 0xFF, 0xFF, 0xFF, 0xFF, 0xFF, 0xFF, 0xFF, 0xB6, 0x00, 0x00, 0x00, 0x00, 0x00, 0x00,
  0x00, 0x00, 0x00, 0x00, 0x00, 0x47, 0xAC, 0xEF, 0xFF, 0xED, 0xA8, 0x40, 0x00, 0x00, 0x00, 0x00,
  0x00, 0x00, 0x00, 0x00, 0x00, 0x00, 0x00, 0xBF, 0xFF, 0xFF, 0xF1, 0x00, 0x00, 0x00, 0x00, 0x00,
  0x00, 0x00, 0x00, 0x00, 0x00, 0xFF, 0xFF, 0xFF, 0xF6, 0x00, 0x00, 0x00, 0x00, 0x00, 0x00, 0x00,
  0x00, 0x00, 0x05, 0xFF, 0xFF, 0xFF, 0xFC, 0x00, 0x00, 0x00, 0x00, 0x00, 0x00, 0x00, 0x00, 0x00,
  0x0A, 0xFF, 0xFF, 0xFF, 0xFF, 0x10, 0x00, 0x00, 0x00, 0x00, 0x00, 0x00, 0x00, 0x00, 0x0E, 0xFF,
  0xF7, 0xFF, 0xFF, 0x60, 0x00, 0x00, 0x00, 0x00, 0x00, 0x00, 0x00, 0x00, 0x4F, 0xFF, 0xF1, 0xCF,
  0xFF, 0xB0, 0x00, 0x00, 0x00, 0x00, 0x00, 0x00, 0x00, 0x00, 0x9F, 0xFF, 0xD0, 0x7F, 0xFF, 0xF0,
  0x00, 0x00, 0x00, 0x00, 0x00, 0x00, 0x00, 0x00, 0xDF, 0xFF, 0x80, 0x3F, 0xFF, 0xF5, 0x00, 0x00,
  0x00, 0x00, 0x00, 0x00, 0x00, 0x02, 0xFF, 0xFF, 0x40, 0x0E, 0xFF, 0xFA, 0x00, 0x00, 0x00, 0x00,
  0x00, 0x00, 0x00, 0x07, 0xFF, 0xFF, 0x00, 0x09, 0xFF, 0xFF, 0x00, 0x00, 0x00, 0x00, 0x00, 0x00,
  0x00, 0x0C, 0xFF, 0xFB, 0x00, 0x05, 0xFF, 0xFF, 0x40, 0x00, 0x00, 0x00, 0x00, 0x00, 0x00, 0x1F,
  0xFF, 0xF6, 0x00, 0x00, 0xFF, 0xFF, 0xA0, 0x00, 0x00, 0x00, 0x00, 0x00, 0x00, 0x6F, 0xFF, 0xF2,
  0x00, 0x00, 0xBF, 0xFF, 0xE0, 0x00, 0x00, 0x00, 0x00, 0x00, 0x00, 0xBF, 0xFF, 0xD0, 0x00, 0x00,
  0x7F, 0xFF, 0xF4, 0x00, 0x00, 0x00, 0x00, 0x00, 0x00, 0xFF, 0xFF, 0x80, 0x00, 0x00, 0x2F, 0xFF,
  0xF9, 0x00, 0x00, 0x00, 0x00, 0x00, 0x05, 0xFF, 0xFF, 0x40, 0x00, 0x00, 0x0D, 0xFF, 0xFE, 0x00,
  0x00, 0x00, 0x00, 0x00, 0x09, 0xFF, 0xFF, 0x00, 0x00, 0x00, 0x08, 0xFF, 0xFF, 0x30, 0x00, 0x00,
  0x00, 0x00, 0x0E, 0xFF, 0xFB, 0x00, 0x00, 0x00, 0x04, 0xFF, 0xFF, 0x80, 0x00, 0x00, 0x00, 0x00,
  0x3F, 0xFF, 0xF6, 0x00, 0x00, 0x00, 0x00, 0xFF, 0xFF, 0xD0, 0x00, 0x00, 0x00, 0x00, 0x8F, 0xFF,
  0xF2, 0x00, 0x00, 0x00, 0x00, 0xAF, 0xFF, 0xF2, 0x00, 0x00, 0x00, 0x00, 0xDF, 0xFF, 0xFC, 0xCC,
  0xCC, 0xCC, 0xCC, 0xDF, 0xFF, 0xF8, 0x00, 0x00, 0x00, 0x02, 0xFF, 0xFF, 0xFF, 0xFF, 0xFF, 0xFF,
  0xFF, 0xFF, 0xFF, 0xFD, 0x00, 0x00, 0x00, 0x07, 0xFF, 0xFF, 0xFF, 0xFF, 0xFF, 0xFF, 0xFF, 0xFF,
  0xFF, 0xFF, 0x20, 0x00, 0x00, 0x0C, 0xFF, 0xFF, 0xFF, 0xFF, 0xFF, 0xFF, 0xFF, 0xFF, 0xFF, 0xFF,
  0x70, 0x00, 0x00, 0x1F, 0xFF, 0xF8, 0x00, 0x00, 0x00, 0x00, 0x00, 0x00, 0xFF, 0xFF, 0xC0, 0x00,
  0x00, 0x5F, 0xFF, 0xF4, 0x00, 0x00, 0x00, 0x00, 0x00, 0x00, 0xBF, 0xFF, 0xF1, 0x00, 0x00, 0xAF,
  0xFF, 0xF0, 0x00, 0x00, 0x00, 0x00, 0x00, 0x00, 0x6F, 0xFF, 0xF6, 0x00, 0x00, 0xFF, 0xFF, 0xB0,
  0x00, 0x00, 0x00, 0x00, 0x00, 0x00, 0x1F, 0xFF, 0xFB, 0x00, 0x04, 0xFF, 0xFF, 0x60, 0x00, 0x00,
  0x00, 0x00, 0x00, 0x00, 0x0D, 0xFF, 0xFF, 0x10, 0x09, 0xFF, 0xFF, 0x20, 0x00, 0x00, 0x00, 0x00,
  0x00, 0x00, 0x08, 0xFF, 0xFF, 0x50, 0x0E, 0xFF, 0xFD, 0x00, 0x00, 0x00, 0x00, 0x00, 0x00, 0x00,
  0x03, 0xFF, 0xFF, 0xB0, 0x3F, 0xFF, 0xF9, 0x00, 0x00, 0x00, 0x00, 0x00, 0x00, 0x00, 0x00, 0xEF,
  0xFF, 0xF0, 0x8F, 0xFF, 0xF4, 0x00, 0x00, 0x00, 0x00, 0x00, 0x00, 0x00, 0x00, 0x9F, 0xFF, 0xF5,
  0xDF, 0xFF, 0xF0, 0x00, 0x00, 0x00, 0x00, 0x00, 0x00, 0x00, 0x00, 0x5F, 0xFF, 0xFA, 0xFF, 0xFF,
  0xFF, 0xFF, 0xFF, 0xFE, 0xC8, 0x40, 0x00, 0x00, 0x00, 0xFF, 0xFF, 0xFF, 0xFF, 0xFF, 0xFF, 0xFF,
  0xFE, 0x70, 0x00, 0x00, 0xFF, 0xFF, 0xFF, 0xFF, 0xFF, 0xFF, 0xFF, 0xFF, 0xFD, 0x10, 0x00, 0xFF,
  0xFF, 0xEC, 0xCC, 0xCC, 0xCE, 0xFF, 0xFF, 0xFF, 0xE1, 0x00, 0xFF, 0xFF, 0xB0, 0x00, 0x00, 0x00,
  0x28, 0xFF, 0xFF, 0xFA, 0x00, 0xFF, 0xFF, 0xB0, 0x00, 0x00, 0x00, 0x00, 0x3F, 0xFF, 0xFF, 0x20,
  0xFF, 0xFF, 0xB0, 0x00, 0x00, 0x00, 0x00, 0x07, 0xFF, 0xFF, 0x70, 0xFF, 0xFF, 0xB0, 0x00, 0x00,
  0x00, 0x00, 0x02, 0xFF, 0xFF, 0x90, 0xFF, 0xFF, 0xB0, 0x00, 0x00, 0x00, 0x00, 0x00, 0xFF, 0xFF,
  0xB0, 0xFF, 0xFF, 0xB0, 0x00, 0x00, 0x00, 0x00, 0x00, 0xFF, 0xFF, 0xB0, 0xFF, 0xFF, 0xB0, 0x00,
  0x00, 0x00, 0x00, 0x00, 0xFF, 0xFF, 0xB0, 0xFF, 0xFF, 0xB0, 0x00, 0x00, 0x00, 0x00, 0x01, 0xFF,
  0xFF, 0xA0, 0xFF, 0xFF, 0xB0, 0x00, 0x00, 0x00, 0x00, 0x05, 0xFF, 0xFF, 0x70, 0xFF, 0xFF, 0xB0,
  0x00, 0x00, 0x00, 0x00, 0x1D, 0xFF, 0xFF, 0x10, 0xFF, 0xFF, 0xB0, 0x00, 0x00, 0x00, 0x04, 0xDF,
  0xFF, 0xF5, 0x00, 0xFF, 0xFF, 0xEC, 0xCC, 0xCC, 0xCC, 0xFF, 0xFF, 0xFE, 0x30, 0x00, 0xFF, 0xFF,
  0xFF, 0xFF, 0xFF, 0xFF, 0xFF, 0xFF, 0x70, 0x00, 0x00, 0xFF, 0xFF, 0xFF, 0xFF, 0xFF, 0xFF, 0xFF,
  0xFF, 0xFC, 0x50, 0x00, 0xFF, 0xFF, 0xFF, 0xFF, 0xFF, 0xFF, 0xFF, 0xFF, 0xFF, 0xFA, 0x00, 0xFF,
  0xFF, 0xB0, 0x00, 0x00, 0x00, 0x14, 0x9F, 0xFF, 0xFF, 0xB0, 0xFF, 0xFF, 0xB0, 0x00, 0x00, 0x00,
  0x00, 0x02, 0xEF, 0xFF, 0xF5, 0xFF, 0xFF, 0xB0, 0x00, 0x00, 0x00, 0x00, 0x00, 0x3F, 0xFF, 0xFB,
  0xFF, 0xFF, 0xB0, 0x00, 0x00, 0x00, 0x00, 0x00, 0x0D, 0xFF, 0xFE, 0xFF, 0xFF, 0xB0, 0x00, 0x00,
  0x00, 0x00, 0x00, 0x0B, 0xFF, 0xFF, 0xFF, 0xFF, 0xB0, 0x00, 0x00, 0x00, 0x00, 0x00, 0x0B, 0xFF,
  0xFF, 0xFF, 0xFF, 0xB0, 0x00, 0x00, 0x00, 0x00, 0x00, 0x0B, 0xFF, 0xFF, 0xFF, 0xFF, 0xB0, 0x00,
  0x00, 0x00, 0x00, 0x00, 0x0D, 0xFF, 0xFE, 0xFF, 0xFF, 0xB0, 0x00, 0x00, 0x00, 0x00, 0x00, 0x4F,
  0xFF, 0xFB, 0xFF, 0xFF, 0xB0, 0x00, 0x00, 0x00, 0x00, 0x03, 0xEF, 0xFF, 0xF5, 0xFF, 0xFF, 0xB0,
  0x00, 0x00, 0x00, 0x04, 0x9F, 0xFF, 0xFF, 0xB0, 0xFF, 0xFF, 0xEC, 0xCC, 0xCC, 0xCD, 0xFF, 0xFF,
  0xFF, 0xFD, 0x10, 0xFF, 0xFF, 0xFF, 0xFF, 0xFF, 0xFF, 0xFF, 0xFF, 0xFF, 0xB1, 0x00, 0xFF, 0xFF,
  0xFF, 0xFF, 0xFF, 0xFF, 0xFF, 0xFF, 0xC4, 0x00, 0x00, 0xFF, 0xFF, 0xFF, 0xFF, 0xFF, 0xFE, 0xCA,
  0x62, 0x00, 0x00, 0x00, 0x00, 0x00, 0x00, 0x00, 0x02, 0x56, 0x77, 0x54, 0x10, 0x00, 0x00, 0x00,
  0x00, 0x00, 0x02, 0x9E, 0xFF, 0xFF, 0xFF, 0xFF, 0xC7, 0x00, 0x00, 0x00, 0x00, 0x08, 0xFF, 0xFF,
  0xFF, 0xFF, 0xFF, 0xFF, 0xFE, 0x60, 0x00, 0x00, 0x1C, 0xFF, 0xFF, 0xFF, 0xFF, 0xFF, 0xFF, 0xFF,
  0xFF, 0xB1, 0x00, 0x0D, 0xFF, 0xFF, 0xFD, 0x85, 0x44, 0x69, 0xEF, 0xFF, 0xFE, 0x20, 0x0A, 0xFF,
  0xFF, 0xE6, 0x00, 0x00, 0x00, 0x00, 0x5D, 0xFF, 0x30, 0x04, 0xFF, 0xFF, 0xE2, 0x00, 0x00, 0x00,
  0x00, 0x00, 0x08, 0x50, 0x00, 0xCF, 0xFF, 0xF4, 0x00, 0x00, 0x00, 0x00, 0x00, 0x00, 0x00, 0x00,
  0x2F, 0xFF, 0xFB, 0x00, 0x00, 0x00, 0x00, 0x00, 0x00, 0x00, 0x00, 0x07, 0xFF, 0xFF, 0x50, 0x00,
  0x00, 0x00, 0x00, 0x00, 0x00, 0x00, 0x00, 0xAF, 0xFF, 0xF1, 0x00, 0x00, 0x00, 0x00, 0x00, 0x00,
  0x00, 0x00, 0x0D, 0xFF, 0xFD, 0x00, 0x00, 0x00, 0x00, 0x00, 0x00, 0x00, 0x00, 0x00, 0xEF, 0xFF,
  0xC0, 0x00, 0x00, 0x00, 0x00, 0x00, 0x00, 0x00, 0x00, 0x0F, 0xFF, 0xFB, 0x00, 0x00, 0x00, 0x00,
  0x00, 0x00, 0x00, 0x00, 0x00, 0xFF, 0xFF, 0xB0, 0x00, 0x00, 0x00, 0x00, 0x00, 0x00, 0x00, 0x00,
  0x0F, 0xFF, 0xFB, 0x00, 0x00, 0x00, 0x00, 0x00, 0x00, 0x00, 0x00, 0x00, 0xFF, 0xFF, 0xB0, 0x00,
  0x00, 0x00, 0x00, 0x00, 0x00, 0x00, 0x00, 0x0F, 0xFF, 0xFB, 0x00, 0x00, 0x00, 0x00, 0x00, 0x00,
  0x00, 0x00, 0x00, 0xFF, 0xFF, 0xB0, 0x00, 0x00, 0x00, 0x00, 0x00, 0x00, 0x00, 0x00, 0x0F, 0xFF,
  0xFB, 0x00, 0x00, 0x00, 0x00, 0x00, 0x00, 0x00, 0x00, 0x00, 0xFF, 0xFF, 0xB0, 0x00, 0x00, 0x00,
  0x00, 0x00, 0x00, 0x00, 0x00, 0x0F, 0xFF, 0xFB, 0x00, 0x00, 0x00, 0x00, 0x00, 0x00, 0x00, 0x00,
  0x00, 0xFF, 0xFF, 0xB0, 0x00, 0x00, 0x00, 0x00, 0x00, 0x00, 0x00, 0x00, 0x0F, 0xFF, 0xFB, 0x00,
  0x00, 0x00, 0x00, 0x00, 0x00, 0x00, 0x00, 0x00, 0xEF, 0xFF, 0xC0, 0x00, 0x00, 0x00, 0x00, 0x00,
  0x00, 0x00, 0x00, 0x0C, 0xFF, 0xFF, 0x00, 0x00, 0x00, 0x00, 0x00, 0x00, 0x00, 0x00, 0x00, 0x9F,
  0xFF, 0xF2, 0x00, 0x00, 0x00, 0x00, 0x00, 0x00, 0x00, 0x00, 0x05, 0xFF, 0xFF, 0x80, 0x00, 0x00,
  0x00, 0x00, 0x00, 0x00, 0x00, 0x00, 0x0E, 0xFF, 0xFF, 0x10, 0x00, 0x00, 0x00, 0x00, 0x00, 0x00,
  0x00, 0x00, 0x8F, 0xFF, 0xFC, 0x00, 0x00, 0x00, 0x00, 0x00, 0x00, 0x64, 0x00, 0x00, 0xEF, 0xFF,
  0xFC, 0x20, 0x00, 0x00, 0x00, 0x05, 0xDF, 0xE1, 0x00, 0x03, 0xFF, 0xFF, 0xFF, 0xB7, 0x54, 0x56,
  0xAE, 0xFF, 0xFF, 0xA0, 0x00, 0x04, 0xFF, 0xFF, 0xFF, 0xFF, 0xFF, 0xFF, 0xFF, 0xFF, 0xFB, 0x00,
  0x00, 0x02, 0xCF, 0xFF, 0xFF, 0xFF, 0xFF, 0xFF, 0xFF, 0xD5, 0x00, 0x00, 0x00, 0x00, 0x4B, 0xFF,
  0xFF, 0xFF, 0xFF, 0xFB, 0x50, 0x00, 0x00, 0x00, 0x00, 0x00, 0x00, 0x35, 0x77, 0x65, 0x30, 0x00,
  0x00, 0x00, 0xFF, 0xFF, 0xFF, 0xFF, 0xFF, 0xFE, 0xDB, 0x73, 0x00, 0x00, 0x00, 0x00, 0xFF, 0xFF,
  0xFF, 0xFF, 0xFF, 0xFF, 0xFF, 0xFF, 0xD5, 0x00, 0x00, 0x00, 0xFF, 0xFF, 0xFF, 0xFF, 0xFF, 0xFF,
  0xFF, 0xFF, 0xFF, 0xC1, 0x00, 0x00, 0xFF, 0xFF, 0xEC, 0xCC, 0xCC, 0xCD, 0xFF, 0xFF, 0xFF, 0xFE,
  0x20, 0x00, 0xFF, 0xFF, 0xB0, 0x00, 0x00, 0x00, 0x04, 0xBF, 0xFF, 0xFF, 0xD0, 0x00, 0xFF, 0xFF,
  0xB0, 0x00, 0x00, 0x00, 0x00, 0x04, 0xFF, 0xFF, 0xFA, 0x00, 0xFF, 0xFF, 0xB0, 0x00, 0x00, 0x00,
  0x00, 0x00, 0x3F, 0xFF, 0xFF, 0x20, 0xFF, 0xFF, 0xB0, 0x00, 0x00, 0x00, 0x00, 0x00, 0x07, 0xFF,
  0xFF, 0xA0, 0xFF, 0xFF, 0xB0, 0x00, 0x00, 0x00, 0x00, 0x00, 0x00, 0xEF, 0xFF, 0xF0, 0xFF, 0xFF,
  0xB0, 0x00, 0x00, 0x00, 0x00, 0x00, 0x00, 0x9F, 0xFF, 0xF3, 0xFF, 0xFF, 0xB0, 0x00, 0x00, 0x00,
  0x00, 0x00, 0x00, 0x5F, 0xFF, 0xF7, 0xFF, 0xFF, 0xB0, 0x00, 0x00, 0x00, 0x00, 0x00, 0x00, 0x2F,
  0xFF, 0xF8, 0xFF, 0xFF, 0xB0, 0x00, 0x00, 0x00, 0x00, 0x00, 0x00, 0x1F, 0xFF, 0xF9, 0xFF, 0xFF,
  0xB0, 0x00, 0x00, 0x00, 0x00, 0x00, 0x00, 0x0F, 0xFF, 0xFB, 0xFF, 0xFF, 0xB0, 0x00, 0x00, 0x00,
  0x00, 0x00, 0x00, 0x0F, 0xFF, 0xFB, 0xFF, 0xFF, 0xB0, 0x00, 0x00, 0x00, 0x00, 0x00, 0x00, 0x0F,
  0xFF, 0xFB, 0xFF, 0xFF, 0xB0, 0x00, 0x00, 0x00, 0x00, 0x00, 0x00, 0x0F, 0xFF, 0xFB, 0xFF, 0xFF,
  0xB0, 0x00, 0x00, 0x00, 0x00, 0x00, 0x00, 0x0F, 0xFF, 0xFB, 0xFF, 0xFF, 0xB0, 0x00, 0x00, 0x00,
  0x00, 0x00, 0x00, 0x0F, 0xFF, 0xFB, 0xFF, 0xFF, 0xB0, 0x00, 0x00, 0x00, 0x00, 0x00, 0x00, 0x0F,
  0xFF, 0xFB, 0xFF, 0xFF, 0xB0, 0x00, 0x00, 0x00, 0x00, 0x00, 0x00, 0x0F, 0xFF, 0xFA, 0xFF, 0xFF,
  0xB0, 0x00, 0x00, 0x00, 0x00, 0x00, 0x00, 0x1F, 0xFF, 0xF8, 0xFF, 0xFF, 0xB0, 0x00, 0x00, 0x00,
  0x00, 0x00, 0x00, 0x3F, 0xFF, 0xF7, 0xFF, 0xFF, 0xB0, 0x00, 0x00, 0x00, 0x00, 0x00, 0x00, 0x7F,
  0xFF, 0xF4, 0xFF, 0xFF, 0xB0, 0x00, 0x00, 0x00, 0x00, 0x00, 0x00, 0xBF, 0xFF, 0xF0, 0xFF, 0xFF,
  0xB0, 0x00, 0x00, 0x00, 0x00, 0x00, 0x02, 0xFF, 0xFF, 0xB0, 0xFF, 0xFF, 0xB0, 0x00, 0x00, 0x00,
  0x00, 0x00, 0x0B, 0xFF, 0xFF, 0x40, 0xFF, 0xFF, 0xB0, 0x00, 0x00, 0x00, 0x00, 0x00, 0x7F, 0xFF,
  0xFD, 0x00, 0xFF, 0xFF, 0xB0, 0x00, 0x00, 0x00, 0x00, 0x09, 0xFF, 0xFF, 0xF3, 0x00, 0xFF, 0xFF,
  0xB0, 0x00, 0x00, 0x00, 0x37, 0xEF, 0xFF, 0xFF, 0x60, 0x00, 0xFF, 0xFF, 0xEC, 0xCC, 0xCC, 0xDF,
  0xFF, 0xFF, 0xFF, 0xF7, 0x00, 0x00, 0xFF, 0xFF, 0xFF, 0xFF, 0xFF, 0xFF, 0xFF, 0xFF, 0xFE, 0x40,
  0x00, 0x00, 0xFF, 0xFF, 0xFF, 0xFF, 0xFF, 0xFF, 0xFF, 0xFE, 0x70, 0x00, 0x00, 0x00, 0xFF, 0xFF,
  0xFF, 0xFF, 0xFF, 0xED, 0xB7, 0x30, 0x00, 0x00, 0x00, 0x00, 0xFF, 0xFF, 0xFF, 0xFF, 0xFF, 0xFF,
  0xFF, 0xFF, 0xFF, 0x8F, 0xFF, 0xFF, 0xFF, 0xFF, 0xFF, 0xFF, 0xFF, 0xFF, 0xF8, 0xFF, 0xFF, 0xFF,
  0xFF, 0xFF, 0xFF, 0xFF, 0xFF, 0xFF, 0x8F, 0xFF, 0xFE, 0xCC, 0xCC, 0xCC, 0xCC, 0xCC, 0xCC, 0xC6,
  0xFF, 0xFF, 0xB0, 0x00, 0x00, 0x00, 0x00, 0x00, 0x00, 0x0F, 0xFF, 0xFB, 0x00, 0x00, 0x00, 0x00,
  0x00, 0x00, 0x00, 0xFF, 0xFF, 0xB0, 0x00, 0x00, 0x00, 0x00, 0x00, 0x00, 0x0F, 0xFF, 0xFB, 0x00,
  0x00, 0x00, 0x00, 0x00, 0x00, 0x00, 0xFF, 0xFF, 0xB0, 0x00, 0x00, 0x00, 0x00, 0x00, 0x00, 0x0F,
  0xFF, 0xFB, 0x00, 0x00, 0x00, 0x00, 0x00, 0x00, 0x00, 0xFF, 0xFF, 0xB0, 0x00, 0x00, 0x00, 0x00,
  0x00, 0x00, 0x0F, 0xFF, 0xFB, 0x00, 0x00, 0x00, 0x00, 0x00, 0x00, 0x00, 0xFF, 0xFF, 0xB0, 0x00,
  0x00, 0x00, 0x00, 0x00, 0x00, 0x0F, 0xFF, 0xFB, 0x00, 0x00, 0x00, 0x00, 0x00, 0x00, 0x00, 0xFF,
  0xFF, 0xB0, 0x00, 0x00, 0x00, 0x00, 0x00, 0x00, 0x0F, 0xFF, 0xFF, 0xFF, 0xFF, 0xFF, 0xFF, 0xFF,
  0xFF, 0x80, 0xFF, 0xFF, 0xFF, 0xFF, 0xFF, 0xFF, 0xFF, 0xFF, 0xF8, 0x0F, 0xFF, 0xFF, 0xFF, 0xFF,
  0xFF, 0xFF, 0xFF, 0xFF, 0x80, 0xFF, 0xFF, 0xEC, 0xCC, 0xCC, 0xCC, 0xCC, 0xCC, 0xC6, 0x0F, 0xFF,
  0xFB, 0x00, 0x00, 0x00, 0x00, 0x00, 0x00, 0x00, 0xFF, 0xFF, 0xB0, 0x00, 0x00, 0x00, 0x00, 0x00,
  0x00, 0x0F, 0xFF, 0xFB, 0x00, 0x00, 0x00, 0x00, 0x00, 0x00, 0x00, 0xFF, 0xFF, 0xB0, 0x00, 0x00,
  0x00, 0x00, 0x00, 0x00, 0x0F, 0xFF, 0xFB, 0x00, 0x00, 0x00, 0x00, 0x00, 0x00, 0x00, 0xFF, 0xFF,
  0xB0, 0x00, 0x00, 0x00, 0x00, 0x00, 0x00, 0x0F, 0xFF, 0xFB, 0x00, 0x00, 0x00, 0x00, 0x00, 0x00,
  0x00, 0xFF, 0xFF, 0xB0, 0x00, 0x00, 0x00, 0x00, 0x00, 0x00, 0x0F, 0xFF, 0xFB, 0x00, 0x00, 0x00,
  0x00, 0x00, 0x00, 0x00, 0xFF, 0xFF, 0xB0, 0x00, 0x00, 0x00, 0x00, 0x00, 0x00, 0x0F, 0xFF, 0xFB,
  0x00, 0x00, 0x00, 0x00, 0x00, 0x00, 0x00, 0xFF, 0xFF, 0xEC, 0xCC, 0xCC, 0xCC, 0xCC, 0xCC, 0xCC,
  0x6F, 0xFF, 0xFF, 0xFF, 0xFF, 0xFF, 0xFF, 0xFF, 0xFF, 0xF8, 0xFF, 0xFF, 0xFF, 0xFF, 0xFF, 0xFF,
  0xFF, 0xFF, 0xFF, 0x8F, 0xFF, 0xFF, 0xFF, 0xFF, 0xFF, 0xFF, 0xFF, 0xFF, 0xF8, 0xFF, 0xFF, 0xFF,
  0xFF, 0xFF, 0xFF, 0xFF, 0xFF, 0xFF, 0xFF, 0xFF, 0xFF, 0xFF, 0xFF, 0xFF, 0xFF, 0xFF, 0xFF, 0xFF,
  0xFF, 0xFF, 0xFF, 0xFF, 0xFF, 0xFF, 0xFF, 0xFF, 0xFF, 0xFF, 0xFF, 0xFE, 0xCC, 0xCC, 0xCC, 0xCC,
  0xCC, 0xCC, 0xCC, 0xFF, 0xFF, 0xB0, 0x00, 0x00, 0x00, 0x00, 0x00, 0x00, 0x0F, 0xFF, 0xFB, 0x00,
  0x00, 0x00, 0x00, 0x00, 0x00, 0x00, 0xFF, 0xFF, 0xB0, 0x00, 0x00, 0x00, 0x00, 0x00, 0x00, 0x0F,
  0xFF, 0xFB, 0x00, 0x00, 0x00, 0x00, 0x00, 0x00, 0x00, 0xFF, 0xFF, 0xB0, 0x00, 0x00, 0x00, 0x00,
  0x00, 0x00, 0x0F, 0xFF, 0xFB, 0x00, 0x00, 0x00, 0x00, 0x00, 0x00, 0x00, 0xFF, 0xFF, 0xB0, 0x00,
  0x00, 0x00, 0x00, 0x00, 0x00, 0x0F, 0xFF, 0xFB, 0x00, 0x00, 0x00, 0x00, 0x00, 0x00, 0x00, 0xFF,
  0xFF, 0xB0, 0x00, 0x00, 0x00, 0x00, 0x00, 0x00, 0x0F, 0xFF, 0xFB, 0x00, 0x00, 0x00, 0x00, 0x00,
  0x00, 0x00, 0xFF, 0xFF, 0xB0, 0x00, 0x00, 0x00, 0x00, 0x00, 0x00, 0x0F, 0xFF, 0xFE, 0xCC, 0xCC,
  0xCC, 0xCC, 0xCC, 0xCC, 0x00, 0xFF, 0xFF, 0xFF, 0xFF, 0xFF, 0xFF, 0xFF, 0xFF, 0xF0, 0x0F, 0xFF,
  0xFF, 0xFF, 0xFF, 0xFF, 0xFF, 0xFF, 0xFF, 0x00, 0xFF, 0xFF, 0xFF, 0xFF, 0xFF, 0xFF, 0xFF, 0xFF,
  0xF0, 0x0F, 0xFF, 0xFB, 0x00, 0x00, 0x00, 0x00, 0x00, 0x00, 0x00, 0xFF, 0xFF, 0xB0, 0x00, 0x00,
  0x00, 0x00, 0x00, 0x00, 0x0F, 0xFF, 0xFB, 0x00, 0x00, 0x00, 0x00, 0x00, 0x00, 0x00, 0xFF, 0xFF,
  0xB0, 0x00, 0x00, 0x00, 0x00, 0x00, 0x00, 0x0F, 0xFF, 0xFB, 0x00, 0x00, 0x00, 0x00, 0x00, 0x00,
  0x00, 0xFF, 0xFF, 0xB0, 0x00, 0x00, 0x00, 0x00, 0x00, 0x00, 0x0F, 0xFF, 0xFB, 0x00, 0x00, 0x00,
  0x00, 0x00, 0x00, 0x00, 0xFF, 0xFF, 0xB0, 0x00, 0x00, 0x00, 0x00, 0x00, 0x00, 0x0F, 0xFF, 0xFB,
  0x00, 0x00, 0x00, 0x00, 0x00, 0x00, 0x00, 0xFF, 0xFF, 0xB0, 0x00, 0x00, 0x00, 0x00, 0x00, 0x00,
  0x0F, 0xFF, 0xFB, 0x00, 0x00, 0x00, 0x00, 0x00, 0x00, 0x00, 0xFF, 0xFF, 0xB0, 0x00, 0x00, 0x00,
  0x00, 0x00, 0x00, 0x0F, 0xFF, 0xFB, 0x00, 0x00, 0x00, 0x00, 0x00, 0x00, 0x00, 0xFF, 0xFF, 0xB0,
  0x00, 0x00, 0x00, 0x00, 0x00, 0x00, 0x0F, 0xFF, 0xFB, 0x00, 0x00, 0x00, 0x00, 0x00, 0x00, 0x00,
  0x00, 0x00, 0x00, 0x00, 0x01, 0x46, 0x77, 0x75, 0x30, 0x00, 0x00, 0x00, 0x00, 0x00, 0x00, 0x00,
  0x7C, 0xFF, 0xFF, 0xFF, 0xFF, 0xFB, 0x40, 0x00, 0x00, 0x00, 0x00, 0x06, 0xEF, 0xFF, 0xFF, 0xFF,
  0xFF, 0xFF, 0xFF, 0xC2, 0x00, 0x00, 0x00, 0x0A, 0xFF, 0xFF, 0xFF, 0xFF, 0xFF, 0xFF, 0xFF, 0xFF,
  0xF5, 0x00, 0x00, 0x0B, 0xFF, 0xFF, 0xFE, 0x96, 0x44, 0x57, 0xBF, 0xFF, 0xFF, 0xF6, 0x00, 0x08,
  0xFF, 0xFF, 0xF7, 0x00, 0x00, 0x00, 0x00, 0x19, 0xFF, 0xFF, 0xF1, 0x02, 0xFF, 0xFF, 0xF3, 0x00,
  0x00, 0x00, 0x00, 0x00, 0x05, 0xFF, 0xD2, 0x00, 0xAF, 0xFF, 0xF6, 0x00, 0x00, 0x00, 0x00, 0x00,
  0x00, 0x06, 0xB1, 0x00, 0x1F, 0xFF, 0xFD, 0x00, 0x00, 0x00, 0x00, 0x00, 0x00, 0x00, 0x00, 0x00,
  0x05, 0xFF, 0xFF, 0x60, 0x00, 0x00, 0x00, 0x00, 0x00, 0x00, 0x00, 0x00, 0x00, 0x9F, 0xFF, 0xF1,
  0x00, 0x00, 0x00, 0x00, 0x00, 0x00, 0x00, 0x00, 0x00, 0x0C, 0xFF, 0xFE, 0x00, 0x00, 0x00, 0x00,
  0x00, 0x00, 0x00, 0x00, 0x00, 0x00, 0xEF, 0xFF, 0xC0, 0x00, 0x00, 0x00, 0x00, 0x00, 0x00, 0x00,
  0x00, 0x00, 0x0F, 0xFF, 0xFB, 0x00, 0x00, 0x00, 0x00, 0x00, 0x00, 0x00, 0x00, 0x00, 0x00, 0xFF,
  0xFF, 0xB0, 0x00, 0x00, 0x00, 0x00, 0x00, 0x00, 0x00, 0x00, 0x00, 0x0F, 0xFF, 0xFB, 0x00, 0x00,
  0x00, 0x00, 0x00, 0x00, 0x00, 0x00, 0x00, 0x00, 0xFF, 0xFF, 0xB0, 0x00, 0x00, 0x00, 0x00, 0x00,
  0x00, 0x00, 0x00, 0x00, 0x0F, 0xFF, 0xFB, 0x00, 0x00, 0x00, 0x0F, 0xFF, 0xFF, 0xFF, 0xFF, 0xFF,
  0xFB, 0xFF, 0xFF, 0xB0, 0x00, 0x00, 0x00, 0xFF, 0xFF, 0xFF, 0xFF, 0xFF, 0xFF, 0xBF, 0xFF, 0xFB,
  0x00, 0x00, 0x00, 0x0F, 0xFF, 0xFF, 0xFF, 0xFF, 0xFF, 0xFB, 0xFF, 0xFF, 0xB0, 0x00, 0x00, 0x00,
  0xBC, 0xCC, 0xCC, 0xCC, 0xFF, 0xFF, 0xBF, 0xFF, 0xFB, 0x00, 0x00, 0x00, 0x00, 0x00, 0x00, 0x00,
  0x0F, 0xFF, 0xFB, 0xFF, 0xFF, 0xB0, 0x00, 0x00, 0x00, 0x00, 0x00, 0x00, 0x00, 0xFF, 0xFF, 0xBF,
  0xFF, 0xFB, 0x00, 0x00, 0x00, 0x00, 0x00, 0x00, 0x00, 0x0F, 0xFF, 0xFB, 0xFF, 0xFF, 0xC0, 0x00,
  0x00, 0x00, 0x00, 0x00, 0x00, 0x00, 0xFF, 0xFF, 0xBE, 0xFF, 0xFE, 0x00, 0x00, 0x00, 0x00, 0x00,
  0x00, 0x00, 0x0F, 0xFF, 0xFB, 0xBF, 0xFF, 0xF1, 0x00, 0x00, 0x00, 0x00, 0x00, 0x00, 0x00, 0xFF,
  0xFF, 0xB7, 0xFF, 0xFF, 0x70, 0x00, 0x00, 0x00, 0x00, 0x00, 0x00, 0x0F, 0xFF, 0xFB, 0x2F, 0xFF,
  0xFE, 0x00, 0x00, 0x00, 0x00, 0x00, 0x00, 0x0A, 0xFF, 0xFF, 0xB0, 0xCF, 0xFF, 0xFA, 0x00, 0x00,
  0x00, 0x00, 0x00, 0x09, 0xFF, 0xFF, 0xFB, 0x03, 0xFF, 0xFF, 0xFB, 0x10, 0x00, 0x00, 0x00, 0x3C,
  0xFF, 0xFF, 0xFF, 0xB0, 0x08, 0xFF, 0xFF, 0xFF, 0xA6, 0x44, 0x57, 0xCF, 0xFF, 0xFF, 0xFF, 0xFB,
  0x00, 0x09, 0xFF, 0xFF, 0xFF, 0xFF, 0xFF, 0xFF, 0xFF, 0xF9, 0x9F, 0xFF, 0xB0, 0x00, 0x06, 0xFF,
  0xFF, 0xFF, 0xFF, 0xFF, 0xFF, 0xE6, 0x06, 0xFF, 0xFB, 0x00, 0x00, 0x01, 0x8E, 0xFF, 0xFF, 0xFF,
  0xFD, 0x70, 0x00, 0x4F, 0xFF, 0xB0, 0x00, 0x00, 0x00, 0x02, 0x57, 0x76, 0x51, 0x00, 0x00, 0x00,
  0x00, 0x00, 0xFF, 0xFF, 0xB0, 0x00, 0x00, 0x00, 0x00, 0x00, 0x00, 0x0B, 0xFF, 0xFF, 0xFF, 0xFF,
  0xB0, 0x00, 0x00, 0x00, 0x00, 0x00, 0x00, 0x0B, 0xFF, 0xFF, 0xFF, 0xFF, 0xB0, 0x00, 0x00, 0x00,
  0x00, 0x00, 0x00, 0x0B, 0xFF, 0xFF, 0xFF, 0xFF, 0xB0, 0x00, 0x00, 0x00, 0x00, 0x00, 0x00, 0x0B,
  0xFF, 0xFF, 0xFF, 0xFF, 0xB0, 0x00, 0x00, 0x00, 0x00, 0x00, 0x00, 0x0B, 0xFF, 0xFF, 0xFF, 0xFF,
  0xB0, 0x00, 0x00, 0x00, 0x00, 0x00, 0x00, 0x0B, 0xFF, 0xFF, 0xFF, 0xFF, 0xB0, 0x00, 0x00, 0x00,
  0x00, 0x00, 0x00, 0x0B, 0xFF, 0xFF, 0xFF, 0xFF, 0xB0, 0x00, 0x00, 0x00, 0x00, 0x00, 0x00, 0x0B,
  0xFF, 0xFF, 0xFF, 0xFF, 0xB0, 0x00, 0x00, 0x00, 0x00, 0x00, 0x00, 0x0B, 0xFF, 0xFF, 0xFF, 0xFF,
  0xB0, 0x00, 0x00, 0x00, 0x00, 0x00, 0x00, 0x0B, 0xFF, 0xFF, 0xFF, 0xFF, 0xB0, 0x00, 0x00, 0x00,
  0x00, 0x00, 0x00, 0x0B, 0xFF, 0xFF, 0xFF, 0xFF, 0xB0, 0x00, 0x00, 0x00, 0x00, 0x00, 0x00, 0x0B,
  0xFF, 0xFF, 0xFF, 0xFF, 0xB0, 0x00, 0x00, 0x00, 0x00, 0x00, 0x00, 0x0B, 0xFF, 0xFF, 0xFF, 0xFF,
  0xB0, 0x00, 0x00, 0x00, 0x00, 0x00, 0x00, 0x0B, 0xFF, 0xFF, 0xFF, 0xFF, 0xB0, 0x00, 0x00, 0x00,
  0x00, 0x00, 0x00, 0x0B, 0xFF, 0xFF, 0xFF, 0xFF, 0xFF, 0xFF, 0xFF, 0xFF, 0xFF, 0xFF, 0xFF, 0xFF,
  0xFF, 0xFF, 0xFF, 0xFF, 0xFF, 0xFF, 0xFF, 0xFF, 0xFF, 0xFF, 0xFF, 0xFF, 0xFF, 0xFF, 0xFF, 0xFF,
  0xFF, 0xFF, 0xFF, 0xFF, 0xFF, 0xFF, 0xFF, 0xFF, 0xFF, 0xFF, 0xFF, 0xFF, 0xEC, 0xCC, 0xCC, 0xCC,
  0xCC, 0xCC, 0xCC, 0xCE, 0xFF, 0xFF, 0xFF, 0xFF, 0xB0, 0x00, 0x00, 0x00, 0x00, 0x00, 0x00, 0x0B,
  0xFF, 0xFF, 0xFF, 0xFF, 0xB0, 0x00, 0x00, 0x00, 0x00, 0x00, 0x00, 0x0B, 0xFF, 0xFF, 0xFF, 0xFF,
  0xB0, 0x00, 0x00, 0x00, 0x00, 0x00, 0x00, 0x0B, 0xFF, 0xFF, 0xFF, 0xFF, 0xB0, 0x00, 0x00, 0x00,
  0x00, 0x00, 0x00, 0x0B, 0xFF, 0xFF, 0xFF, 0xFF, 0xB0, 0x00, 0x00, 0x00, 0x00, 0x00, 0x00, 0x0B,
  0xFF, 0xFF, 0xFF, 0xFF, 0xB0, 0x00, 0x00, 0x00, 0x00, 0x00, 0x00, 0x0B, 0xFF, 0xFF, 0xFF, 0xFF,
  0xB0, 0x00, 0x00, 0x00, 0x00, 0x00, 0x00, 0x0B, 0xFF, 0xFF, 0xFF, 0xFF, 0xB0, 0x00, 0x00, 0x00,
  0x00, 0x00, 0x00, 0x0B, 0xFF, 0xFF, 0xFF, 0xFF, 0xB0, 0x00, 0x00, 0x00, 0x00, 0x00, 0x00, 0x0B,
  0xFF, 0xFF, 0xFF, 0xFF, 0xB0, 0x00, 0x00, 0x00, 0x00, 0x00, 0x00, 0x0B, 0xFF, 0xFF, 0xFF, 0xFF,
  0xB0, 0x00, 0x00, 0x00, 0x00, 0x00, 0x00, 0x0B, 0xFF, 0xFF, 0xFF, 0xFF, 0xB0, 0x00, 0x00, 0x00,
  0x00, 0x00, 0x00, 0x0B, 0xFF, 0xFF, 0xFF, 0xFF, 0xB0, 0x00, 0x00, 0x00, 0x00, 0x00, 0x00, 0x0B,
  0xFF, 0xFF, 0xFF, 0xFF, 0xB0, 0x00, 0x00, 0x00, 0x00, 0x00, 0x00, 0x0B, 0xFF, 0xFF, 0xFF, 0xFF,
  0xB0, 0x00, 0x00, 0x00, 0x00, 0x00, 0x00, 0x0B, 0xFF, 0xFF, 0xFF, 0xFF, 0xFF, 0xFF, 0xFF, 0xFF,
  0xFF, 0xFF, 0xFF, 0xFF, 0xFF, 0xFF, 0xFF, 0xFF, 0xFF, 0xFF, 0xFF, 0xFF, 0xFF, 0xFC, 0xCC, 0xCE,
  0xFF, 0xFF, 0xCC, 0xCC, 0x00, 0x00, 0xBF, 0xFF, 0xF0, 0x00, 0x00, 0x00, 0x0B, 0xFF, 0xFF, 0x00,
  0x00, 0x00, 0x00, 0xBF, 0xFF, 0xF0, 0x00, 0x00, 0x00, 0x0B, 0xFF, 0xFF, 0x00, 0x00, 0x00, 0x00,
  0xBF, 0xFF, 0xF0, 0x00, 0x00, 0x00, 0x0B, 0xFF, 0xFF, 0x00, 0x00, 0x00, 0x00, 0xBF, 0xFF, 0xF0,
  0x00, 0x00, 0x00, 0x0B, 0xFF, 0xFF, 0x00, 0x00, 0x00, 0x00, 0xBF, 0xFF, 0xF0, 0x00, 0x00, 0x00,
  0x0B, 0xFF, 0xFF, 0x00, 0x00, 0x00, 0x00, 0xBF, 0xFF, 0xF0, 0x00, 0x00, 0x00, 0x0B, 0xFF, 0xFF,
  0x00, 0x00, 0x00, 0x00, 0xBF, 0xFF, 0xF0, 0x00, 0x00, 0x00, 0x0B, 0xFF, 0xFF, 0x00, 0x00, 0x00,
  0x00, 0xBF, 0xFF, 0xF0, 0x00, 0x00, 0x00, 0x0B, 0xFF, 0xFF, 0x00, 0x00, 0x00, 0x00, 0xBF, 0xFF,
  0xF0, 0x00, 0x00, 0x00, 0x0B, 0xFF, 0xFF, 0x00, 0x00, 0x00, 0x00, 0xBF, 0xFF, 0xF0, 0x00, 0x00,
  0x00, 0x0B, 0xFF, 0xFF, 0x00, 0x00, 0x00, 0x00, 0xBF, 0xFF, 0xF0, 0x00, 0x00, 0x00, 0x0B, 0xFF,
  0xFF, 0x00, 0x00, 0x00, 0x00, 0xBF, 0xFF, 0xF0, 0x00, 0x00, 0x00, 0x0B, 0xFF, 0xFF, 0x00, 0x00,
  0x00, 0x00, 0xBF, 0xFF, 0xF0, 0x00, 0x00, 0x00, 0x0B, 0xFF, 0xFF, 0x00, 0x00, 0xCC, 0xCC, 0xEF,
  0xFF, 0xFC, 0xCC, 0xCF, 0xFF, 0xFF, 0xFF, 0xFF, 0xFF, 0xFF, 0xFF, 0xFF, 0xFF, 0xFF, 0xFF, 0xFF,
  0xFF, 0xFF, 0xFF, 0xFF, 0xFF, 0xFF, 0xFF, 0x00, 0x8F, 0xFF, 0xFF, 0xFF, 0xFF, 0xFF, 0xFF, 0xFF,
  0xFB, 0x00, 0x8F, 0xFF, 0xFF, 0xFF, 0xFF, 0xFF, 0xFF, 0xFF, 0xFB, 0x00, 0x8F, 0xFF, 0xFF, 0xFF,
  0xFF, 0xFF, 0xFF, 0xFF, 0xFB, 0x00, 0x6C, 0xCC, 0xCC, 0xCC, 0xCC, 0xCC, 0xCF, 0xFF, 0xFB, 0x00,
  0x00, 0x00, 0x00, 0x00, 0x00, 0x00, 0x0F, 0xFF, 0xFB, 0x00, 0x00, 0x00, 0x00, 0x00, 0x00, 0x00,
  0x0F, 0xFF, 0xFB, 0x00, 0x00, 0x00, 0x00, 0x00, 0x00, 0x00, 0x0F, 0xFF, 0xFB, 0x00, 0x00, 0x00,
  0x00, 0x00, 0x00, 0x00, 0x0F, 0xFF, 0xFB, 0x00, 0x00, 0x00, 0x00, 0x00, 0x00, 0x00, 0x0F, 0xFF,
  0xFB, 0x00, 0x00, 0x00, 0x00, 0x00, 0x00, 0x00, 0x0F, 0xFF, 0xFB, 0x00, 0x00, 0x00, 0x00, 0x00,
  0x00, 0x00, 0x0F, 0xFF, 0xFB, 0x00, 0x00, 0x00, 0x00, 0x00, 0x00, 0x00, 0x0F, 0xFF, 0xFB, 0x00,
  0x00, 0x00, 0x00, 0x00, 0x00, 0x00, 0x0F, 0xFF, 0xFB, 0x00, 0x00, 0x00, 0x00, 0x00, 0x00, 0x00,
  0x0F, 0xFF, 0xFB, 0x00, 0x00, 0x00, 0x00, 0x00, 0x00, 0x00, 0x0F, 0xFF, 0xFB, 0x00, 0x00, 0x00,
  0x00, 0x00, 0x00, 0x00, 0x0F, 0xFF, 0xFB, 0x00, 0x00, 0x00, 0x00, 0x00, 0x00, 0x00, 0x0F, 0xFF,
  0xFB, 0x00, 0x00, 0x00, 0x00, 0x00, 0x00, 0x00, 0x0F, 0xFF, 0xFB, 0x00, 0x00, 0x00, 0x00, 0x00,
  0x00, 0x00, 0x0F, 0xFF, 0xFB, 0x00, 0x00, 0x00, 0x00, 0x00, 0x00, 0x00, 0x0F, 0xFF, 0xFB, 0x00,
  0x00, 0x00, 0x00, 0x00, 0x00, 0x00, 0x0F, 0xFF, 0xFB, 0x00, 0x00, 0x00, 0x00, 0x00, 0x00, 0x00,
  0x0F, 0xFF, 0xFB, 0x00, 0x00, 0x00, 0x00, 0x00, 0x00, 0x00, 0x0F, 0xFF, 0xFB, 0x00, 0x00, 0x00,
  0x00, 0x00, 0x00, 0x00, 0x0F, 0xFF, 0xFB, 0x00, 0x00, 0x00, 0x00, 0x00, 0x00, 0x00, 0x0F, 0xFF,
  0xFA, 0x00, 0x00, 0x00, 0x00, 0x00, 0x00, 0x00, 0x1F, 0xFF, 0xF9, 0x00, 0x00, 0x00, 0x00, 0x00,
  0x00, 0x00, 0x4F, 0xFF, 0xF7, 0x00, 0x00, 0x00, 0x00, 0x00, 0x00, 0x00, 0x8F, 0xFF, 0xF3, 0x00,
  0x13, 0x00, 0x00, 0x00, 0x00, 0x02, 0xFF, 0xFF, 0xE0, 0x00, 0xCF, 0x81, 0x00, 0x00, 0x00, 0x2D,
  0xFF, 0xFF, 0x70, 0x0A, 0xFF, 0xFF, 0xA6, 0x54, 0x5A, 0xFF, 0xFF, 0xFD, 0x00, 0x2E, 0xFF, 0xFF,
  0xFF, 0xFF, 0xFF, 0xFF, 0xFF, 0xE2, 0x00, 0x01, 0xBF, 0xFF, 0xFF, 0xFF, 0xFF, 0xFF, 0xFD, 0x20,
  0x00, 0x00, 0x02, 0x9E, 0xFF, 0xFF, 0xFF, 0xFD, 0x60, 0x00, 0x00, 0x00, 0x00, 0x00, 0x25, 0x67,
  0x65, 0x20, 0x00, 0x00, 0x00, 0xFF, 0xFF, 0xB0, 0x00, 0x00, 0x00, 0x00, 0x00, 0x09, 0xFF, 0xFF,
  0x80, 0x0F, 0xFF, 0xFB, 0x00, 0x00, 0x00, 0x00, 0x00, 0x05, 0xFF, 0xFF, 0xC0, 0x00, 0xFF, 0xFF,
  0xB0, 0x00, 0x00, 0x00, 0x00, 0x02, 0xFF, 0xFF, 0xE1, 0x00, 0x0F, 0xFF, 0xFB, 0x00, 0x00, 0x00,
  0x00, 0x00, 0xDF, 0xFF, 0xF4, 0x00, 0x00, 0xFF, 0xFF, 0xB0, 0x00, 0x00, 0x00, 0x00, 0xAF, 0xFF,
  0xF8, 0x00, 0x00, 0x0F, 0xFF, 0xFB, 0x00, 0x00, 0x00, 0x00, 0x7F, 0xFF, 0xFB, 0x00, 0x00, 0x00,
  0xFF, 0xFF, 0xB0, 0x00, 0x00, 0x00, 0x3F, 0xFF, 0xFE, 0x10, 0x00, 0x00, 0x0F, 0xFF, 0xFB, 0x00,
  0x00, 0x00, 0x1E, 0xFF, 0xFF, 0x30, 0x00, 0x00, 0x00, 0xFF, 0xFF, 0xB0, 0x00, 0x00, 0x0B, 0xFF,
  0xFF, 0x70, 0x00, 0x00, 0x00, 0x0F, 0xFF, 0xFB, 0x00, 0x00, 0x08, 0xFF, 0xFF, 0xB0, 0x00, 0x00,
  0x00, 0x00, 0xFF, 0xFF, 0xB0, 0x00, 0x04, 0xFF, 0xFF, 0xE1, 0x00, 0x00, 0x00, 0x00, 0x0F, 0xFF,
  0xFB, 0x00, 0x02, 0xFF, 0xFF, 0xF3, 0x00, 0x00, 0x00, 0x00, 0x00, 0xFF, 0xFF, 0xB0, 0x00, 0xDF,
  0xFF, 0xF6, 0x00, 0x00, 0x00, 0x00, 0x00, 0x0F, 0xFF, 0xFB, 0x00, 0xAF, 0xFF, 0xFA, 0x00, 0x00,
  0x00, 0x00, 0x00, 0x00, 0xFF, 0xFF, 0xB0, 0x6F, 0xFF, 0xFD, 0x00, 0x00, 0x00, 0x00, 0x00, 0x00,
  0x0F, 0xFF, 0xFB, 0x3F, 0xFF, 0xFF, 0x80, 0x00, 0x00, 0x00, 0x00, 0x00, 0x00, 0xFF, 0xFF, 0xCE,
  0xFF, 0xFF, 0xFF, 0x30, 0x00, 0x00, 0x00, 0x00, 0x00, 0x0F, 0xFF, 0xFF, 0xFF, 0xFF, 0xFF, 0xFE,
  0x00, 0x00, 0x00, 0x00, 0x00, 0x00, 0xFF, 0xFF, 0xFF, 0xFF, 0xFF, 0xFF, 0xFA, 0x00, 0x00, 0x00,
  0x00, 0x00, 0x0F, 0xFF, 0xFF, 0xFF, 0xC2, 0xFF, 0xFF, 0xF5, 0x00, 0x00, 0x00, 0x00, 0x00, 0xFF,
  0xFF, 0xFF, 0xE1, 0x06, 0xFF, 0xFF, 0xF2, 0x00, 0x00, 0x00, 0x00, 0x0F, 0xFF, 0xFF, 0xF4, 0x00,
  0x0A, 0xFF, 0xFF, 0xC0, 0x00, 0x00, 0x00, 0x00, 0xFF, 0xFF, 0xF7, 0x00, 0x00, 0x1E, 0xFF, 0xFF,
  0x80, 0x00, 0x00, 0x00, 0x0F, 0xFF, 0xFC, 0x00, 0x00, 0x00, 0x3F, 0xFF, 0xFF, 0x30, 0x00, 0x00,
  0x00, 0xFF, 0xFF, 0xB0, 0x00, 0x00, 0x00, 0x8F, 0xFF, 0xFE, 0x10, 0x00, 0x00, 0x0F, 0xFF, 0xFB,
  0x00, 0x00, 0x00, 0x00, 0xCF, 0xFF, 0xFA, 0x00, 0x00, 0x00, 0xFF, 0xFF, 0xB0, 0x00, 0x00, 0x00,
  0x02, 0xFF, 0xFF, 0xF6, 0x00, 0x00, 0x0F, 0xFF, 0xFB, 0x00, 0x00, 0x00, 0x00, 0x05, 0xFF, 0xFF,
  0xF2, 0x00, 0x00, 0xFF, 0xFF, 0xB0, 0x00, 0x00, 0x00, 0x00, 0x0A, 0xFF, 0xFF, 0xC0, 0x00, 0x0F,
  0xFF, 0xFB, 0x00, 0x00, 0x00, 0x00, 0x00, 0x0D, 0xFF, 0xFF, 0x80, 0x00, 0xFF, 0xFF, 0xB0, 0x00,
  0x00, 0x00, 0x00, 0x00, 0x3F, 0xFF, 0xFF, 0x40, 0x0F, 0xFF, 0xFB, 0x00, 0x00, 0x00, 0x00, 0x00,
  0x00, 0x7F, 0xFF, 0xFE, 0x10, 0xFF, 0xFF, 0xB0, 0x00, 0x00, 0x00, 0x00, 0x00, 0x00, 0xCF, 0xFF,
  0xFB, 0x0F, 0xFF, 0xFB, 0x00, 0x00, 0x00, 0x00, 0x00, 0x00, 0x01, 0xEF, 0xFF, 0xF6, 0xFF, 0xFF,
  0xB0, 0x00, 0x00, 0x00, 0x00, 0x00, 0x00, 0x0F, 0xFF, 0xFB, 0x00, 0x00, 0x00, 0x00, 0x00, 0x00,
  0x00, 0xFF, 0xFF, 0xB0, 0x00, 0x00, 0x00, 0x00, 0x00, 0x00, 0x0F, 0xFF, 0xFB, 0x00, 0x00, 0x00,
  0x00, 0x00, 0x00, 0x00, 0xFF, 0xFF, 0xB0, 0x00, 0x00, 0x00, 0x00, 0x00, 0x00, 0x0F, 0xFF, 0xFB,
  0x00, 0x00, 0x00, 0x00, 0x00, 0x00, 0x00, 0xFF, 0xFF, 0xB0, 0x00, 0x00, 0x00, 0x00, 0x00, 0x00,
  0x0F, 0xFF, 0xFB, 0x00, 0x00, 0x00, 0x00, 0x00, 0x00, 0x00, 0xFF, 0xFF, 0xB0, 0x00, 0x00, 0x00,
  0x00, 0x00, 0x00, 0x0F, 0xFF, 0xFB, 0x00, 0x00, 0x00, 0x00, 0x00, 0x00, 0x00, 0xFF, 0xFF, 0xB0,
  0x00, 0x00, 0x00, 0x00, 0x00, 0x00, 0x0F, 0xFF, 0xFB, 0x00, 0x00, 0x00, 0x00, 0x00, 0x00, 0x00,
  0xFF, 0xFF, 0xB0, 0x00, 0x00, 0x00, 0x00, 0x00, 0x00, 0x0F, 0xFF, 0xFB, 0x00, 0x00, 0x00, 0x00,
  0x00, 0x00, 0x00, 0xFF, 0xFF, 0xB0, 0x00, 0x00, 0x00, 0x00, 0x00, 0x00, 0x0F, 0xFF, 0xFB, 0x00,
  0x00, 0x00, 0x00, 0x00, 0x00, 0x00, 0xFF, 0xFF, 0xB0, 0x00, 0x00, 0x00, 0x00, 0x00, 0x00, 0x0F,
  0xFF, 0xFB, 0x00, 0x00, 0x00, 0x00, 0x00, 0x00, 0x00, 0xFF, 0xFF, 0xB0, 0x00, 0x00, 0x00, 0x00,
  0x00, 0x00, 0x0F, 0xFF, 0xFB, 0x00, 0x00, 0x00, 0x00, 0x00, 0x00, 0x00, 0xFF, 0xFF, 0xB0, 0x00,
  0x00, 0x00, 0x00, 0x00, 0x00, 0x0F, 0xFF, 0xFB, 0x00, 0x00, 0x00, 0x00, 0x00, 0x00, 0x00, 0xFF,
  0xFF, 0xB0, 0x00, 0x00, 0x00, 0x00, 0x00, 0x00, 0x0F, 0xFF, 0xFB, 0x00, 0x00, 0x00, 0x00, 0x00,
  0x00, 0x00, 0xFF, 0xFF, 0xB0, 0x00, 0x00, 0x00, 0x00, 0x00, 0x00, 0x0F, 0xFF, 0xFB, 0x00, 0x00,
  0x00, 0x00, 0x00, 0x00, 0x00, 0xFF, 0xFF, 0xB0, 0x00, 0x00, 0x00, 0x00, 0x00, 0x00, 0x0F, 0xFF,
  0xFB, 0x00, 0x00, 0x00, 0x00, 0x00, 0x00, 0x00, 0xFF, 0xFF, 0xB0, 0x00, 0x00, 0x00, 0x00, 0x00,
  0x00, 0x0F, 0xFF, 0xFB, 0x00, 0x00, 0x00, 0x00, 0x00, 0x00, 0x00, 0xFF, 0xFF, 0xEC, 0xCC, 0xCC,
  0xCC, 0xCC, 0xCC, 0xCC, 0x6F, 0xFF, 0xFF, 0xFF, 0xFF, 0xFF, 0xFF, 0xFF, 0xFF, 0xF8, 0xFF, 0xFF,
  0xFF, 0xFF, 0xFF, 0xFF, 0xFF, 0xFF, 0xFF, 0x8F, 0xFF, 0xFF, 0xFF, 0xFF, 0xFF, 0xFF, 0xFF, 0xFF,
  0xF8, 0xFF, 0xFF, 0xFF, 0xC0, 0x00, 0x00, 0x00, 0x00, 0x00, 0x00, 0x00, 0x00, 0x8F, 0xFF, 0xFF,
  0xBF, 0xFF, 0xFF, 0xFF, 0x20, 0x00, 0x00, 0x00, 0x00, 0x00, 0x00, 0x00, 0x0E, 0xFF, 0xFF, 0xFB,
  0xFF, 0xFF, 0xFF, 0xF8, 0x00, 0x00, 0x00, 0x00, 0x00, 0x00, 0x00, 0x04, 0xFF, 0xFF, 0xFF, 0xBF,
  0xFF, 0xFF, 0xFF, 0xD0, 0x00, 0x00, 0x00, 0x00, 0x00, 0x00, 0x00, 0xAF, 0xFF, 0xFF, 0xFB, 0xFF,
  0xFF, 0xFF, 0xFF, 0x30, 0x00, 0x00, 0x00, 0x00, 0x00, 0x00, 0x0F, 0xFF, 0xFF, 0xFF, 0xBF, 0xFF,
  0xFF, 0xFF, 0xF9, 0x00, 0x00, 0x00, 0x00, 0x00, 0x00, 0x05, 0xFF, 0xFF, 0xFF, 0xFB, 0xFF, 0xFF,
  0xFF, 0xFF, 0xE0, 0x00, 0x00, 0x00, 0x00, 0x00, 0x00, 0xBF, 0xFF, 0xFF, 0xFF, 0xBF, 0xFF, 0xFD,
  0xFF, 0xFF, 0x40, 0x00, 0x00, 0x00, 0x00, 0x00, 0x1F, 0xFF, 0xFF, 0xFF, 0xFB, 0xFF, 0xFF, 0xBC,
  0xFF, 0xFA, 0x00, 0x00, 0x00, 0x00, 0x00, 0x06, 0xFF, 0xFA, 0xFF, 0xFF, 0xBF, 0xFF, 0xFB, 0x6F,
  0xFF, 0xF0, 0x00, 0x00, 0x00, 0x00, 0x00, 0xCF, 0xFF, 0x4F, 0xFF, 0xFB, 0xFF, 0xFF, 0xB1, 0xFF,
  0xFF, 0x60, 0x00, 0x00, 0x00, 0x00, 0x2F, 0xFF, 0xE0, 0xFF, 0xFF, 0xBF, 0xFF, 0xFB, 0x0A, 0xFF,
  0xFB, 0x00, 0x00, 0x00, 0x00, 0x08, 0xFF, 0xF8, 0x0F, 0xFF, 0xFB, 0xFF, 0xFF, 0xB0, 0x5F, 0xFF,
  0xF1, 0x00, 0x00, 0x00, 0x00, 0xDF, 0xFF, 0x30, 0xFF, 0xFF, 0xBF, 0xFF, 0xFB, 0x00, 0xEF, 0xFF,
  0x70, 0x00, 0x00, 0x00, 0x3F, 0xFF, 0xD0, 0x0F, 0xFF, 0xFB, 0xFF, 0xFF, 0xB0, 0x09, 0xFF, 0xFD,
  0x00, 0x00, 0x00, 0x09, 0xFF, 0xF7, 0x00, 0xFF, 0xFF, 0xBF, 0xFF, 0xFB, 0x00, 0x3F, 0xFF, 0xF2,
  0x00, 0x00, 0x00, 0xEF, 0xFF, 0x10, 0x0F, 0xFF, 0xFB, 0xFF, 0xFF, 0xB0, 0x00, 0xDF, 0xFF, 0x80,
  0x00, 0x00, 0x5F, 0xFF, 0xB0, 0x00, 0xFF, 0xFF, 0xBF, 0xFF, 0xFB, 0x00, 0x08, 0xFF, 0xFE, 0x00,
  0x00, 0x0A, 0xFF, 0xF5, 0x00, 0x0F, 0xFF, 0xFB, 0xFF, 0xFF, 0xB0, 0x00, 0x2F, 0xFF, 0xF3, 0x00,
  0x01, 0xFF, 0xFF, 0x00, 0x00, 0xFF, 0xFF, 0xBF, 0xFF, 0xFB, 0x00, 0x00, 0xCF, 0xFF, 0x90, 0x00,
  0x6F, 0xFF, 0x90, 0x00, 0x0F, 0xFF, 0xFB, 0xFF, 0xFF, 0xB0, 0x00, 0x06, 0xFF, 0xFE, 0x00, 0x0C,
  0xFF, 0xF4, 0x00, 0x00, 0xFF, 0xFF, 0xBF, 0xFF, 0xFB, 0x00, 0x00, 0x1F, 0xFF, 0xF5, 0x02, 0xFF,
  0xFE, 0x00, 0x00, 0x0F, 0xFF, 0xFB, 0xFF, 0xFF, 0xB0, 0x00, 0x00, 0xBF, 0xFF, 0xA0, 0x7F, 0xFF,
  0x80, 0x00, 0x00, 0xFF, 0xFF, 0xBF, 0xFF, 0xFB, 0x00, 0x00, 0x05, 0xFF, 0xFF, 0x1D, 0xFF, 0xF2,
  0x00, 0x00, 0x0F, 0xFF, 0xFB, 0xFF, 0xFF, 0xB0, 0x00, 0x00, 0x0E, 0xFF, 0xF9, 0xFF, 0xFC, 0x00,
  0x00, 0x00, 0xFF, 0xFF, 0xBF, 0xFF, 0xFB, 0x00, 0x00, 0x00, 0x9F, 0xFF, 0xFF, 0xFF, 0x60, 0x00,
  0x00, 0x0F, 0xFF, 0xFB, 0xFF, 0xFF, 0xB0, 0x00, 0x00, 0x03, 0xFF, 0xFF, 0xFF, 0xF1, 0x00, 0x00,
  0x00, 0xFF, 0xFF, 0xBF, 0xFF, 0xFB, 0x00, 0x00, 0x00, 0x0D, 0xFF, 0xFF, 0xFA, 0x00, 0x00, 0x00,
  0x0F, 0xFF, 0xFB, 0xFF, 0xFF, 0xB0, 0x00, 0x00, 0x00, 0x8F, 0xFF, 0xFF, 0x50, 0x00, 0x00, 0x00,
  0xFF, 0xFF, 0xBF, 0xFF, 0xFB, 0x00, 0x00, 0x00, 0x00, 0x22, 0x22, 0x20, 0x00, 0x00, 0x00, 0x0F,
  0xFF, 0xFB, 0xFF, 0xFF, 0xB0, 0x00, 0x00, 0x00, 0x00, 0x00, 0x00, 0x00, 0x00, 0x00, 0x00, 0xFF,
  0xFF, 0xBF, 0xFF, 0xFB, 0x00, 0x00, 0x00, 0x00, 0x00, 0x00, 0x00, 0x00, 0x00, 0x00, 0x0F, 0xFF,
  0xFB, 0xFF, 0xFF, 0xB0, 0x00, 0x00, 0x00, 0x00, 0x00, 0x00, 0x00, 0x00, 0x00, 0x00, 0xFF, 0xFF,
  0xBF, 0xFF, 0xFB, 0x00, 0x00, 0x00, 0x00, 0x00, 0x00, 0x00, 0x00, 0x00, 0x00, 0x0F, 0xFF, 0xFB,
  0xFF, 0xFF, 0xFF, 0x60, 0x00, 0x00, 0x00, 0x00, 0x00, 0x00, 0xFF, 0xFF, 0xBF, 0xFF, 0xFF, 0xFE,
  0x00, 0x00, 0x00, 0x00, 0x00, 0x00, 0x0F, 0xFF, 0xFB, 0xFF, 0xFF, 0xFF, 0xF7, 0x00, 0x00, 0x00,
  0x00, 0x00, 0x00, 0xFF, 0xFF, 0xBF, 0xFF, 0xFF, 0xFF, 0xE0, 0x00, 0x00, 0x00, 0x00, 0x00, 0x0F,
  0xFF, 0xFB, 0xFF, 0xFF, 0xFF, 0xFF, 0x70, 0x00, 0x00, 0x00, 0x00, 0x00, 0xFF, 0xFF, 0xBF, 0xFF,
  0xFF, 0xFF, 0xFE, 0x00, 0x00, 0x00, 0x00, 0x00, 0x0F, 0xFF, 0xFB, 0xFF, 0xFF, 0xEF, 0xFF, 0xF7,
  0x00, 0x00, 0x00, 0x00, 0x00, 0xFF, 0xFF, 0xBF, 0xFF, 0xFB, 0xBF, 0xFF, 0xE0, 0x00, 0x00, 0x00,
  0x00, 0x0F, 0xFF, 0xFB, 0xFF, 0xFF, 0xB3, 0xFF, 0xFF, 0x70, 0x00, 0x00, 0x00, 0x00, 0xFF, 0xFF,
  0xBF, 0xFF, 0xFB, 0x0B, 0xFF, 0xFE, 0x00, 0x00, 0x00, 0x00, 0x0F, 0xFF, 0xFB, 0xFF, 0xFF, 0xB0,
  0x3F, 0xFF, 0xF7, 0x00, 0x00, 0x00, 0x00, 0xFF, 0xFF, 0xBF, 0xFF, 0xFB, 0x00, 0xBF, 0xFF, 0xE0,
  0x00, 0x00, 0x00, 0x0F, 0xFF, 0xFB, 0xFF, 0xFF, 0xB0, 0x03, 0xFF, 0xFF, 0x70, 0x00, 0x00, 0x00,
  0xFF, 0xFF, 0xBF, 0xFF, 0xFB, 0x00, 0x0B, 0xFF, 0xFE, 0x00, 0x00, 0x00, 0x0F, 0xFF, 0xFB, 0xFF,
  0xFF, 0xB0, 0x00, 0x3F, 0xFF, 0xF7, 0x00, 0x00, 0x00, 0xFF, 0xFF, 0xBF, 0xFF, 0xFB, 0x00, 0x00,
  0xAF, 0xFF, 0xE0, 0x00, 0x00, 0x0F, 0xFF, 0xFB, 0xFF, 0xFF, 0xB0, 0x00, 0x02, 0xFF, 0xFF, 0x70,
  0x00, 0x00, 0xFF, 0xFF, 0xBF, 0xFF, 0xFB, 0x00, 0x00, 0x0A, 0xFF, 0xFE, 0x00, 0x00, 0x0F, 0xFF,
  0xFB, 0xFF, 0xFF, 0xB0, 0x00, 0x00, 0x2F, 0xFF, 0xF7, 0x00, 0x00, 0xFF, 0xFF, 0xBF, 0xFF, 0xFB,
  0x00, 0x00, 0x00, 0xAF, 0xFF, 0xE0, 0x00, 0x0F, 0xFF, 0xFB, 0xFF, 0xFF, 0xB0, 0x00, 0x00, 0x02,
  0xFF, 0xFF, 0x70, 0x00, 0xFF, 0xFF, 0xBF, 0xFF, 0xFB, 0x00, 0x00, 0x00, 0x0A, 0xFF, 0xFE, 0x00,
  0x0F, 0xFF, 0xFB, 0xFF, 0xFF, 0xB0, 0x00, 0x00, 0x00, 0x2F, 0xFF, 0xF7, 0x00, 0xFF, 0xFF, 0xBF,
  0xFF, 0xFB, 0x00, 0x00, 0x00, 0x00, 0xAF, 0xFF, 0xE0, 0x0F, 0xFF, 0xFB, 0xFF, 0xFF, 0xB0, 0x00,
  0x00, 0x00, 0x02, 0xFF, 0xFF, 0x70, 0xFF, 0xFF, 0xBF, 0xFF, 0xFB, 0x00, 0x00, 0x00, 0x00, 0x0A,
  0xFF, 0xFE, 0x0F, 0xFF, 0xFB, 0xFF, 0xFF, 0xB0, 0x00, 0x00, 0x00, 0x00, 0x2F, 0xFF, 0xF7, 0xFF,
  0xFF, 0xBF, 0xFF, 0xFB, 0x00, 0x00, 0x00, 0x00, 0x00, 0xAF, 0xFF, 0xEF, 0xFF, 0xFB, 0xFF, 0xFF,
  0xB0, 0x00, 0x00, 0x00, 0x00, 0x02, 0xFF, 0xFF, 0xFF, 0xFF, 0xBF, 0xFF, 0xFB, 0x00, 0x00, 0x00,
  0x00, 0x00, 0x0A, 0xFF, 0xFF, 0xFF, 0xFB, 0xFF, 0xFF, 0xB0, 0x00, 0x00, 0x00, 0x00, 0x00, 0x2F,
  0xFF, 0xFF, 0xFF, 0xBF, 0xFF, 0xFB, 0x00, 0x00, 0x00, 0x00, 0x00, 0x00, 0xAF, 0xFF, 0xFF, 0xFB,
  0xFF, 0xFF, 0xB0, 0x00, 0x00, 0x00, 0x00, 0x00, 0x02, 0xFF, 0xFF, 0xFF, 0xBF, 0xFF, 0xFB, 0x00,
  0x00, 0x00, 0x00, 0x00, 0x00, 0x0A, 0xFF, 0xFF, 0xFB, 0x00, 0x00, 0x00, 0x00, 0x02, 0x46, 0x77,
  0x64, 0x10, 0x00, 0x00, 0x00, 0x00, 0x00, 0x00, 0x00, 0x18, 0xEF, 0xFF, 0xFF, 0xFF, 0xFD, 0x81,
  0x00, 0x00, 0x00, 0x00, 0x00, 0x08, 0xFF, 0xFF, 0xFF, 0xFF, 0xFF, 0xFF, 0xFF, 0x80, 0x00, 0x00,
  0x00, 0x01, 0xCF, 0xFF, 0xFF, 0xFF, 0xFF, 0xFF, 0xFF, 0xFF, 0xFB, 0x00, 0x00, 0x00, 0x0C, 0xFF,
  0xFF, 0xFE, 0x96, 0x44, 0x69, 0xEF, 0xFF, 0xFF, 0xC0, 0x00, 0x00, 0x9F, 0xFF, 0xFF, 0x70, 0x00,
  0x00, 0x00, 0x07, 0xFF, 0xFF, 0xF8, 0x00, 0x03, 0xFF, 0xFF, 0xF4, 0x00, 0x00, 0x00, 0x00, 0x00,
  0x4F, 0xFF, 0xFF, 0x30, 0x0B, 0xFF, 0xFF, 0x70, 0x00, 0x00, 0x00, 0x00, 0x00, 0x07, 0xFF, 0xFF,
  0xA0, 0x1F, 0xFF, 0xFD, 0x00, 0x00, 0x00, 0x00, 0x00, 0x00, 0x00, 0xDF, 0xFF, 0xF1, 0x6F, 0xFF,
  0xF7, 0x00, 0x00, 0x00, 0x00, 0x00, 0x00, 0x00, 0x7F, 0xFF, 0xF5, 0xAF, 0xFF, 0xF2, 0x00, 0x00,
  0x00, 0x00, 0x00, 0x00, 0x00, 0x2F, 0xFF, 0xF9, 0xCF, 0xFF, 0xE0, 0x00, 0x00, 0x00, 0x00, 0x00,
  0x00, 0x00, 0x0E, 0xFF, 0xFC, 0xEF, 0xFF, 0xC0, 0x00, 0x00, 0x00, 0x00, 0x00, 0x00, 0x00, 0x0C,
  0xFF, 0xFD, 0xFF, 0xFF, 0xB0, 0x00, 0x00, 0x00, 0x00, 0x00, 0x00, 0x00, 0x0B, 0xFF, 0xFF, 0xFF,
  0xFF, 0xB0, 0x00, 0x00, 0x00, 0x00, 0x00, 0x00, 0x00, 0x0B, 0xFF, 0xFF, 0xFF, 0xFF, 0xB0, 0x00,
  0x00, 0x00, 0x00, 0x00, 0x00, 0x00, 0x0B, 0xFF, 0xFF, 0xFF, 0xFF, 0xB0, 0x00, 0x00, 0x00, 0x00,
  0x00, 0x00, 0x00, 0x0B, 0xFF, 0xFF, 0xFF, 0xFF, 0xB0, 0x00, 0x00, 0x00, 0x00, 0x00, 0x00, 0x00,
  0x0B, 0xFF, 0xFF, 0xFF, 0xFF, 0xB0, 0x00, 0x00, 0x00, 0x00, 0x00, 0x00, 0x00, 0x0B, 0xFF, 0xFF,
  0xFF, 0xFF, 0xB0, 0x00, 0x00, 0x00, 0x00, 0x00, 0x00, 0x00, 0x0B, 0xFF, 0xFF, 0xFF, 0xFF, 0xB0,
  0x00, 0x00, 0x00, 0x00, 0x00, 0x00, 0x00, 0x0B, 0xFF, 0xFF, 0xFF, 0xFF, 0xB0, 0x00, 0x00, 0x00,
  0x00, 0x00, 0x00, 0x00, 0x0B, 0xFF, 0xFF, 0xFF, 0xFF, 0xB0, 0x00, 0x00, 0x00, 0x00, 0x00, 0x00,
  0x00, 0x0B, 0xFF, 0xFF, 0xEF, 0xFF, 0xC0, 0x00, 0x00, 0x00, 0x00, 0x00, 0x00, 0x00, 0x0C, 0xFF,
  0xFE, 0xCF, 0xFF, 0xE0, 0x00, 0x00, 0x00, 0x00, 0x00, 0x00, 0x00, 0x0E, 0xFF, 0xFC, 0xAF, 0xFF,
  0xF2, 0x00, 0x00, 0x00, 0x00, 0x00, 0x00, 0x00, 0x2F, 0xFF, 0xFA, 0x6F, 0xFF, 0xF7, 0x00, 0x00,
  0x00, 0x00, 0x00, 0x00, 0x00, 0x7F, 0xFF, 0xF6, 0x1F, 0xFF, 0xFD, 0x00, 0x00, 0x00, 0x00, 0x00,
  0x00, 0x00, 0xDF, 0xFF, 0xF1, 0x0B, 0xFF, 0xFF, 0x70, 0x00, 0x00, 0x00, 0x00, 0x00, 0x07, 0xFF,
  0xFF, 0xB0, 0x03, 0xFF, 0xFF, 0xF4, 0x00, 0x00, 0x00, 0x00, 0x00, 0x4F, 0xFF, 0xFF, 0x30, 0x00,
  0x9F, 0xFF, 0xFF, 0x70, 0x00, 0x00, 0x00, 0x07, 0xFF, 0xFF, 0xF9, 0x00, 0x00, 0x0C, 0xFF, 0xFF,
  0xFE, 0x96, 0x44, 0x69, 0xEF, 0xFF, 0xFF, 0xC0, 0x00, 0x00, 0x00, 0xCF, 0xFF, 0xFF, 0xFF, 0xFF,
  0xFF, 0xFF, 0xFF, 0xFC, 0x00, 0x00, 0x00, 0x00, 0x08, 0xFF, 0xFF, 0xFF, 0xFF, 0xFF, 0xFF, 0xFF,
  0x80, 0x00, 0x00, 0x00, 0x00, 0x00, 0x18, 0xDF, 0xFF, 0xFF, 0xFF, 0xFD, 0x81, 0x00, 0x00, 0x00,
  0x00, 0x00, 0x00, 0x00, 0x02, 0x56, 0x77, 0x64, 0x20, 0x00, 0x00, 0x00, 0x00, 0xFF, 0xFF, 0xFF,
  0xFF, 0xFF, 0xFE, 0xDA, 0x72, 0x00, 0x00, 0x00, 0xFF, 0xFF, 0xFF, 0xFF, 0xFF, 0xFF, 0xFF, 0xFF,
  0xC3, 0x00, 0x00, 0xFF, 0xFF, 0xFF, 0xFF, 0xFF, 0xFF, 0xFF, 0xFF, 0xFF, 0x80, 0x00, 0xFF, 0xFF,
  0xEC, 0xCC, 0xCC, 0xCD, 0xFF, 0xFF, 0xFF, 0xF9, 0x00, 0xFF, 0xFF, 0xB0, 0x00, 0x00, 0x00, 0x05,
  0xDF, 0xFF, 0xFF, 0x50, 0xFF, 0xFF, 0xB0, 0x00, 0x00, 0x00, 0x00, 0x0A, 0xFF, 0xFF, 0xD0, 0xFF,
  0xFF, 0xB0, 0x00, 0x00, 0x00, 0x00, 0x00, 0xDF, 0xFF, 0xF3, 0xFF, 0xFF, 0xB0, 0x00, 0x00, 0x00,
  0x00, 0x00, 0x5F, 0xFF, 0xF7, 0xFF, 0xFF, 0xB0, 0x00, 0x00, 0x00, 0x00, 0x00, 0x2F, 0xFF, 0xF9,
  0xFF, 0xFF, 0xB0, 0x00, 0x00, 0x00, 0x00, 0x00, 0x0F, 0xFF, 0xFA, 0xFF, 0xFF, 0xB0, 0x00, 0x00,
  0x00, 0x00, 0x00, 0x0F, 0xFF, 0xFB, 0xFF, 0xFF, 0xB0, 0x00, 0x00, 0x00, 0x00, 0x00, 0x0F, 0xFF,
  0xFB, 0xFF, 0xFF, 0xB0, 0x00, 0x00, 0x00, 0x00, 0x00, 0x0F, 0xFF, 0xFA, 0xFF, 0xFF, 0xB0, 0x00,
  0x00, 0x00, 0x00, 0x00, 0x2F, 0xFF, 0xF9, 0xFF, 0xFF, 0xB0, 0x00, 0x00, 0x00, 0x00, 0x00, 0x6F,
  0xFF, 0xF7, 0xFF, 0xFF, 0xB0, 0x00, 0x00, 0x00, 0x00, 0x00, 0xDF, 0xFF, 0xF2, 0xFF, 0xFF, 0xB0,
  0x00, 0x00, 0x00, 0x00, 0x0B, 0xFF, 0xFF, 0xB0, 0xFF, 0xFF, 0xB0, 0x00, 0x00, 0x00, 0x16, 0xEF,
  0xFF, 0xFF, 0x20, 0xFF, 0xFF, 0xEC, 0xCC, 0xCC, 0xCE, 0xFF, 0xFF, 0xFF, 0xF5, 0x00, 0xFF, 0xFF,
  0xFF, 0xFF, 0xFF, 0xFF, 0xFF, 0xFF, 0xFE, 0x40, 0x00, 0xFF, 0xFF, 0xFF, 0xFF, 0xFF, 0xFF, 0xFF,
  0xFE, 0x80, 0x00, 0x00, 0xFF, 0xFF, 0xFF, 0xFF, 0xFF, 0xED, 0xB8, 0x50, 0x00, 0x00, 0x00, 0xFF,
  0xFF, 0xB0, 0x00, 0x00, 0x00, 0x00, 0x00, 0x00, 0x00, 0x00, 0xFF, 0xFF, 0xB0, 0x00, 0x00, 0x00,
  0x00, 0x00, 0x00, 0x00, 0x00, 0xFF, 0xFF, 0xB0, 0x00, 0x00, 0x00, 0x00, 0x00, 0x00, 0x00, 0x00,
  0xFF, 0xFF, 0xB0, 0x00, 0x00, 0x00, 0x00, 0x00, 0x00, 0x00, 0x00, 0xFF, 0xFF, 0xB0, 0x00, 0x00,
  0x00, 0x00, 0x00, 0x00, 0x00, 0x00, 0xFF, 0xFF, 0xB0, 0x00, 0x00, 0x00, 0x00, 0x00, 0x00, 0x00,
  0x00, 0xFF, 0xFF, 0xB0, 0x00, 0x00, 0x00, 0x00, 0x00, 0x00, 0x00, 0x00, 0xFF, 0xFF, 0xB0, 0x00,
  0x00, 0x00, 0x00, 0x00, 0x00, 0x00, 0x00, 0xFF, 0xFF, 0xB0, 0x00, 0x00, 0x00, 0x00, 0x00, 0x00,
  0x00, 0x00, 0xFF, 0xFF, 0xB0, 0x00, 0x00, 0x00, 0x00, 0x00, 0x00, 0x00, 0x00, 0xFF, 0xFF, 0xB0,
  0x00, 0x00, 0x00, 0x00, 0x00, 0x00, 0x00, 0x00, 0xFF, 0xFF, 0xB0, 0x00, 0x00, 0x00, 0x00, 0x00,
  0x00, 0x00, 0x00, 0x00, 0x00, 0x00, 0x00, 0x01, 0x45, 0x67, 0x65, 0x30, 0x00, 0x00, 0x00, 0x00,
  0x00, 0x00, 0x00, 0x00, 0x18, 0xDF, 0xFF, 0xFF, 0xFF, 0xFF, 0xB6, 0x00, 0x00, 0x00, 0x00, 0x00,
  0x00, 0x08, 0xFF, 0xFF, 0xFF, 0xFF, 0xFF, 0xFF, 0xFF, 0xD5, 0x00, 0x00, 0x00, 0x00, 0x01, 0xBF,
  0xFF, 0xFF, 0xFF, 0xFF, 0xFF, 0xFF, 0xFF, 0xFF, 0x80, 0x00, 0x00, 0x00, 0x0C, 0xFF, 0xFF, 0xFE,
  0xA6, 0x54, 0x57, 0xBF, 0xFF, 0xFF, 0xF8, 0x00, 0x00, 0x00, 0x9F, 0xFF, 0xFF, 0x70, 0x00, 0x00,
  0x00, 0x01, 0xAF, 0xFF, 0xFF, 0x40, 0x00, 0x03, 0xFF, 0xFF, 0xF4, 0x00, 0x00, 0x00, 0x00, 0x00,
  0x08, 0xFF, 0xFF, 0xE0, 0x00, 0x0A, 0xFF, 0xFF, 0x60, 0x00, 0x00, 0x00, 0x00, 0x00, 0x00, 0xBF,
  0xFF, 0xF6, 0x00, 0x1F, 0xFF, 0xFD, 0x00, 0x00, 0x00, 0x00, 0x00, 0x00, 0x00, 0x2F, 0xFF, 0xFC,
  0x00, 0x6F, 0xFF, 0xF6, 0x00, 0x00, 0x00, 0x00, 0x00, 0x00, 0x00, 0x0B, 0xFF, 0xFF, 0x10, 0x9F,
  0xFF, 0xF2, 0x00, 0x00, 0x00, 0x00, 0x00, 0x00, 0x00, 0x06, 0xFF, 0xFF, 0x40, 0xCF, 0xFF, 0xE0,
  0x00, 0x00, 0x00, 0x00, 0x00, 0x00, 0x00, 0x03, 0xFF, 0xFF, 0x70, 0xEF, 0xFF, 0xC0, 0x00, 0x00,
  0x00, 0x00, 0x00, 0x00, 0x00, 0x01, 0xFF, 0xFF, 0x90, 0xFF, 0xFF, 0xB0, 0x00, 0x00, 0x00, 0x00,
  0x00, 0x00, 0x00, 0x00, 0xFF, 0xFF, 0xA0, 0xFF, 0xFF, 0xB0, 0x00, 0x00, 0x00, 0x00, 0x00, 0x00,
  0x00, 0x00, 0xFF, 0xFF, 0xB0, 0xFF, 0xFF, 0xB0, 0x00, 0x00, 0x00, 0x00, 0x00, 0x00, 0x00, 0x00,
  0xFF, 0xFF, 0xB0, 0xFF, 0xFF, 0xB0, 0x00, 0x00, 0x00, 0x00, 0x00, 0x00, 0x00, 0x00, 0xFF, 0xFF,
  0xB0, 0xFF, 0xFF, 0xB0, 0x00, 0x00, 0x00, 0x00, 0x00, 0x00, 0x00, 0x00, 0xFF, 0xFF, 0xB0, 0xFF,
  0xFF, 0xB0, 0x00, 0x00, 0x00, 0x00, 0x00, 0x00, 0x00, 0x00, 0xFF, 0xFF, 0xB0, 0xFF, 0xFF, 0xB0,
  0x00, 0x00, 0x00, 0x00, 0x00, 0x00, 0x00, 0x00, 0xFF, 0xFF, 0xB0, 0xFF, 0xFF, 0xB0, 0x00, 0x00,
  0x00, 0x00, 0x00, 0x00, 0x00, 0x00, 0xFF, 0xFF, 0xB0, 0xFF, 0xFF, 0xB0, 0x00, 0x00, 0x00, 0x00,
  0x00, 0x00, 0x00, 0x00, 0xFF, 0xFF, 0xB0, 0xFF, 0xFF, 0xB0, 0x00, 0x00, 0x00, 0x00, 0x00, 0x00,
  0x00, 0x00, 0xFF, 0xFF, 0xA0, 0xEF, 0xFF, 0xC0, 0x00, 0x00, 0x00, 0x00, 0x00, 0x00, 0x00, 0x00,
  0xFF, 0xFF, 0x90, 0xCF, 0xFF, 0xE0, 0x00, 0x00, 0x00, 0x00, 0x00, 0x00, 0x00, 0x01, 0xFF, 0xFF,
  0x80, 0xAF, 0xFF, 0xF1, 0x00, 0x00, 0x00, 0x00, 0x01, 0xCA, 0x00, 0x03, 0xFF, 0xFF, 0x60, 0x6F,
  0xFF, 0xF5, 0x00, 0x00, 0x00, 0x00, 0x4E, 0xFF, 0x70, 0x06, 0xFF, 0xFF, 0x20, 0x2F, 0xFF, 0xFC,
  0x00, 0x00, 0x00, 0x00, 0xCF, 0xFF, 0xF3, 0x0B, 0xFF, 0xFD, 0x00, 0x0B, 0xFF, 0xFF, 0x50, 0x00,
  0x00, 0x00, 0x2F, 0xFF, 0xFE, 0x4F, 0xFF, 0xF7, 0x00, 0x03, 0xFF, 0xFF, 0xE3, 0x00, 0x00, 0x00,
  0x05, 0xFF, 0xFF, 0xFF, 0xFF, 0xE0, 0x00, 0x00, 0x9F, 0xFF, 0xFF, 0x60, 0x00, 0x00, 0x00, 0x9F,
  0xFF, 0xFF, 0xFF, 0x60, 0x00, 0x00, 0x0C, 0xFF, 0xFF, 0xFE, 0x96, 0x54, 0x56, 0x9F, 0xFF, 0xFF,
  0xF8, 0x00, 0x00, 0x00, 0x01, 0xBF, 0xFF, 0xFF, 0xFF, 0xFF, 0xFF, 0xFF, 0xFF, 0xFF, 0xF2, 0x00,
  0x00, 0x00, 0x00, 0x08, 0xFF, 0xFF, 0xFF, 0xFF, 0xFF, 0xFF, 0xFF, 0xFF, 0xFC, 0x00, 0x00, 0x00,
  0x00, 0x00, 0x18, 0xDF, 0xFF, 0xFF, 0xFF, 0xFF, 0xB9, 0xFF, 0xFF, 0x90, 0x00, 0x00, 0x00, 0x00,
  0x00, 0x01, 0x45, 0x67, 0x76, 0x30, 0x00, 0xAF, 0xFF, 0xF5, 0x00, 0x00, 0x00, 0x00, 0x00, 0x00,
  0x00, 0x00, 0x00, 0x00, 0x00, 0x0D, 0xFF, 0xFF, 0x20, 0x00, 0x00, 0x00, 0x00, 0x00, 0x00, 0x00,
  0x00, 0x00, 0x00, 0x03, 0xFF, 0xFF, 0xD0, 0x00, 0x00, 0x00, 0x00, 0x00, 0x00, 0x00, 0x00, 0x00,
  0x00, 0x00, 0x6F, 0xFF, 0x70, 0x00, 0x00, 0x00, 0x00, 0x00, 0x00, 0x00, 0x00, 0x00, 0x00, 0x00,
  0x0A, 0xE4, 0x00, 0x00, 0x00, 0x00, 0x00, 0x00, 0x00, 0x00, 0x00, 0x00, 0x00, 0x00, 0x00, 0x10,
  0x00, 0xFF, 0xFF, 0xFF, 0xFF, 0xFF, 0xFE, 0xDB, 0x83, 0x00, 0x00, 0x00, 0x00, 0xFF, 0xFF, 0xFF,
  0xFF, 0xFF, 0xFF, 0xFF, 0xFF, 0xD5, 0x00, 0x00, 0x00, 0xFF, 0xFF, 0xFF, 0xFF, 0xFF, 0xFF, 0xFF,
  0xFF, 0xFF, 0xA0, 0x00, 0x00, 0xFF, 0xFF, 0xEC, 0xCC, 0xCC, 0xCD, 0xFF, 0xFF, 0xFF, 0xFB, 0x00,
  0x00, 0xFF, 0xFF, 0xB0, 0x00, 0x00, 0x00, 0x04, 0xBF, 0xFF, 0xFF, 0x80, 0x00, 0xFF, 0xFF, 0xB0,
  0x00, 0x00, 0x00, 0x00, 0x07, 0xFF, 0xFF, 0xF1, 0x00, 0xFF, 0xFF, 0xB0, 0x00, 0x00, 0x00, 0x00,
  0x00, 0xAF, 0xFF, 0xF5, 0x00, 0xFF, 0xFF, 0xB0, 0x00, 0x00, 0x00, 0x00, 0x00, 0x3F, 0xFF, 0xF9,
  0x00, 0xFF, 0xFF, 0xB0, 0x00, 0x00, 0x00, 0x00, 0x00, 0x0F, 0xFF, 0xFA, 0x00, 0xFF, 0xFF, 0xB0,
  0x00, 0x00, 0x00, 0x00, 0x00, 0x0F, 0xFF, 0xFB, 0x00, 0xFF, 0xFF, 0xB0, 0x00, 0x00, 0x00, 0x00,
  0x00, 0x0F, 0xFF, 0xFB, 0x00, 0xFF, 0xFF, 0xB0, 0x00, 0x00, 0x00, 0x00, 0x00, 0x0F, 0xFF, 0xFA,
  0x00, 0xFF, 0xFF, 0xB0, 0x00, 0x00, 0x00, 0x00, 0x00, 0x3F, 0xFF, 0xF9, 0x00, 0xFF, 0xFF, 0xB0,
  0x00, 0x00, 0x00, 0x00, 0x00, 0x9F, 0xFF, 0xF6, 0x00, 0xFF, 0xFF, 0xB0, 0x00, 0x00, 0x00, 0x00,
  0x05, 0xFF, 0xFF, 0xF1, 0x00, 0xFF, 0xFF, 0xB0, 0x00, 0x00, 0x00, 0x03, 0xAF, 0xFF, 0xFF, 0x80,
  0x00, 0xFF, 0xFF, 0xEC, 0xCC, 0xCC, 0xCD, 0xFF, 0xFF, 0xFF, 0xFB, 0x00, 0x00, 0xFF, 0xFF, 0xFF,
  0xFF, 0xFF, 0xFF, 0xFF, 0xFF, 0xFF, 0xA0, 0x00, 0x00, 0xFF, 0xFF, 0xFF, 0xFF, 0xFF, 0xFF, 0xFF,
  0xFF, 0xC4, 0x00, 0x00, 0x00, 0xFF, 0xFF, 0xFF, 0xFF, 0xFF, 0xFF, 0xFF, 0xFA, 0x00, 0x00, 0x00,
  0x00, 0xFF, 0xFF, 0xB0, 0x00, 0x00, 0x1F, 0xFF, 0xFF, 0x20, 0x00, 0x00, 0x00, 0xFF, 0xFF, 0xB0,
  0x00, 0x00, 0x08, 0xFF, 0xFF, 0xA0, 0x00, 0x00, 0x00, 0xFF, 0xFF, 0xB0, 0x00, 0x00, 0x01, 0xEF,
  0xFF, 0xF2, 0x00, 0x00, 0x00, 0xFF, 0xFF, 0xB0, 0x00, 0x00, 0x00, 0x7F, 0xFF, 0xFB, 0x00, 0x00,
  0x00, 0xFF, 0xFF, 0xB0, 0x00, 0x00, 0x00, 0x0E, 0xFF, 0xFF, 0x30, 0x00, 0x00, 0xFF, 0xFF, 0xB0,
  0x00, 0x00, 0x00, 0x06, 0xFF, 0xFF, 0xB0, 0x00, 0x00, 0xFF, 0xFF, 0xB0, 0x00, 0x00, 0x00, 0x00,
  0xEF, 0xFF, 0xF4, 0x00, 0x00, 0xFF, 0xFF, 0xB0, 0x00, 0x00, 0x00, 0x00, 0x6F, 0xFF, 0xFC, 0x00,
  0x00, 0xFF, 0xFF, 0xB0, 0x00, 0x00, 0x00, 0x00, 0x0D, 0xFF, 0xFF, 0x40, 0x00, 0xFF, 0xFF, 0xB0,
  0x00, 0x00, 0x00, 0x00, 0x05, 0xFF, 0xFF, 0xC0, 0x00, 0xFF, 0xFF, 0xB0, 0x00, 0x00, 0x00, 0x00,
  0x00, 0xDF, 0xFF, 0xF5, 0x00, 0xFF, 0xFF, 0xB0, 0x00, 0x00, 0x00, 0x00, 0x00, 0x4F, 0xFF, 0xFD,
  0x00, 0xFF, 0xFF, 0xB0, 0x00, 0x00, 0x00, 0x00, 0x00, 0x0C, 0xFF, 0xFF, 0x50, 0xFF, 0xFF, 0xB0,
  0x00, 0x00, 0x00, 0x00, 0x00, 0x04, 0xFF, 0xFF, 0xD0, 0x00, 0x00, 0x00, 0x00, 0x01, 0x46, 0x77,
  0x76, 0x30, 0x00, 0x00, 0x00, 0x00, 0x00, 0x00, 0x00, 0x6C, 0xFF, 0xFF, 0xFF, 0xFF, 0xFC, 0x71,
  0x00, 0x00, 0x00, 0x00, 0x04, 0xEF, 0xFF, 0xFF, 0xFF, 0xFF, 0xFF, 0xFF, 0xF8, 0x00, 0x00, 0x00,
  0x07, 0xFF, 0xFF, 0xFF, 0xFF, 0xFF, 0xFF, 0xFF, 0xFF, 0xFD, 0x30, 0x00, 0x06, 0xFF, 0xFF, 0xFF,
  0x96, 0x44, 0x56, 0x9D, 0xFF, 0xFF, 0xFF, 0x40, 0x01, 0xFF, 0xFF, 0xF9, 0x00, 0x00, 0x00, 0x00,
  0x03, 0xBF, 0xFF, 0xD1, 0x00, 0x8F, 0xFF, 0xF9, 0x00, 0x00, 0x00, 0x00, 0x00, 0x00, 0x5F, 0xE2,
  0x00, 0x0D, 0xFF, 0xFF, 0x00, 0x00, 0x00, 0x00, 0x00, 0x00, 0x00, 0x23, 0x00, 0x00, 0xFF, 0xFF,
  0xB0, 0x00, 0x00, 0x00, 0x00, 0x00, 0x00, 0x00, 0x00, 0x00, 0x0F, 0xFF, 0xFB, 0x00, 0x00, 0x00,
  0x00, 0x00, 0x00, 0x00, 0x00, 0x00, 0x00, 0xFF, 0xFF, 0xD0, 0x00, 0x00, 0x00, 0x00, 0x00, 0x00,
  0x00, 0x00, 0x00, 0x0D, 0xFF, 0xFF, 0x40, 0x00, 0x00, 0x00, 0x00, 0x00, 0x00, 0x00, 0x00, 0x00,
  0x9F, 0xFF, 0xFF, 0x40, 0x00, 0x00, 0x00, 0x00, 0x00, 0x00, 0x00, 0x00, 0x03, 0xFF, 0xFF, 0xFF,
  0xA3, 0x00, 0x00, 0x00, 0x00, 0x00, 0x00, 0x00, 0x00, 0x0A, 0xFF, 0xFF, 0xFF, 0xFD, 0x72, 0x00,
  0x00, 0x00, 0x00, 0x00, 0x00, 0x00, 0x0C, 0xFF, 0xFF, 0xFF, 0xFF, 0xFD, 0x83, 0x00, 0x00, 0x00,
  0x00, 0x00, 0x00, 0x09, 0xFF, 0xFF, 0xFF, 0xFF, 0xFF, 0xFD, 0x60, 0x00, 0x00, 0x00, 0x00, 0x00,
  0x03, 0xBF, 0xFF, 0xFF, 0xFF, 0xFF, 0xFF, 0xE6, 0x00, 0x00, 0x00, 0x00, 0x00, 0x00, 0x28, 0xDF,
  0xFF, 0xFF, 0xFF, 0xFF, 0xFB, 0x00, 0x00, 0x00, 0x00, 0x00, 0x00, 0x00, 0x38, 0xEF, 0xFF, 0xFF,
  0xFF, 0xFC, 0x00, 0x00, 0x00, 0x00, 0x00, 0x00, 0x00, 0x00, 0x39, 0xFF, 0xFF, 0xFF, 0xF9, 0x00,
  0x00, 0x00, 0x00, 0x00, 0x00, 0x00, 0x00, 0x01, 0x8F, 0xFF, 0xFF, 0xF1, 0x00, 0x00, 0x00, 0x00,
  0x00, 0x00, 0x00, 0x00, 0x00, 0x4F, 0xFF, 0xFF, 0x60, 0x00, 0x00, 0x00, 0x00, 0x00, 0x00, 0x00,
  0x00, 0x00, 0x7F, 0xFF, 0xF9, 0x00, 0x00, 0x00, 0x00, 0x00, 0x00, 0x00, 0x00, 0x00, 0x02, 0xFF,
  0xFF, 0xA0, 0x00, 0x00, 0x00, 0x00, 0x00, 0x00, 0x00, 0x00, 0x00, 0x0F, 0xFF, 0xFB, 0x00, 0x00,
  0x00, 0x00, 0x00, 0x00, 0x00, 0x00, 0x00, 0x00, 0xFF, 0xFF, 0xA0, 0x00, 0x00, 0x00, 0x00, 0x00,
  0x00, 0x00, 0x00, 0x00, 0x2F, 0xFF, 0xF9, 0x00, 0x04, 0x00, 0x00, 0x00, 0x00, 0x00, 0x00, 0x00,
  0x09, 0xFF, 0xFF, 0x50, 0x0A, 0xFA, 0x10, 0x00, 0x00, 0x00, 0x00, 0x00, 0x05, 0xFF, 0xFF, 0xF0,
  0x07, 0xFF, 0xFE, 0x71, 0x00, 0x00, 0x00, 0x00, 0x08, 0xFF, 0xFF, 0xF7, 0x01, 0xFF, 0xFF, 0xFF,
  0xFB, 0x85, 0x44, 0x56, 0xAF, 0xFF, 0xFF, 0xFC, 0x00, 0x02, 0xDF, 0xFF, 0xFF, 0xFF, 0xFF, 0xFF,
  0xFF, 0xFF, 0xFF, 0xFB, 0x00, 0x00, 0x00, 0x7E, 0xFF, 0xFF, 0xFF, 0xFF, 0xFF, 0xFF, 0xFF, 0xF7,
  0x00, 0x00, 0x00, 0x00, 0x06, 0xBF, 0xFF, 0xFF, 0xFF, 0xFF, 0xFC, 0x71, 0x00, 0x00, 0x00, 0x00,
  0x00, 0x00, 0x02, 0x56, 0x77, 0x76, 0x41, 0x00, 0x00, 0x00, 0x00, 0xFF, 0xFF, 0xFF, 0xFF, 0xFF,
  0xFF, 0xFF, 0xFF, 0xFF, 0xFF, 0xFF, 0xFF, 0xFF, 0xFF, 0xFF, 0xFF, 0xFF, 0xFF, 0xFF, 0xFF, 0xFF,
  0xFF, 0xFF, 0xFF, 0xFF, 0xFF, 0xFF, 0xFF, 0xFF, 0xFF, 0xFF, 0xFF, 0xFF, 0xFF, 0xFF, 0xFF, 0xCC,
  0xCC, 0xCC, 0xCC, 0xCE, 0xFF, 0xFF, 0xCC, 0xCC, 0xCC, 0xCC, 0xCC, 0x00, 0x00, 0x00, 0x00, 0x0B,
  0xFF, 0xFF, 0x00, 0x00, 0x00, 0x00, 0x00, 0x00, 0x00, 0x00, 0x00, 0x0B, 0xFF, 0xFF, 0x00, 0x00,
  0x00, 0x00, 0x00, 0x00, 0x00, 0x00, 0x00, 0x0B, 0xFF, 0xFF, 0x00, 0x00, 0x00, 0x00, 0x00, 0x00,
  0x00, 0x00, 0x00, 0x0B, 0xFF, 0xFF, 0x00, 0x00, 0x00, 0x00, 0x00, 0x00, 0x00, 0x00, 0x00, 0x0B,
  0xFF, 0xFF, 0x00, 0x00, 0x00, 0x00, 0x00, 0x00, 0x00, 0x00, 0x00, 0x0B, 0xFF, 0xFF, 0x00, 0x00,
  0x00, 0x00, 0x00, 0x00, 0x00, 0x00, 0x00, 0x0B, 0xFF, 0xFF, 0x00, 0x00, 0x00, 0x00, 0x00, 0x00,
  0x00, 0x00, 0x00, 0x0B, 0xFF, 0xFF, 0x00, 0x00, 0x00, 0x00, 0x00, 0x00, 0x00, 0x00, 0x00, 0x0B,
  0xFF, 0xFF, 0x00, 0x00, 0x00, 0x00, 0x00, 0x00, 0x00, 0x00, 0x00, 0x0B, 0xFF, 0xFF, 0x00, 0x00,
  0x00, 0x00, 0x00, 0x00, 0x00, 0x00, 0x00, 0x0B, 0xFF, 0xFF, 0x00, 0x00, 0x00, 0x00, 0x00, 0x00,
  0x00, 0x00, 0x00, 0x0B, 0xFF, 0xFF, 0x00, 0x00, 0x00, 0x00, 0x00, 0x00, 0x00, 0x00, 0x00, 0x0B,
  0xFF, 0xFF, 0x00, 0x00, 0x00, 0x00, 0x00, 0x00, 0x00, 0x00, 0x00, 0x0B, 0xFF, 0xFF, 0x00, 0x00,
  0x00, 0x00, 0x00, 0x00, 0x00, 0x00, 0x00, 0x0B, 0xFF, 0xFF, 0x00, 0x00, 0x00, 0x00, 0x00, 0x00,
  0x00, 0x00, 0x00, 0x0B, 0xFF, 0xFF, 0x00, 0x00, 0x00, 0x00, 0x00, 0x00, 0x00, 0x00, 0x00, 0x0B,
  0xFF, 0xFF, 0x00, 0x00, 0x00, 0x00, 0x00, 0x00, 0x00, 0x00, 0x00, 0x0B, 0xFF, 0xFF, 0x00, 0x00,
  0x00, 0x00, 0x00, 0x00, 0x00, 0x00, 0x00, 0x0B, 0xFF, 0xFF, 0x00, 0x00, 0x00, 0x00, 0x00, 0x00,
  0x00, 0x00, 0x00, 0x0B, 0xFF, 0xFF, 0x00, 0x00, 0x00, 0x00, 0x00, 0x00, 0x00, 0x00, 0x00, 0x0B,
  0xFF, 0xFF, 0x00, 0x00, 0x00, 0x00, 0x00, 0x00, 0x00, 0x00, 0x00, 0x0B, 0xFF, 0xFF, 0x00, 0x00,
  0x00, 0x00, 0x00, 0x00, 0x00, 0x00, 0x00, 0x0B, 0xFF, 0xFF, 0x00, 0x00, 0x00, 0x00, 0x00, 0x00,
  0x00, 0x00, 0x00, 0x0B, 0xFF, 0xFF, 0x00, 0x00, 0x00, 0x00, 0x00, 0x00, 0x00, 0x00, 0x00, 0x0B,
  0xFF, 0xFF, 0x00, 0x00, 0x00, 0x00, 0x00, 0x00, 0x00, 0x00, 0x00, 0x0B, 0xFF, 0xFF, 0x00, 0x00,
  0x00, 0x00, 0x00, 0x00, 0x00, 0x00, 0x00, 0x0B, 0xFF, 0xFF, 0x00, 0x00, 0x00, 0x00, 0x00, 0x00,
  0x00, 0x00, 0x00, 0x0B, 0xFF, 0xFF, 0x00, 0x00, 0x00, 0x00, 0x00, 0x00, 0x00, 0x00, 0x00, 0x0B,
  0xFF, 0xFF, 0x00, 0x00, 0x00, 0x00, 0x00, 0x00, 0x00, 0x00, 0x00, 0x0B, 0xFF, 0xFF, 0x00, 0x00,
  0x00, 0x00, 0x00, 0xFF, 0xFF, 0xB0, 0x00, 0x00, 0x00, 0x00, 0x00, 0x00, 0x00, 0xFF, 0xFF, 0xBF,
  0xFF, 0xFB, 0x00, 0x00, 0x00, 0x00, 0x00, 0x00, 0x00, 0x0F, 0xFF, 0xFB, 0xFF, 0xFF, 0xB0, 0x00,
  0x00, 0x00, 0x00, 0x00, 0x00, 0x00, 0xFF, 0xFF, 0xBF, 0xFF, 0xFB, 0x00, 0x00, 0x00, 0x00, 0x00,
  0x00, 0x00, 0x0F, 0xFF, 0xFB, 0xFF, 0xFF, 0xB0, 0x00, 0x00, 0x00, 0x00, 0x00, 0x00, 0x00, 0xFF,
  0xFF, 0xBF, 0xFF, 0xFB, 0x00, 0x00, 0x00, 0x00, 0x00, 0x00, 0x00, 0x0F, 0xFF, 0xFB, 0xFF, 0xFF,
  0xB0, 0x00, 0x00, 0x00, 0x00, 0x00, 0x00, 0x00, 0xFF, 0xFF, 0xBF, 0xFF, 0xFB, 0x00, 0x00, 0x00,
  0x00, 0x00, 0x00, 0x00, 0x0F, 0xFF, 0xFB, 0xFF, 0xFF, 0xB0, 0x00, 0x00, 0x00, 0x00, 0x00, 0x00,
  0x00, 0xFF, 0xFF, 0xBF, 0xFF, 0xFB, 0x00, 0x00, 0x00, 0x00, 0x00, 0x00, 0x00, 0x0F, 0xFF, 0xFB,
  0xFF, 0xFF, 0xB0, 0x00, 0x00, 0x00, 0x00, 0x00, 0x00, 0x00, 0xFF, 0xFF, 0xBF, 0xFF, 0xFB, 0x00,
  0x00, 0x00, 0x00, 0x00, 0x00, 0x00, 0x0F, 0xFF, 0xFB, 0xFF, 0xFF, 0xB0, 0x00, 0x00, 0x00, 0x00,
  0x00, 0x00, 0x00, 0xFF, 0xFF, 0xBF, 0xFF, 0xFB, 0x00, 0x00, 0x00, 0x00, 0x00, 0x00, 0x00, 0x0F,
  0xFF, 0xFB, 0xFF, 0xFF, 0xB0, 0x00, 0x00, 0x00, 0x00, 0x00, 0x00, 0x00, 0xFF, 0xFF, 0xBF, 0xFF,
  0xFB, 0x00, 0x00, 0x00, 0x00, 0x00, 0x00, 0x00, 0x0F, 0xFF, 0xFB, 0xFF, 0xFF, 0xB0, 0x00, 0x00,
  0x00, 0x00, 0x00, 0x00, 0x00, 0xFF, 0xFF, 0xBF, 0xFF, 0xFB, 0x00, 0x00, 0x00, 0x00, 0x00, 0x00,
  0x00, 0x0F, 0xFF, 0xFB, 0xFF, 0xFF, 0xB0, 0x00, 0x00, 0x00, 0x00, 0x00, 0x00, 0x00, 0xFF, 0xFF,
  0xBF, 0xFF, 0xFB, 0x00, 0x00, 0x00, 0x00, 0x00, 0x00, 0x00, 0x0F, 0xFF, 0xFB, 0xFF, 0xFF, 0xB0,
  0x00, 0x00, 0x00, 0x00, 0x00, 0x00, 0x00, 0xFF, 0xFF, 0xBF, 0xFF, 0xFB, 0x00, 0x00, 0x00, 0x00,
  0x00, 0x00, 0x00, 0x0F, 0xFF, 0xFB, 0xFF, 0xFF, 0xB0, 0x00, 0x00, 0x00, 0x00, 0x00, 0x00, 0x00,
  0xFF, 0xFF, 0xBF, 0xFF, 0xFB, 0x00, 0x00, 0x00, 0x00, 0x00, 0x00, 0x00, 0x0F, 0xFF, 0xFA, 0xEF,
  0xFF, 0xC0, 0x00, 0x00, 0x00, 0x00, 0x00, 0x00, 0x01, 0xFF, 0xFF, 0x9C, 0xFF, 0xFF, 0x00, 0x00,
  0x00, 0x00, 0x00, 0x00, 0x00, 0x4F, 0xFF, 0xF7, 0x8F, 0xFF, 0xF4, 0x00, 0x00, 0x00, 0x00, 0x00,
  0x00, 0x09, 0xFF, 0xFF, 0x33, 0xFF, 0xFF, 0xB0, 0x00, 0x00, 0x00, 0x00, 0x00, 0x01, 0xFF, 0xFF,
  0xE0, 0x0C, 0xFF, 0xFF, 0x60, 0x00, 0x00, 0x00, 0x00, 0x00, 0xBF, 0xFF, 0xF7, 0x00, 0x4F, 0xFF,
  0xFF, 0x80, 0x00, 0x00, 0x00, 0x02, 0xBF, 0xFF, 0xFE, 0x00, 0x00, 0x8F, 0xFF, 0xFF, 0xE9, 0x64,
  0x45, 0x7B, 0xFF, 0xFF, 0xFF, 0x30, 0x00, 0x00, 0x9F, 0xFF, 0xFF, 0xFF, 0xFF, 0xFF, 0xFF, 0xFF,
  0xFF, 0x50, 0x00, 0x00, 0x00, 0x6F, 0xFF, 0xFF, 0xFF, 0xFF, 0xFF, 0xFF, 0xFD, 0x30, 0x00, 0x00,
  0x00, 0x00, 0x07, 0xDF, 0xFF, 0xFF, 0xFF, 0xFF, 0xB5, 0x00, 0x00, 0x00, 0x00, 0x00, 0x00, 0x00,
  0x14, 0x57, 0x76, 0x53, 0x00, 0x00, 0x00, 0x00, 0x00, 0xDF, 0xFF, 0xF2, 0x00, 0x00, 0x00, 0x00,
  0x00, 0x00, 0x00, 0x00, 0xBF, 0xFF, 0xF3, 0x8F, 0xFF, 0xF7, 0x00, 0x00, 0x00, 0x00, 0x00, 0x00,
  0x00, 0x00, 0xFF, 0xFF, 0xE0, 0x2F, 0xFF, 0xFC, 0x00, 0x00, 0x00, 0x00, 0x00, 0x00, 0x00, 0x04,
  0xFF, 0xFF, 0xA0, 0x0D, 0xFF, 0xFF, 0x10, 0x00, 0x00, 0x00, 0x00, 0x00, 0x00, 0x08, 0xFF, 0xFF,
  0x50, 0x08, 0xFF, 0xFF, 0x50, 0x00, 0x00, 0x00, 0x00, 0x00, 0x00, 0x0D, 0xFF, 0xFF, 0x10, 0x03,
  0xFF, 0xFF, 0xA0, 0x00, 0x00, 0x00, 0x00, 0x00, 0x00, 0x1F, 0xFF, 0xFB, 0x00, 0x00, 0xEF, 0xFF,
  0xF0, 0x00, 0x00, 0x00, 0x00, 0x00, 0x00, 0x6F, 0xFF, 0xF7, 0x00, 0x00, 0x9F, 0xFF, 0xF4, 0x00,
  0x00, 0x00, 0x00, 0x00, 0x00, 0xAF, 0xFF, 0xF2, 0x00, 0x00, 0x4F, 0xFF, 0xF9, 0x00, 0x00, 0x00,
  0x00, 0x00, 0x00, 0xFF, 0xFF, 0xD0, 0x00, 0x00, 0x0F, 0xFF, 0xFE, 0x00, 0x00, 0x00, 0x00, 0x00,
  0x03, 0xFF, 0xFF, 0x80, 0x00, 0x00, 0x0A, 0xFF, 0xFF, 0x20, 0x00, 0x00, 0x00, 0x00, 0x08, 0xFF,
  0xFF, 0x40, 0x00, 0x00, 0x05, 0xFF, 0xFF, 0x70, 0x00, 0x00, 0x00, 0x00, 0x0D, 0xFF, 0xFE, 0x00,
  0x00, 0x00, 0x01, 0xFF, 0xFF, 0xC0, 0x00, 0x00, 0x00, 0x00, 0x1F, 0xFF, 0xFA, 0x00, 0x00, 0x00,
  0x00, 0xBF, 0xFF, 0xF1, 0x00, 0x00, 0x00, 0x00, 0x6F, 0xFF, 0xF5, 0x00, 0x00, 0x00, 0x00, 0x6F,
  0xFF, 0xF6, 0x00, 0x00, 0x00, 0x00, 0xAF, 0xFF, 0xF1, 0x00, 0x00, 0x00, 0x00, 0x1F, 0xFF, 0xFB,
  0x00, 0x00, 0x00, 0x00, 0xEF, 0xFF, 0xC0, 0x00, 0x00, 0x00, 0x00, 0x0C, 0xFF, 0xFF, 0x00, 0x00,
  0x00, 0x03, 0xFF, 0xFF, 0x70, 0x00, 0x00, 0x00, 0x00, 0x07, 0xFF, 0xFF, 0x40, 0x00, 0x00, 0x08,
  0xFF, 0xFF, 0x20, 0x00, 0x00, 0x00, 0x00, 0x02, 0xFF, 0xFF, 0x90, 0x00, 0x00, 0x0C, 0xFF, 0xFD,
  0x00, 0x00, 0x00, 0x00, 0x00, 0x00, 0xDF, 0xFF, 0xE0, 0x00, 0x00, 0x1F, 0xFF, 0xF9, 0x00, 0x00,
  0x00, 0x00, 0x00, 0x00, 0x8F, 0xFF, 0xF3, 0x00, 0x00, 0x5F, 0xFF, 0xF4, 0x00, 0x00, 0x00, 0x00,
  0x00, 0x00, 0x3F, 0xFF, 0xF8, 0x00, 0x00, 0xAF, 0xFF, 0xF0, 0x00, 0x00, 0x00, 0x00, 0x00, 0x00,
  0x0E, 0xFF, 0xFC, 0x00, 0x00, 0xEF, 0xFF, 0xA0, 0x00, 0x00, 0x00, 0x00, 0x00, 0x00, 0x09, 0xFF,
  0xFF, 0x10, 0x03, 0xFF, 0xFF, 0x50, 0x00, 0x00, 0x00, 0x00, 0x00, 0x00, 0x04, 0xFF, 0xFF, 0x60,
  0x08, 0xFF, 0xFF, 0x10, 0x00, 0x00, 0x00, 0x00, 0x00, 0x00, 0x00, 0xFF, 0xFF, 0xB0, 0x0C, 0xFF,
  0xFC, 0x00, 0x00, 0x00, 0x00, 0x00, 0x00, 0x00, 0x00, 0xAF, 0xFF, 0xF0, 0x1F, 0xFF, 0xF7, 0x00,
  0x00, 0x00, 0x00, 0x00, 0x00, 0x00, 0x00, 0x5F, 0xFF, 0xF4, 0x5F, 0xFF, 0xF2, 0x00, 0x00, 0x00,
  0x00, 0x00, 0x00, 0x00, 0x00, 0x0F, 0xFF, 0xF9, 0xAF, 0xFF, 0xE0, 0x00, 0x00, 0x00, 0x00, 0x00,
  0x00, 0x00, 0x00, 0x0B, 0xFF, 0xFE, 0xEF, 0xFF, 0x90, 0x00, 0x00, 0x00, 0x00, 0x00, 0x00, 0x00,
  0x00, 0x06, 0xFF, 0xFF, 0xFF, 0xFF, 0x40, 0x00, 0x00, 0x00, 0x00, 0x00, 0x00, 0x00, 0x00, 0x01,
  0xFF, 0xFF, 0xFF, 0xFF, 0x00, 0x00, 0x00, 0x00, 0x00, 0x00, 0x00, 0x00, 0x00, 0x00, 0xCF, 0xFF,
  0xFF, 0xFA, 0x00, 0x00, 0x00, 0x00, 0x00, 0x00, 0x00, 0x00, 0x00, 0x00, 0x7F, 0xFF, 0xFF, 0xF6,
  0x00, 0x00, 0x00, 0x00, 0x00, 0x2F, 0xFF, 0xFB, 0x00, 0x00, 0x00, 0x00, 0x00, 0x6F, 0xFF, 0xFF,
  0xF1, 0x00, 0x00, 0x00, 0x00, 0x01, 0xFF, 0xFF, 0xA0, 0xFF, 0xFF, 0xE0, 0x00, 0x00, 0x00, 0x00,
  0x09, 0xFF, 0xFF, 0xFF, 0x40, 0x00, 0x00, 0x00, 0x00, 0x4F, 0xFF, 0xF7, 0x0D, 0xFF, 0xFF, 0x00,
  0x00, 0x00, 0x00, 0x00, 0xDF, 0xFF, 0xFF, 0xF8, 0x00, 0x00, 0x00, 0x00, 0x06, 0xFF, 0xFF, 0x40,
  0xAF, 0xFF, 0xF3, 0x00, 0x00, 0x00, 0x00, 0x0F, 0xFF, 0xFF, 0xFF, 0xB0, 0x00, 0x00, 0x00, 0x00,
  0x8F, 0xFF, 0xF1, 0x07, 0xFF, 0xFF, 0x50, 0x00, 0x00, 0x00, 0x03, 0xFF, 0xFE, 0xFF, 0xFE, 0x00,
  0x00, 0x00, 0x00, 0x0B, 0xFF, 0xFF, 0x00, 0x5F, 0xFF, 0xF8, 0x00, 0x00, 0x00, 0x00, 0x7F, 0xFF,
  0x8F, 0xFF, 0xF2, 0x00, 0x00, 0x00, 0x00, 0xDF, 0xFF, 0xC0, 0x02, 0xFF, 0xFF, 0xA0, 0x00, 0x00,
  0x00, 0x0A, 0xFF, 0xF4, 0xDF, 0xFF, 0x60, 0x00, 0x00, 0x00, 0x0F, 0xFF, 0xF9, 0x00, 0x0F, 0xFF,
  0xFD, 0x00, 0x00, 0x00, 0x00, 0xEF, 0xFF, 0x19, 0xFF, 0xF9, 0x00, 0x00, 0x00, 0x02, 0xFF, 0xFF,
  0x60, 0x00, 0xCF, 0xFF, 0xF0, 0x00, 0x00, 0x00, 0x1F, 0xFF, 0xE0, 0x6F, 0xFF, 0xC0, 0x00, 0x00,
  0x00, 0x5F, 0xFF, 0xF4, 0x00, 0x0A, 0xFF, 0xFF, 0x20, 0x00, 0x00, 0x05, 0xFF, 0xFA, 0x02, 0xFF,
  0xFF, 0x00, 0x00, 0x00, 0x07, 0xFF, 0xFF, 0x10, 0x00, 0x7F, 0xFF, 0xF4, 0x00, 0x00, 0x00, 0x8F,
  0xFF, 0x70, 0x0F, 0xFF, 0xF3, 0x00, 0x00, 0x00, 0x9F, 0xFF, 0xE0, 0x00, 0x04, 0xFF, 0xFF, 0x70,
  0x00, 0x00, 0x0B, 0xFF, 0xF3, 0x00, 0xCF, 0xFF, 0x70, 0x00, 0x00, 0x0C, 0xFF, 0xFB, 0x00, 0x00,
  0x1F, 0xFF, 0xF9, 0x00, 0x00, 0x00, 0xFF, 0xFF, 0x00, 0x08, 0xFF, 0xFA, 0x00, 0x00, 0x00, 0xEF,
  0xFF, 0x90, 0x00, 0x00, 0xEF, 0xFF, 0xC0, 0x00, 0x00, 0x2F, 0xFF, 0xD0, 0x00, 0x5F, 0xFF, 0xE0,
  0x00, 0x00, 0x1F, 0xFF, 0xF6, 0x00, 0x00, 0x0C, 0xFF, 0xFE, 0x00, 0x00, 0x06, 0xFF, 0xF9, 0x00,
  0x01, 0xFF, 0xFF, 0x10, 0x00, 0x03, 0xFF, 0xFF, 0x30, 0x00, 0x00, 0x9F, 0xFF, 0xF1, 0x00, 0x00,
  0x9F, 0xFF, 0x60, 0x00, 0x0E, 0xFF, 0xF5, 0x00, 0x00, 0x5F, 0xFF, 0xF0, 0x00, 0x00, 0x06, 0xFF,
  0xFF, 0x30, 0x00, 0x0C, 0xFF, 0xF3, 0x00, 0x00, 0xBF, 0xFF, 0x80, 0x00, 0x08, 0xFF, 0xFE, 0x00,
  0x00, 0x00, 0x3F, 0xFF, 0xF6, 0x00, 0x00, 0xFF, 0xFF, 0x00, 0x00, 0x07, 0xFF, 0xFC, 0x00, 0x00,
  0xAF, 0xFF, 0xB0, 0x00, 0x00, 0x01, 0xFF, 0xFF, 0x80, 0x00, 0x3F, 0xFF, 0xC0, 0x00, 0x00, 0x4F,
  0xFF, 0xF0, 0x00, 0x0D, 0xFF, 0xF8, 0x00, 0x00, 0x00, 0x0E, 0xFF, 0xFB, 0x00, 0x07, 0xFF, 0xF9,
  0x00, 0x00, 0x00, 0xFF, 0xFF, 0x30, 0x00, 0xFF, 0xFF, 0x60, 0x00, 0x00, 0x00, 0xBF, 0xFF, 0xD0,
  0x00, 0xAF, 0xFF, 0x50, 0x00, 0x00, 0x0D, 0xFF, 0xF6, 0x00, 0x2F, 0xFF, 0xF3, 0x00, 0x00, 0x00,
  0x08, 0xFF, 0xFF, 0x00, 0x0E, 0xFF, 0xF2, 0x00, 0x00, 0x00, 0xAF, 0xFF, 0xA0, 0x04, 0xFF, 0xFF,
  0x00, 0x00, 0x00, 0x00, 0x6F, 0xFF, 0xF2, 0x01, 0xFF, 0xFE, 0x00, 0x00, 0x00, 0x06, 0xFF, 0xFD,
  0x00, 0x6F, 0xFF, 0xD0, 0x00, 0x00, 0x00, 0x03, 0xFF, 0xFF, 0x50, 0x4F, 0xFF, 0xB0, 0x00, 0x00,
  0x00, 0x3F, 0xFF, 0xF1, 0x09, 0xFF, 0xFB, 0x00, 0x00, 0x00, 0x00, 0x0F, 0xFF, 0xF7, 0x08, 0xFF,
  0xF8, 0x00, 0x00, 0x00, 0x00, 0xFF, 0xFF, 0x40, 0xBF, 0xFF, 0x80, 0x00, 0x00, 0x00, 0x00, 0xDF,
  0xFF, 0xA0, 0xBF, 0xFF, 0x40, 0x00, 0x00, 0x00, 0x0C, 0xFF, 0xF7, 0x0E, 0xFF, 0xF5, 0x00, 0x00,
  0x00, 0x00, 0x0B, 0xFF, 0xFC, 0x0E, 0xFF, 0xF1, 0x00, 0x00, 0x00, 0x00, 0x9F, 0xFF, 0xB0, 0xFF,
  0xFF, 0x20, 0x00, 0x00, 0x00, 0x00, 0x8F, 0xFF, 0xF2, 0xFF, 0xFE, 0x00, 0x00, 0x00, 0x00, 0x05,
  0xFF, 0xFE, 0x2F, 0xFF, 0xF0, 0x00, 0x00, 0x00, 0x00, 0x05, 0xFF, 0xFF, 0x7F, 0xFF, 0xA0, 0x00,
  0x00, 0x00, 0x00, 0x2F, 0xFF, 0xF7, 0xFF, 0xFD, 0x00, 0x00, 0x00, 0x00, 0x00, 0x2F, 0xFF, 0xFD,
  0xFF, 0xF7, 0x00, 0x00, 0x00, 0x00, 0x00, 0xEF, 0xFF, 0xDF, 0xFF, 0xA0, 0x00, 0x00, 0x00, 0x00,
  0x00, 0xFF, 0xFF, 0xFF, 0xFF, 0x40, 0x00, 0x00, 0x00, 0x00, 0x0B, 0xFF, 0xFF, 0xFF, 0xF7, 0x00,
  0x00, 0x00, 0x00, 0x00, 0x0D, 0xFF, 0xFF, 0xFF, 0xF0, 0x00, 0x00, 0x00, 0x00, 0x00, 0x8F, 0xFF,
  0xFF, 0xFF, 0x50, 0x00, 0x00, 0x00, 0x00, 0x00, 0xAF, 0xFF, 0xFF, 0xFD, 0x00, 0x00, 0x00, 0x00,
  0x00, 0x04, 0xFF, 0xFF, 0xFF, 0xF2, 0x00, 0x00, 0x00, 0x00, 0x00, 0x07, 0xFF, 0xFF, 0xFF, 0x90,
  0x00, 0x00, 0x00, 0x00, 0x00, 0x1F, 0xFF, 0xFF, 0xFF, 0x00, 0x00, 0x00, 0x01, 0xEF, 0xFF, 0xF6,
  0x00, 0x00, 0x00, 0x00, 0x00, 0x00, 0x00, 0xBF, 0xFF, 0xF7, 0x00, 0x05, 0xFF, 0xFF, 0xE1, 0x00,
  0x00, 0x00, 0x00, 0x00, 0x00, 0x5F, 0xFF, 0xFC, 0x00, 0x00, 0x0B, 0xFF, 0xFF, 0xA0, 0x00, 0x00,
  0x00, 0x00, 0x00, 0x1E, 0xFF, 0xFF, 0x20, 0x00, 0x00, 0x2F, 0xFF, 0xFF, 0x40, 0x00, 0x00, 0x00,
  0x00, 0x09, 0xFF, 0xFF, 0x80, 0x00, 0x00, 0x00, 0x7F, 0xFF, 0xFD, 0x00, 0x00, 0x00, 0x00, 0x03,
  0xFF, 0xFF, 0xD0, 0x00, 0x00, 0x00, 0x00, 0xDF, 0xFF, 0xF8, 0x00, 0x00, 0x00, 0x00, 0xDF, 0xFF,
  0xF3, 0x00, 0x00, 0x00, 0x00, 0x03, 0xFF, 0xFF, 0xF2, 0x00, 0x00, 0x00, 0x7F, 0xFF, 0xF8, 0x00,
  0x00, 0x00, 0x00, 0x00, 0x09, 0xFF, 0xFF, 0xC0, 0x00, 0x00, 0x2F, 0xFF, 0xFD, 0x00, 0x00, 0x00,
  0x00, 0x00, 0x00, 0x0E, 0xFF, 0xFF, 0x50, 0x00, 0x0C, 0xFF, 0xFF, 0x40, 0x00, 0x00, 0x00, 0x00,
  0x00, 0x00, 0x4F, 0xFF, 0xFE, 0x10, 0x06, 0xFF, 0xFF, 0x90, 0x00, 0x00, 0x00, 0x00, 0x00, 0x00,
  0x00, 0xAF, 0xFF, 0xF9, 0x01, 0xEF, 0xFF, 0xE1, 0x00, 0x00, 0x00, 0x00, 0x00, 0x00, 0x00, 0x01,
  0xFF, 0xFF, 0xF3, 0xAF, 0xFF, 0xF5, 0x00, 0x00, 0x00, 0x00, 0x00, 0x00, 0x00, 0x00, 0x06, 0xFF,
  0xFF, 0xEF, 0xFF, 0xFA, 0x00, 0x00, 0x00, 0x00, 0x00, 0x00, 0x00, 0x00, 0x00, 0x0C, 0xFF, 0xFF,
  0xFF, 0xFE, 0x10, 0x00, 0x00, 0x00, 0x00, 0x00, 0x00, 0x00, 0x00, 0x00, 0x2F, 0xFF, 0xFF, 0xFF,
  0x50, 0x00, 0x00, 0x00, 0x00, 0x00, 0x00, 0x00, 0x00, 0x00, 0x00, 0x8F, 0xFF, 0xFF, 0xD0, 0x00,
  0x00, 0x00, 0x00, 0x00, 0x00, 0x00, 0x00, 0x00, 0x00, 0x0B, 0xFF, 0xFF, 0xFF, 0x50, 0x00, 0x00,
  0x00, 0x00, 0x00, 0x00, 0x00, 0x00, 0x00, 0x05, 0xFF, 0xFF, 0xFF, 0xFE, 0x00, 0x00, 0x00, 0x00,
  0x00, 0x00, 0x00, 0x00, 0x00, 0x00, 0xEF, 0xFF, 0xFF, 0xFF, 0xF8, 0x00, 0x00, 0x00, 0x00, 0x00,
  0x00, 0x00, 0x00, 0x00, 0x8F, 0xFF, 0xFA, 0xFF, 0xFF, 0xF2, 0x00, 0x00, 0x00, 0x00, 0x00, 0x00,
  0x00, 0x00, 0x2F, 0xFF, 0xFE, 0x08, 0xFF, 0xFF, 0xC0, 0x00, 0x00, 0x00, 0x00, 0x00, 0x00, 0x00,
  0x0C, 0xFF, 0xFF, 0x50, 0x0E, 0xFF, 0xFF, 0x50, 0x00, 0x00, 0x00, 0x00, 0x00, 0x00, 0x06, 0xFF,
  0xFF, 0xC0, 0x00, 0x5F, 0xFF, 0xFE, 0x00, 0x00, 0x00, 0x00, 0x00, 0x00, 0x01, 0xEF, 0xFF, 0xF2,
  0x00, 0x00, 0xBF, 0xFF, 0xF9, 0x00, 0x00, 0x00, 0x00, 0x00, 0x00, 0x9F, 0xFF, 0xF9, 0x00, 0x00,
  0x02, 0xFF, 0xFF, 0xF3, 0x00, 0x00, 0x00, 0x00, 0x00, 0x3F, 0xFF, 0xFE, 0x00, 0x00, 0x00, 0x08,
  0xFF, 0xFF, 0xC0, 0x00, 0x00, 0x00, 0x00, 0x0D, 0xFF, 0xFF, 0x50, 0x00, 0x00, 0x00, 0x0E, 0xFF,
  0xFF, 0x60, 0x00, 0x00, 0x00, 0x07, 0xFF, 0xFF, 0xC0, 0x00, 0x00, 0x00, 0x00, 0x5F, 0xFF, 0xFE,
  0x10, 0x00, 0x00, 0x01, 0xFF, 0xFF, 0xF2, 0x00, 0x00, 0x00, 0x00, 0x00, 0xBF, 0xFF, 0xF9, 0x00,
  0x00, 0x00, 0xAF, 0xFF, 0xF9, 0x00, 0x00, 0x00, 0x00, 0x00, 0x02, 0xFF, 0xFF, 0xF3, 0x00, 0x00,
  0x4F, 0xFF, 0xFE, 0x00, 0x00, 0x00, 0x00, 0x00, 0x00, 0x08, 0xFF, 0xFF, 0xD0, 0x00, 0x0D, 0xFF,
  0xFF, 0x50, 0x00, 0x00, 0x00, 0x00, 0x00, 0x00, 0x0E, 0xFF, 0xFF, 0x60, 0x08, 0xFF, 0xFF, 0xC0,
  0x00, 0x00, 0x00, 0x00, 0x00, 0x00, 0x00, 0x5F, 0xFF, 0xFF, 0x12, 0xFF, 0xFF, 0xF2, 0x00, 0x00,
  0x00, 0x00, 0x00, 0x00, 0x00, 0x00, 0xCF, 0xFF, 0xFA, 0x5F, 0xFF, 0xFA, 0x00, 0x00, 0x00, 0x00,
  0x00, 0x00, 0x00, 0x0C, 0xFF, 0xFF, 0x10, 0xDF, 0xFF, 0xF2, 0x00, 0x00, 0x00, 0x00, 0x00, 0x00,
  0x04, 0xFF, 0xFF, 0x80, 0x04, 0xFF, 0xFF, 0xA0, 0x00, 0x00, 0x00, 0x00, 0x00, 0x00, 0xCF, 0xFF,
  0xE1, 0x00, 0x0C, 0xFF, 0xFF, 0x20, 0x00, 0x00, 0x00, 0x00, 0x00, 0x4F, 0xFF, 0xF7, 0x00, 0x00,
  0x3F, 0xFF, 0xFA, 0x00, 0x00, 0x00, 0x00, 0x00, 0x0C, 0xFF, 0xFE, 0x00, 0x00, 0x00, 0xBF, 0xFF,
  0xF3, 0x00, 0x00, 0x00, 0x00, 0x04, 0xFF, 0xFF, 0x60, 0x00, 0x00, 0x02, 0xFF, 0xFF, 0xB0, 0x00,
  0x00, 0x00, 0x00, 0xCF, 0xFF, 0xD0, 0x00, 0x00, 0x00, 0x0A, 0xFF, 0xFF, 0x30, 0x00, 0x00, 0x00,
  0x4F, 0xFF, 0xF5, 0x00, 0x00, 0x00, 0x00, 0x2F, 0xFF, 0xFB, 0x00, 0x00, 0x00, 0x0C, 0xFF, 0xFC,
  0x00, 0x00, 0x00, 0x00, 0x00, 0x9F, 0xFF, 0xF3, 0x00, 0x00, 0x04, 0xFF, 0xFF, 0x40, 0x00, 0x00,
  0x00, 0x00, 0x01, 0xFF, 0xFF, 0xB0, 0x00, 0x00, 0xCF, 0xFF, 0xB0, 0x00, 0x00, 0x00, 0x00, 0x00,
  0x08, 0xFF, 0xFF, 0x30, 0x00, 0x4F, 0xFF, 0xF3, 0x00, 0x00, 0x00, 0x00, 0x00, 0x00, 0x0E, 0xFF,
  0xFB, 0x00, 0x0C, 0xFF, 0xFA, 0x00, 0x00, 0x00, 0x00, 0x00, 0x00, 0x00, 0x7F, 0xFF, 0xF3, 0x04,
  0xFF, 0xFF, 0x20, 0x00, 0x00, 0x00, 0x00, 0x00, 0x00, 0x00, 0xEF, 0xFF, 0xB0, 0xCF, 0xFF, 0x90,
  0x00, 0x00, 0x00, 0x00, 0x00, 0x00, 0x00, 0x06, 0xFF, 0xFF, 0x8F, 0xFF, 0xF1, 0x00, 0x00, 0x00,
  0x00, 0x00, 0x00, 0x00, 0x00, 0x0D, 0xFF, 0xFF, 0xFF, 0xF8, 0x00, 0x00, 0x00, 0x00, 0x00, 0x00,
  0x00, 0x00, 0x00, 0x5F, 0xFF, 0xFF, 0xFF, 0x10, 0x00, 0x00, 0x00, 0x00, 0x00, 0x00, 0x00, 0x00,
  0x00, 0xCF, 0xFF, 0xFF, 0x70, 0x00, 0x00, 0x00, 0x00, 0x00, 0x00, 0x00, 0x00, 0x00, 0x04, 0xFF,
  0xFF, 0xE0, 0x00, 0x00, 0x00, 0x00, 0x00, 0x00, 0x00, 0x00, 0x00, 0x00, 0x0F, 0xFF, 0xFB, 0x00,
  0x00, 0x00, 0x00, 0x00, 0x00, 0x00, 0x00, 0x00, 0x00, 0x00, 0xFF, 0xFF, 0xB0, 0x00, 0x00, 0x00,
  0x00, 0x00, 0x00, 0x00, 0x00, 0x00, 0x00, 0x0F, 0xFF, 0xFB, 0x00, 0x00, 0x00, 0x00, 0x00, 0x00,
  0x00, 0x00, 0x00, 0x00, 0x00, 0xFF, 0xFF, 0xB0, 0x00, 0x00, 0x00, 0x00, 0x00, 0x00, 0x00, 0x00,
  0x00, 0x00, 0x0F, 0xFF, 0xFB, 0x00, 0x00, 0x00, 0x00, 0x00, 0x00, 0x00, 0x00, 0x00, 0x00, 0x00,
  0xFF, 0xFF, 0xB0, 0x00, 0x00, 0x00, 0x00, 0x00, 0x00, 0x00, 0x00, 0x00, 0x00, 0x0F, 0xFF, 0xFB,
  0x00, 0x00, 0x00, 0x00, 0x00, 0x00, 0x00, 0x00, 0x00, 0x00, 0x00, 0xFF, 0xFF, 0xB0, 0x00, 0x00,
  0x00, 0x00, 0x00, 0x00, 0x00, 0x00, 0x00, 0x00, 0x0F, 0xFF, 0xFB, 0x00, 0x00, 0x00, 0x00, 0x00,
  0x00, 0x00, 0x00, 0x00, 0x00, 0x00, 0xFF, 0xFF, 0xB0, 0x00, 0x00, 0x00, 0x00, 0x00, 0x00, 0x00,
  0x00, 0x00, 0x00, 0x0F, 0xFF, 0xFB, 0x00, 0x00, 0x00, 0x00, 0x00, 0x00, 0x00, 0x00, 0x00, 0x00,
  0x00, 0xFF, 0xFF, 0xB0, 0x00, 0x00, 0x00, 0x00, 0x00, 0x00, 0x00, 0x00, 0x00, 0x00, 0x0F, 0xFF,
  0xFB, 0x00, 0x00, 0x00, 0x00, 0x00, 0x00, 0x00, 0x00, 0x00, 0x00, 0x00, 0xFF, 0xFF, 0xB0, 0x00,
  0x00, 0x00, 0x00, 0x00, 0x0F, 0xFF, 0xFF, 0xFF, 0xFF, 0xFF, 0xFF, 0xFF, 0xFF, 0xFF, 0xFF, 0x0F,
  0xFF, 0xFF, 0xFF, 0xFF, 0xFF, 0xFF, 0xFF, 0xFF, 0xFF, 0xFF, 0x0F, 0xFF, 0xFF, 0xFF, 0xFF, 0xFF,
  0xFF, 0xFF, 0xFF, 0xFF, 0xFF, 0x0C, 0xCC, 0xCC, 0xCC, 0xCC, 0xCC, 0xCC, 0xCC, 0xDF, 0xFF, 0xFF,
  0x00, 0x00, 0x00, 0x00, 0x00, 0x00, 0x00, 0x00, 0xAF, 0xFF, 0xF6, 0x00, 0x00, 0x00, 0x00, 0x00,
  0x00, 0x00, 0x04, 0xFF, 0xFF, 0xC0, 0x00, 0x00, 0x00, 0x00, 0x00, 0x00, 0x00, 0x0D, 0xFF, 0xFF,
  0x30, 0x00, 0x00, 0x00, 0x00, 0x00, 0x00, 0x00, 0x8F, 0xFF, 0xF8, 0x00, 0x00, 0x00, 0x00, 0x00,
  0x00, 0x00, 0x02, 0xFF, 0xFF, 0xE0, 0x00, 0x00, 0x00, 0x00, 0x00, 0x00, 0x00, 0x0C, 0xFF, 0xFF,
  0x40, 0x00, 0x00, 0x00, 0x00, 0x00, 0x00, 0x00, 0x6F, 0xFF, 0xFB, 0x00, 0x00, 0x00, 0x00, 0x00,
  0x00, 0x00, 0x01, 0xFF, 0xFF, 0xF1, 0x00, 0x00, 0x00, 0x00, 0x00, 0x00, 0x00, 0x0A, 0xFF, 0xFF,
  0x70, 0x00, 0x00, 0x00, 0x00, 0x00, 0x00, 0x00, 0x5F, 0xFF, 0xFC, 0x00, 0x00, 0x00, 0x00, 0x00,
  0x00, 0x00, 0x00, 0xEF, 0xFF, 0xF3, 0x00, 0x00, 0x00, 0x00, 0x00, 0x00, 0x00, 0x09, 0xFF, 0xFF,
  0x90, 0x00, 0x00, 0x00, 0x00, 0x00, 0x00, 0x00, 0x3F, 0xFF, 0xFE, 0x00, 0x00, 0x00, 0x00, 0x00,
  0x00, 0x00, 0x00, 0xDF, 0xFF, 0xF5, 0x00, 0x00, 0x00, 0x00, 0x00, 0x00, 0x00, 0x07, 0xFF, 0xFF,
  0xB0, 0x00, 0x00, 0x00, 0x00, 0x00, 0x00, 0x00, 0x2F, 0xFF, 0xFF, 0x20, 0x00, 0x00, 0x00, 0x00,
  0x00, 0x00, 0x00, 0xBF, 0xFF, 0xF7, 0x00, 0x00, 0x00, 0x00, 0x00, 0x00, 0x00, 0x05, 0xFF, 0xFF,
  0xD0, 0x00, 0x00, 0x00, 0x00, 0x00, 0x00, 0x00, 0x1E, 0xFF, 0xFF, 0x30, 0x00, 0x00, 0x00, 0x00,
  0x00, 0x00, 0x00, 0x9F, 0xFF, 0xF9, 0x00, 0x00, 0x00, 0x00, 0x00, 0x00, 0x00, 0x03, 0xFF, 0xFF,
  0xE1, 0x00, 0x00, 0x00, 0x00, 0x00, 0x00, 0x00, 0x0D, 0xFF, 0xFF, 0x50, 0x00, 0x00, 0x00, 0x00,
  0x00, 0x00, 0x00, 0x8F, 0xFF, 0xFB, 0x00, 0x00, 0x00, 0x00, 0x00, 0x00, 0x00, 0x02, 0xFF, 0xFF,
  0xF2, 0x00, 0x00, 0x00, 0x00, 0x00, 0x00, 0x00, 0x0C, 0xFF, 0xFF, 0x80, 0x00, 0x00, 0x00, 0x00,
  0x00, 0x00, 0x00, 0x6F, 0xFF, 0xFD, 0x00, 0x00, 0x00, 0x00, 0x00, 0x00, 0x00, 0x00, 0xEF, 0xFF,
  0xFD, 0xCC, 0xCC, 0xCC, 0xCC, 0xCC, 0xCC, 0xCC, 0xCC, 0xFF, 0xFF, 0xFF, 0xFF, 0xFF, 0xFF, 0xFF,
  0xFF, 0xFF, 0xFF, 0xFF, 0xFF, 0xFF, 0xFF, 0xFF, 0xFF, 0xFF, 0xFF, 0xFF, 0xFF, 0xFF, 0xFF, 0xFF,
  0xFF, 0xFF, 0xFF, 0xFF, 0xFF, 0xFF, 0xFF, 0xFF, 0xFF, 0xFF, 0xFF, 0xFF, 0xFF, 0xFF, 0xFF, 0xFF,
  0xFF, 0xFF, 0xFF, 0xFF, 0xFF, 0xFF, 0xFF, 0xFF, 0xFF, 0xFF, 0xFF, 0xFF, 0xFE, 0xCC, 0xCC, 0xCC,
  0xFF, 0xFF, 0xB0, 0x00, 0x00, 0x0F, 0xFF, 0xFB, 0x00, 0x00, 0x00, 0xFF, 0xFF, 0xB0, 0x00, 0x00,
  0x0F, 0xFF, 0xFB, 0x00, 0x00, 0x00, 0xFF, 0xFF, 0xB0, 0x00, 0x00, 0x0F, 0xFF, 0xFB, 0x00, 0x00,
  0x00, 0xFF, 0xFF, 0xB0, 0x00, 0x00, 0x0F, 0xFF, 0xFB, 0x00, 0x00, 0x00, 0xFF, 0xFF, 0xB0, 0x00,
  0x00, 0x0F, 0xFF, 0xFB, 0x00, 0x00, 0x00, 0xFF, 0xFF, 0xB0, 0x00, 0x00, 0x0F, 0xFF, 0xFB, 0x00,
  0x00, 0x00, 0xFF, 0xFF, 0xB0, 0x00, 0x00, 0x0F, 0xFF, 0xFB, 0x00, 0x00, 0x00, 0xFF, 0xFF, 0xB0,
  0x00, 0x00, 0x0F, 0xFF, 0xFB, 0x00, 0x00, 0x00, 0xFF, 0xFF, 0xB0, 0x00, 0x00, 0x0F, 0xFF, 0xFB,
  0x00, 0x00, 0x00, 0xFF, 0xFF, 0xB0, 0x00, 0x00, 0x0F, 0xFF, 0xFB, 0x00, 0x00, 0x00, 0xFF, 0xFF,
  0xB0, 0x00, 0x00, 0x0F, 0xFF, 0xFB, 0x00, 0x00, 0x00, 0xFF, 0xFF, 0xB0, 0x00, 0x00, 0x0F, 0xFF,
  0xFB, 0x00, 0x00, 0x00, 0xFF, 0xFF, 0xB0, 0x00, 0x00, 0x0F, 0xFF, 0xFB, 0x00, 0x00, 0x00, 0xFF,
  0xFF, 0xB0, 0x00, 0x00, 0x0F, 0xFF, 0xFB, 0x00, 0x00, 0x00, 0xFF, 0xFF, 0xB0, 0x00, 0x00, 0x0F,
  0xFF, 0xFB, 0x00, 0x00, 0x00, 0xFF, 0xFF, 0xB0, 0x00, 0x00, 0x0F, 0xFF, 0xFB, 0x00, 0x00, 0x00,
  0xFF, 0xFF, 0xB0, 0x00, 0x00, 0x0F, 0xFF, 0xFB, 0x00, 0x00, 0x00, 0xFF, 0xFF, 0xB0, 0x00, 0x00,
  0x0F, 0xFF, 0xFB, 0x00, 0x00, 0x00, 0xFF, 0xFF, 0xB0, 0x00, 0x00, 0x0F, 0xFF, 0xFB, 0x00, 0x00,
  0x00, 0xFF, 0xFF, 0xEC, 0xCC, 0xCC, 0xCF, 0xFF, 0xFF, 0xFF, 0xFF, 0xFF, 0xFF, 0xFF, 0xFF, 0xFF,
  0xFF, 0xFF, 0xFF, 0xFF, 0xFF, 0xFF, 0xFF, 0x00, 0x27, 0x80, 0x00, 0x00, 0x00, 0x00, 0x00, 0x00,
  0x00, 0x03, 0xEF, 0xFF, 0x10, 0x00, 0x00, 0x00, 0x00, 0x00, 0x00, 0x00, 0x1F, 0xFF, 0xF6, 0x00,
  0x00, 0x00, 0x00, 0x00, 0x00, 0x00, 0x00, 0xBF, 0xFF, 0xC0, 0x00, 0x00, 0x00, 0x00, 0x00, 0x00,
  0x00, 0x05, 0xFF, 0xFF, 0x20, 0x00, 0x00, 0x00, 0x00, 0x00, 0x00, 0x00, 0x0F, 0xFF, 0xF7, 0x00,
  0x00, 0x00, 0x00, 0x00, 0x00, 0x00, 0x00, 0xAF, 0xFF, 0xD0, 0x00, 0x00, 0x00, 0x00, 0x00, 0x00,
  0x00, 0x04, 0xFF, 0xFF, 0x30, 0x00, 0x00, 0x00, 0x00, 0x00, 0x00, 0x00, 0x0E, 0xFF, 0xF9, 0x00,
  0x00, 0x00, 0x00, 0x00, 0x00, 0x00, 0x00, 0x8F, 0xFF, 0xE0, 0x00, 0x00, 0x00, 0x00, 0x00, 0x00,
  0x00, 0x03, 0xFF, 0xFF, 0x40, 0x00, 0x00, 0x00, 0x00, 0x00, 0x00, 0x00, 0x0D, 0xFF, 0xFA, 0x00,
  0x00, 0x00, 0x00, 0x00, 0x00, 0x00, 0x00, 0x7F, 0xFF, 0xF0, 0x00, 0x00, 0x00, 0x00, 0x00, 0x00,
  0x00, 0x01, 0xFF, 0xFF, 0x60, 0x00, 0x00, 0x00, 0x00, 0x00, 0x00, 0x00, 0x0B, 0xFF, 0xFB, 0x00,
  0x00, 0x00, 0x00, 0x00, 0x00, 0x00, 0x00, 0x6F, 0xFF, 0xF1, 0x00, 0x00, 0x00, 0x00, 0x00, 0x00,
  0x00, 0x00, 0xFF, 0xFF, 0x70, 0x00, 0x00, 0x00, 0x00, 0x00, 0x00, 0x00, 0x0A, 0xFF, 0xFD, 0x00,
  0x00, 0x00, 0x00, 0x00, 0x00, 0x00, 0x00, 0x4F, 0xFF, 0xF2, 0x00, 0x00, 0x00, 0x00, 0x00, 0x00,
  0x00, 0x00, 0xEF, 0xFF, 0x80, 0x00, 0x00, 0x00, 0x00, 0x00, 0x00, 0x00, 0x09, 0xFF, 0xFE, 0x00,
  0x00, 0x00, 0x00, 0x00, 0x00, 0x00, 0x00, 0x3F, 0xFF, 0xF4, 0x00, 0x00, 0x00, 0x00, 0x00, 0x00,
  0x00, 0x00, 0xDF, 0xFF, 0x90, 0x00, 0x00, 0x00, 0x00, 0x00, 0x00, 0x00, 0x07, 0xFF, 0xFF, 0x00,
  0x00, 0x00, 0x00, 0x00, 0x00, 0x00, 0x00, 0x2F, 0xFF, 0xF5, 0x00, 0x00, 0x00, 0x00, 0x00, 0x00,
  0x00, 0x00, 0xCF, 0xFF, 0xB0, 0x00, 0x00, 0x00, 0x00, 0x00, 0x00, 0x00, 0x06, 0xFF, 0xFF, 0x10,
  0x00, 0x00, 0x00, 0x00, 0x00, 0x00, 0x00, 0x1F, 0xFF, 0xF6, 0x00, 0x00, 0x00, 0x00, 0x00, 0x00,
  0x00, 0x00, 0xAF, 0xFF, 0xC0, 0x00, 0x00, 0x00, 0x00, 0x00, 0x00, 0x00, 0x05, 0xFF, 0xFF, 0x20,
  0x00, 0x00, 0x00, 0x00, 0x00, 0x00, 0x00, 0x0E, 0xFF, 0xF7, 0x00, 0x00, 0x00, 0x00, 0x00, 0x00,
  0x00, 0x00, 0x9F, 0xFF, 0xD0, 0x00, 0x00, 0x00, 0x00, 0x00, 0x00, 0x00, 0x03, 0xFF, 0xFF, 0x30,
  0x00, 0x00, 0x00, 0x00, 0x00, 0x00, 0x00, 0x0D, 0xFF, 0xF9, 0x00, 0x00, 0x00, 0x00, 0x00, 0x00,
  0x00, 0x00, 0x8F, 0xFF, 0xE0, 0x00, 0x00, 0x00, 0x00, 0x00, 0x00, 0x00, 0x02, 0xFF, 0xFF, 0x40,
  0x00, 0x00, 0x00, 0x00, 0x00, 0x00, 0x00, 0x0C, 0xFF, 0xFA, 0x00, 0x00, 0x00, 0x00, 0x00, 0x00,
  0x00, 0x00, 0x6F, 0xFF, 0xF0, 0x00, 0x00, 0x00, 0x00, 0x00, 0x00, 0x00, 0x01, 0xFF, 0xFF, 0x60,
  0x00, 0x00, 0x00, 0x00, 0x00, 0x00, 0x00, 0x0B, 0xFF, 0xFB, 0x00, 0x00, 0x00, 0x00, 0x00, 0x00,
  0x00, 0x00, 0x5F, 0xFF, 0xF1, 0x00, 0x00, 0x00, 0x00, 0x00, 0x00, 0x00, 0x00, 0xFF, 0xFF, 0x70,
  0x00, 0x00, 0x00, 0x00, 0x00, 0x00, 0x00, 0x09, 0xFF, 0xFD, 0x00, 0x00, 0x00, 0x00, 0x00, 0x00,
  0x00, 0x00, 0x4F, 0xFF, 0xF1, 0x00, 0x00, 0x00, 0x00, 0x00, 0x00, 0x00, 0x00, 0xC9, 0x40, 0x00,
  0xFF, 0xFF, 0xFF, 0xFF, 0xFF, 0xBF, 0xFF, 0xFF, 0xFF, 0xFF, 0xFB, 0xFF, 0xFF, 0xFF, 0xFF, 0xFF,
  0xBC, 0xCC, 0xCC, 0xCF, 0xFF, 0xFB, 0x00, 0x00, 0x00, 0xFF, 0xFF, 0xB0, 0x00, 0x00, 0x0F, 0xFF,
  0xFB, 0x00, 0x00, 0x00, 0xFF, 0xFF, 0xB0, 0x00, 0x00, 0x0F, 0xFF, 0xFB, 0x00, 0x00, 0x00, 0xFF,
  0xFF, 0xB0, 0x00, 0x00, 0x0F, 0xFF, 0xFB, 0x00, 0x00, 0x00, 0xFF, 0xFF, 0xB0, 0x00, 0x00, 0x0F,
  0xFF, 0xFB, 0x00, 0x00, 0x00, 0xFF, 0xFF, 0xB0, 0x00, 0x00, 0x0F, 0xFF, 0xFB, 0x00, 0x00, 0x00,
  0xFF, 0xFF, 0xB0, 0x00, 0x00, 0x0F, 0xFF, 0xFB, 0x00, 0x00, 0x00, 0xFF, 0xFF, 0xB0, 0x00, 0x00,
  0x0F, 0xFF, 0xFB, 0x00, 0x00, 0x00, 0xFF, 0xFF, 0xB0, 0x00, 0x00, 0x0F, 0xFF, 0xFB, 0x00, 0x00,
  0x00, 0xFF, 0xFF, 0xB0, 0x00, 0x00, 0x0F, 0xFF, 0xFB, 0x00, 0x00, 0x00, 0xFF, 0xFF, 0xB0, 0x00,
  0x00, 0x0F, 0xFF, 0xFB, 0x00, 0x00, 0x00, 0xFF, 0xFF, 0xB0, 0x00, 0x00, 0x0F, 0xFF, 0xFB, 0x00,
  0x00, 0x00, 0xFF, 0xFF, 0xB0, 0x00, 0x00, 0x0F, 0xFF, 0xFB, 0x00, 0x00, 0x00, 0xFF, 0xFF, 0xB0,
  0x00, 0x00, 0x0F, 0xFF, 0xFB, 0x00, 0x00, 0x00, 0xFF, 0xFF, 0xB0, 0x00, 0x00, 0x0F, 0xFF, 0xFB,
  0x00, 0x00, 0x00, 0xFF, 0xFF, 0xB0, 0x00, 0x00, 0x0F, 0xFF, 0xFB, 0x00, 0x00, 0x00, 0xFF, 0xFF,
  0xB0, 0x00, 0x00, 0x0F, 0xFF, 0xFB, 0x00, 0x00, 0x00, 0xFF, 0xFF, 0xB0, 0x00, 0x00, 0x0F, 0xFF,
  0xFB, 0x00, 0x00, 0x00, 0xFF, 0xFF, 0xB0, 0x00, 0x00, 0x0F, 0xFF, 0xFB, 0x00, 0x00, 0x00, 0xFF,
  0xFF, 0xB0, 0x00, 0x00, 0x0F, 0xFF, 0xFB, 0xCC, 0xCC, 0xCC, 0xFF, 0xFF, 0xBF, 0xFF, 0xFF, 0xFF,
  0xFF, 0xFB, 0xFF, 0xFF, 0xFF, 0xFF, 0xFF, 0xBF, 0xFF, 0xFF, 0xFF, 0xFF, 0xFB, 0x00, 0x00, 0x00,
  0x00, 0x7F, 0xFF, 0xFA, 0x00, 0x00, 0x00, 0x00, 0x00, 0x00, 0x00, 0x01, 0xEF, 0xFF, 0xFF, 0x30,
  0x00, 0x00, 0x00, 0x00, 0x00, 0x00, 0x08, 0xFF, 0xFF, 0xFF, 0xC0, 0x00, 0x00, 0x00, 0x00, 0x00,
  0x00, 0x2F, 0xFF, 0xFF, 0xFF, 0xF5, 0x00, 0x00, 0x00, 0x00, 0x00, 0x00, 0xAF, 0xFF, 0xA9, 0xFF,
  0xFD, 0x00, 0x00, 0x00, 0x00, 0x00, 0x03, 0xFF, 0xFF, 0x21, 0xFF, 0xFF, 0x70, 0x00, 0x00, 0x00,
  0x00, 0x0C, 0xFF, 0xF9, 0x00, 0x7F, 0xFF, 0xE1, 0x00, 0x00, 0x00, 0x00, 0x5F, 0xFF, 0xF1, 0x00,
  0x0E, 0xFF, 0xF8, 0x00, 0x00, 0x00, 0x00, 0xDF, 0xFF, 0x80, 0x00, 0x06, 0xFF, 0xFF, 0x20, 0x00,
  0x00, 0x07, 0xFF, 0xFF, 0x10, 0x00, 0x00, 0xDF, 0xFF, 0xA0, 0x00, 0x00, 0x1E, 0xFF, 0xF7, 0x00,
  0x00, 0x00, 0x5F, 0xFF, 0xF3, 0x00, 0x00, 0x9F, 0xFF, 0xE0, 0x00, 0x00, 0x00, 0x0C, 0xFF, 0xFC,
  0x00, 0x02, 0xFF, 0xFF, 0x70, 0x00, 0x00, 0x00, 0x04, 0xFF, 0xFF, 0x50, 0x0A, 0xFF, 0xFE, 0x00,
  0x00, 0x00, 0x00, 0x00, 0xBF, 0xFF, 0xE0, 0x3F, 0xFF, 0xF6, 0x00, 0x00, 0x00, 0x00, 0x00, 0x3F,
  0xFF, 0xF7, 0xCC, 0xCC, 0xCC, 0xCC, 0xCC, 0xCC, 0xCC, 0xCC, 0xCC, 0xCC, 0xCC, 0xCF, 0xFF, 0xFF,
  0xFF, 0xFF, 0xFF, 0xFF, 0xFF, 0xFF, 0xFF, 0xFF, 0xFF, 0xFF, 0xFF, 0xFF, 0xFF, 0xFF, 0xFF, 0xFF,
  0xFF, 0xFF, 0xFF, 0xFF, 0xFF, 0xFF, 0xFF, 0xFF, 0xFF, 0xFF, 0xFF, 0xFF, 0xFF, 0xFF, 0xFF, 0xFF,
  0x00, 0x63, 0x00, 0x00, 0x00, 0x00, 0x01, 0xFF, 0xB2, 0x00, 0x00, 0x00, 0x08, 0xFF, 0xFF, 0xA1,
  0x00, 0x00, 0x0C, 0xFF, 0xFF, 0xFF, 0x81, 0x00, 0x00, 0x5C, 0xFF, 0xFF, 0xFF, 0x70, 0x00, 0x00,
  0x3A, 0xFF, 0xFF, 0xFC, 0x00, 0x00, 0x00, 0x29, 0xFF, 0xF5, 0x00, 0x00, 0x00, 0x00, 0x17, 0xB0,
  0x00, 0x00, 0x00, 0x02, 0x56, 0x77, 0x63, 0x00, 0x00, 0x00, 0x00, 0x00, 0x5B, 0xFF, 0xFF, 0xFF,
  0xFF, 0xFA, 0x20, 0x00, 0x00, 0x7E, 0xFF, 0xFF, 0xFF, 0xFF, 0xFF, 0xFF, 0xF6, 0x00, 0x04, 0xFF,
  0xFF, 0xFF, 0xFF, 0xFF, 0xFF, 0xFF, 0xFF, 0x40, 0x00, 0xCF, 0xFF, 0xB8, 0x54, 0x45, 0x8D, 0xFF,
  0xFF, 0xE0, 0x00, 0x3C, 0x60, 0x00, 0x00, 0x00, 0x00, 0xBF, 0xFF, 0xF6, 0x00, 0x00, 0x00, 0x00,
  0x00, 0x00, 0x00, 0x1F, 0xFF, 0xFB, 0x00, 0x00, 0x00, 0x00, 0x00, 0x00, 0x00, 0x0C, 0xFF, 0xFE,
  0x00, 0x00, 0x00, 0x00, 0x00, 0x00, 0x00, 0x0B, 0xFF, 0xFF, 0x00, 0x00, 0x00, 0x00, 0x00, 0x00,
  0x00, 0x0B, 0xFF, 0xFF, 0x00, 0x00, 0x01, 0x58, 0xAB, 0xBC, 0xCC, 0xCE, 0xFF, 0xFF, 0x00, 0x02,
  0xAF, 0xFF, 0xFF, 0xFF, 0xFF, 0xFF, 0xFF, 0xFF, 0x00, 0x7F, 0xFF, 0xFF, 0xFF, 0xFF, 0xFF, 0xFF,
  0xFF, 0xFF, 0x08, 0xFF, 0xFF, 0xFF, 0xFF, 0xFF, 0xFF, 0xFF, 0xFF, 0xFF, 0x3F, 0xFF, 0xFF, 0xD7,
  0x30, 0x00, 0x00, 0x0B, 0xFF, 0xFF, 0xAF, 0xFF, 0xFB, 0x00, 0x00, 0x00, 0x00, 0x0B, 0xFF, 0xFF,
  0xEF, 0xFF, 0xF1, 0x00, 0x00, 0x00, 0x00, 0x0B, 0xFF, 0xFF, 0xFF, 0xFF, 0xC0, 0x00, 0x00, 0x00,
  0x00, 0x0B, 0xFF, 0xFF, 0xFF, 0xFF, 0xB0, 0x00, 0x00, 0x00, 0x00, 0x0B, 0xFF, 0xFF, 0xFF, 0xFF,
  0xB0, 0x00, 0x00, 0x00, 0x00, 0x0B, 0xFF, 0xFF, 0xEF, 0xFF, 0xE0, 0x00, 0x00, 0x00, 0x00, 0x4F,
  0xFF, 0xFF, 0xAF, 0xFF, 0xF9, 0x00, 0x00, 0x00, 0x08, 0xFF, 0xFF, 0xFF, 0x3F, 0xFF, 0xFF, 0xD7,
  0x44, 0x6A, 0xFF, 0xFF, 0xFF, 0xFF, 0x08, 0xFF, 0xFF, 0xFF, 0xFF, 0xFF, 0xFF, 0xFB, 0xFF, 0xFF,
  0x00, 0x8F, 0xFF, 0xFF, 0xFF, 0xFF, 0xFF, 0x70, 0xFF, 0xFF, 0x00, 0x03, 0xBF, 0xFF, 0xFF, 0xFF,
  0x92, 0x00, 0xEF, 0xFF, 0x00, 0x00, 0x01, 0x56, 0x76, 0x40, 0x00, 0x00, 0x00, 0x00, 0xFF, 0xFF,
  0xB0, 0x00, 0x00, 0x00, 0x00, 0x00, 0x00, 0x00, 0x0F, 0xFF, 0xFB, 0x00, 0x00, 0x00, 0x00, 0x00,
  0x00, 0x00, 0x00, 0xFF, 0xFF, 0xB0, 0x00, 0x00, 0x00, 0x00, 0x00, 0x00, 0x00, 0x0F, 0xFF, 0xFB,
  0x00, 0x00, 0x00, 0x00, 0x00, 0x00, 0x00, 0x00, 0xFF, 0xFF, 0xB0, 0x00, 0x00, 0x00, 0x00, 0x00,
  0x00, 0x00, 0x0F, 0xFF, 0xFB, 0x00, 0x00, 0x00, 0x00, 0x00, 0x00, 0x00, 0x00, 0xFF, 0xFF, 0xB0,
  0x00, 0x00, 0x00, 0x00, 0x00, 0x00, 0x00, 0x0F, 0xFF, 0xFB, 0x00, 0x00, 0x00, 0x00, 0x00, 0x00,
  0x00, 0x00, 0xFF, 0xFF, 0xB0, 0x00, 0x00, 0x00, 0x00, 0x00, 0x00, 0x00, 0x0F, 0xFF, 0xFB, 0x00,
  0x00, 0x00, 0x00, 0x00, 0x00, 0x00, 0x00, 0xFF, 0xFF, 0xB0, 0x00, 0x04, 0x67, 0x64, 0x00, 0x00,
  0x00, 0x0F, 0xFF, 0xFB, 0x02, 0xBF, 0xFF, 0xFF, 0xFF, 0x91, 0x00, 0x00, 0xFF, 0xFF, 0xB6, 0xFF,
  0xFF, 0xFF, 0xFF, 0xFF, 0xE4, 0x00, 0x0F, 0xFF, 0xFF, 0xFF, 0xFF, 0xFF, 0xFF, 0xFF, 0xFF, 0xF3,
  0x00, 0xFF, 0xFF, 0xFF, 0xFF, 0xA6, 0x45, 0x8E, 0xFF, 0xFF, 0xE1, 0x0F, 0xFF, 0xFF, 0xFA, 0x10,
  0x00, 0x00, 0x1C, 0xFF, 0xFF, 0x80, 0xFF, 0xFF, 0xF7, 0x00, 0x00, 0x00, 0x00, 0x1E, 0xFF, 0xFF,
  0x0F, 0xFF, 0xFB, 0x00, 0x00, 0x00, 0x00, 0x00, 0x7F, 0xFF, 0xF5, 0xFF, 0xFF, 0xB0, 0x00, 0x00,
  0x00, 0x00, 0x02, 0xFF, 0xFF, 0x9F, 0xFF, 0xFB, 0x00, 0x00, 0x00, 0x00, 0x00, 0x0E, 0xFF, 0xFC,
  0xFF, 0xFF, 0xB0, 0x00, 0x00, 0x00, 0x00, 0x00, 0xCF, 0xFF, 0xEF, 0xFF, 0xFB, 0x00, 0x00, 0x00,
  0x00, 0x00, 0x0B, 0xFF, 0xFF, 0xFF, 0xFF, 0xB0, 0x00, 0x00, 0x00, 0x00, 0x00, 0xBF, 0xFF, 0xFF,
  0xFF, 0xFB, 0x00, 0x00, 0x00, 0x00, 0x00, 0x0B, 0xFF, 0xFF, 0xFF, 0xFF, 0xB0, 0x00, 0x00, 0x00,
  0x00, 0x00, 0xBF, 0xFF, 0xFF, 0xFF, 0xFB, 0x00, 0x00, 0x00, 0x00, 0x00, 0x0B, 0xFF, 0xFF, 0xFF,
  0xFF, 0xB0, 0x00, 0x00, 0x00, 0x00, 0x00, 0xDF, 0xFF, 0xDF, 0xFF, 0xFB, 0x00, 0x00, 0x00, 0x00,
  0x00, 0x0F, 0xFF, 0xFB, 0xFF, 0xFF, 0xB0, 0x00, 0x00, 0x00, 0x00, 0x04, 0xFF, 0xFF, 0x7F, 0xFF,
  0xFB, 0x00, 0x00, 0x00, 0x00, 0x00, 0xAF, 0xFF, 0xF2, 0xFF, 0xFF, 0xD1, 0x00, 0x00, 0x00, 0x00,
  0x4F, 0xFF, 0xFB, 0x0F, 0xFF, 0xFF, 0xD3, 0x00, 0x00, 0x00, 0x4F, 0xFF, 0xFF, 0x20, 0xFF, 0xFF,
  0xFF, 0xFC, 0x74, 0x46, 0xBF, 0xFF, 0xFF, 0x70, 0x0F, 0xFF, 0xFF, 0xFF, 0xFF, 0xFF, 0xFF, 0xFF,
  0xFF, 0xA0, 0x00, 0xFF, 0xFF, 0x2C, 0xFF, 0xFF, 0xFF, 0xFF, 0xFF, 0x80, 0x00, 0x0F, 0xFF, 0xE0,
  0x07, 0xEF, 0xFF, 0xFF, 0xFB, 0x30, 0x00, 0x00, 0x00, 0x00, 0x00, 0x00, 0x36, 0x77, 0x51, 0x00,
  0x00, 0x00, 0x00, 0x00, 0x00, 0x00, 0x00, 0x45, 0x77, 0x53, 0x00, 0x00, 0x00, 0x00, 0x00, 0x03,
  0xBF, 0xFF, 0xFF, 0xFF, 0xFA, 0x20, 0x00, 0x00, 0x00, 0xAF, 0xFF, 0xFF, 0xFF, 0xFF, 0xFF, 0xF8,
  0x00, 0x00, 0x0C, 0xFF, 0xFF, 0xFF, 0xFF, 0xFF, 0xFF, 0xFF, 0xB0, 0x00, 0xAF, 0xFF, 0xFF, 0xC7,
  0x54, 0x59, 0xEF, 0xFF, 0x60, 0x05, 0xFF, 0xFF, 0xF6, 0x00, 0x00, 0x00, 0x07, 0xF8, 0x00, 0x0D,
  0xFF, 0xFF, 0x50, 0x00, 0x00, 0x00, 0x00, 0x20, 0x00, 0x3F, 0xFF, 0xFB, 0x00, 0x00, 0x00, 0x00,
  0x00, 0x00, 0x00, 0x8F, 0xFF, 0xF4, 0x00, 0x00, 0x00, 0x00, 0x00, 0x00, 0x00, 0xBF, 0xFF, 0xF0,
  0x00, 0x00, 0x00, 0x00, 0x00, 0x00, 0x00, 0xDF, 0xFF, 0xD0, 0x00, 0x00, 0x00, 0x00, 0x00, 0x00,
  0x00, 0xFF, 0xFF, 0xC0, 0x00, 0x00, 0x00, 0x00, 0x00, 0x00, 0x00, 0xFF, 0xFF, 0xB0, 0x00, 0x00,
  0x00, 0x00, 0x00, 0x00, 0x00, 0xFF, 0xFF, 0xB0, 0x00, 0x00, 0x00, 0x00, 0x00, 0x00, 0x00, 0xFF,
  0xFF, 0xB0, 0x00, 0x00, 0x00, 0x00, 0x00, 0x00, 0x00, 0xFF, 0xFF, 0xC0, 0x00, 0x00, 0x00, 0x00,
  0x00, 0x00, 0x00, 0xEF, 0xFF, 0xD0, 0x00, 0x00, 0x00, 0x00, 0x00, 0x00, 0x00, 0xBF, 0xFF, 0xF0,
  0x00, 0x00, 0x00, 0x00, 0x00, 0x00, 0x00, 0x8F, 0xFF, 0xF4, 0x00, 0x00, 0x00, 0x00, 0x00, 0x00,
  0x00, 0x3F, 0xFF, 0xFA, 0x00, 0x00, 0x00, 0x00, 0x00, 0x00, 0x00, 0x0C, 0xFF, 0xFF, 0x40, 0x00,
  0x00, 0x00, 0x00, 0x10, 0x00, 0x04, 0xFF, 0xFF, 0xF5, 0x00, 0x00, 0x00, 0x08, 0xF6, 0x00, 0x00,
  0x9F, 0xFF, 0xFF, 0xC7, 0x44, 0x69, 0xEF, 0xFF, 0x20, 0x00, 0x0B, 0xFF, 0xFF, 0xFF, 0xFF, 0xFF,
  0xFF, 0xFF, 0x90, 0x00, 0x00, 0x9F, 0xFF, 0xFF, 0xFF, 0xFF, 0xFF, 0xF9, 0x00, 0x00, 0x00, 0x03,
  0xAF, 0xFF, 0xFF, 0xFF, 0xE9, 0x20, 0x00, 0x00, 0x00, 0x00, 0x00, 0x46, 0x77, 0x53, 0x00, 0x00,
  0x00, 0x00, 0x00, 0x00, 0x00, 0x00, 0x00, 0x00, 0x00, 0xBF, 0xFF, 0xF0, 0x00, 0x00, 0x00, 0x00,
  0x00, 0x00, 0x00, 0x0B, 0xFF, 0xFF, 0x00, 0x00, 0x00, 0x00, 0x00, 0x00, 0x00, 0x00, 0xBF, 0xFF,
  0xF0, 0x00, 0x00, 0x00, 0x00, 0x00, 0x00, 0x00, 0x0B, 0xFF, 0xFF, 0x00, 0x00, 0x00, 0x00, 0x00,
  0x00, 0x00, 0x00, 0xBF, 0xFF, 0xF0, 0x00, 0x00, 0x00, 0x00, 0x00, 0x00, 0x00, 0x0B, 0xFF, 0xFF,
  0x00, 0x00, 0x00, 0x00, 0x00, 0x00, 0x00, 0x00, 0xBF, 0xFF, 0xF0, 0x00, 0x00, 0x00, 0x00, 0x00,
  0x00, 0x00, 0x0B, 0xFF, 0xFF, 0x00, 0x00, 0x00, 0x00, 0x00, 0x00, 0x00, 0x00, 0xBF, 0xFF, 0xF0,
  0x00, 0x00, 0x00, 0x00, 0x00, 0x00, 0x00, 0x0B, 0xFF, 0xFF, 0x00, 0x00, 0x00, 0x02, 0x57, 0x76,
  0x30, 0x00, 0xBF, 0xFF, 0xF0, 0x00, 0x00, 0x5C, 0xFF, 0xFF, 0xFF, 0xE6, 0x0B, 0xFF, 0xFF, 0x00,
  0x00, 0xBF, 0xFF, 0xFF, 0xFF, 0xFF, 0xFC, 0xCF, 0xFF, 0xF0, 0x00, 0xCF, 0xFF, 0xFF, 0xFF, 0xFF,
  0xFF, 0xFF, 0xFF, 0xFF, 0x00, 0xAF, 0xFF, 0xFF, 0xB6, 0x45, 0x7C, 0xFF, 0xFF, 0xFF, 0xF0, 0x5F,
  0xFF, 0xFE, 0x30, 0x00, 0x00, 0x03, 0xDF, 0xFF, 0xFF, 0x0D, 0xFF, 0xFF, 0x30, 0x00, 0x00, 0x00,
  0x01, 0xDF, 0xFF, 0xF3, 0xFF, 0xFF, 0xA0, 0x00, 0x00, 0x00, 0x00, 0x0B, 0xFF, 0xFF, 0x8F, 0xFF,
  0xF3, 0x00, 0x00, 0x00, 0x00, 0x00, 0xBF, 0xFF, 0xFB, 0xFF, 0xFF, 0x00, 0x00, 0x00, 0x00, 0x00,
  0x0B, 0xFF, 0xFF, 0xEF, 0xFF, 0xC0, 0x00, 0x00, 0x00, 0x00, 0x00, 0xBF, 0xFF, 0xFF, 0xFF, 0xFB,
  0x00, 0x00, 0x00, 0x00, 0x00, 0x0B, 0xFF, 0xFF, 0xFF, 0xFF, 0xB0, 0x00, 0x00, 0x00, 0x00, 0x00,
  0xBF, 0xFF, 0xFF, 0xFF, 0xFB, 0x00, 0x00, 0x00, 0x00, 0x00, 0x0B, 0xFF, 0xFF, 0xFF, 0xFF, 0xB0,
  0x00, 0x00, 0x00, 0x00, 0x00, 0xBF, 0xFF, 0xFF, 0xFF, 0xFB, 0x00, 0x00, 0x00, 0x00, 0x00, 0x0B,
  0xFF, 0xFF, 0xEF, 0xFF, 0xC0, 0x00, 0x00, 0x00, 0x00, 0x00, 0xBF, 0xFF, 0xFC, 0xFF, 0xFF, 0x00,
  0x00, 0x00, 0x00, 0x00, 0x0B, 0xFF, 0xFF, 0x8F, 0xFF, 0xF2, 0x00, 0x00, 0x00, 0x00, 0x00, 0xBF,
  0xFF, 0xF4, 0xFF, 0xFF, 0x80, 0x00, 0x00, 0x00, 0x00, 0x0C, 0xFF, 0xFF, 0x0E, 0xFF, 0xFF, 0x20,
  0x00, 0x00, 0x00, 0x09, 0xFF, 0xFF, 0xF0, 0x6F, 0xFF, 0xFD, 0x20, 0x00, 0x00, 0x0A, 0xFF, 0xFF,
  0xFF, 0x00, 0xCF, 0xFF, 0xFF, 0x95, 0x45, 0x9F, 0xFF, 0xFF, 0xFF, 0xF0, 0x01, 0xEF, 0xFF, 0xFF,
  0xFF, 0xFF, 0xFF, 0xF8, 0xFF, 0xFF, 0x00, 0x02, 0xCF, 0xFF, 0xFF, 0xFF, 0xFF, 0xF5, 0x0F, 0xFF,
  0xF0, 0x00, 0x00, 0x7E, 0xFF, 0xFF, 0xFF, 0xA2, 0x00, 0xEF, 0xFF, 0x00, 0x00, 0x00, 0x03, 0x67,
  0x65, 0x10, 0x00, 0x00, 0x00, 0x00, 0x00, 0x00, 0x00, 0x00, 0x36, 0x77, 0x64, 0x00, 0x00, 0x00,
  0x00, 0x00, 0x00, 0x02, 0x9F, 0xFF, 0xFF, 0xFF, 0xFB, 0x30, 0x00, 0x00, 0x00, 0x00, 0x7F, 0xFF,
  0xFF, 0xFF, 0xFF, 0xFF, 0xF9, 0x00, 0x00, 0x00, 0x0A, 0xFF, 0xFF, 0xFF, 0xFF, 0xFF, 0xFF, 0xFF,
  0xB0, 0x00, 0x00, 0x8F, 0xFF, 0xFF, 0xA6, 0x44, 0x7C, 0xFF, 0xFF, 0xF8, 0x00, 0x03, 0xFF, 0xFF,
  0xD2, 0x00, 0x00, 0x00, 0x4F, 0xFF, 0xFF, 0x20, 0x0C, 0xFF, 0xFE, 0x10, 0x00, 0x00, 0x00, 0x04,
  0xFF, 0xFF, 0xA0, 0x3F, 0xFF, 0xF6, 0x00, 0x00, 0x00, 0x00, 0x00, 0xBF, 0xFF, 0xF0, 0x8F, 0xFF,
  0xF1, 0x00, 0x00, 0x00, 0x00, 0x00, 0x5F, 0xFF, 0xF4, 0xBF, 0xFF, 0xD0, 0x00, 0x00, 0x00, 0x00,
  0x00, 0x1F, 0xFF, 0xF7, 0xEF, 0xFF, 0xB0, 0x00, 0x00, 0x00, 0x00, 0x00, 0x0F, 0xFF, 0xF9, 0xFF,
  0xFF, 0xEC, 0xCC, 0xCC, 0xCC, 0xCC, 0xCC, 0xCF, 0xFF, 0xFA, 0xFF, 0xFF, 0xFF, 0xFF, 0xFF, 0xFF,
  0xFF, 0xFF, 0xFF, 0xFF, 0xFB, 0xFF, 0xFF, 0xFF, 0xFF, 0xFF, 0xFF, 0xFF, 0xFF, 0xFF, 0xFF, 0xFA,
  0xFF, 0xFF, 0xFF, 0xFF, 0xFF, 0xFF, 0xFF, 0xFF, 0xFF, 0xFF, 0xF9, 0xFF, 0xFF, 0xB0, 0x00, 0x00,
  0x00, 0x00, 0x00, 0x00, 0x00, 0x00, 0xEF, 0xFF, 0xC0, 0x00, 0x00, 0x00, 0x00, 0x00, 0x00, 0x00,
  0x00, 0xBF, 0xFF, 0xF0, 0x00, 0x00, 0x00, 0x00, 0x00, 0x00, 0x00, 0x00, 0x7F, 0xFF, 0xF3, 0x00,
  0x00, 0x00, 0x00, 0x00, 0x00, 0x00, 0x00, 0x2F, 0xFF, 0xF9, 0x00, 0x00, 0x00, 0x00, 0x00, 0x00,
  0x00, 0x00, 0x0B, 0xFF, 0xFF, 0x40, 0x00, 0x00, 0x00, 0x00, 0x00, 0x20, 0x00, 0x02, 0xFF, 0xFF,
  0xF6, 0x00, 0x00, 0x00, 0x00, 0x5D, 0xF2, 0x00, 0x00, 0x7F, 0xFF, 0xFF, 0xD8, 0x54, 0x46, 0x9E,
  0xFF, 0xFC, 0x00, 0x00, 0x08, 0xFF, 0xFF, 0xFF, 0xFF, 0xFF, 0xFF, 0xFF, 0xFF, 0x40, 0x00, 0x00,
  0x5E, 0xFF, 0xFF, 0xFF, 0xFF, 0xFF, 0xFF, 0xD3, 0x00, 0x00, 0x00, 0x01, 0x7D, 0xFF, 0xFF, 0xFF,
  0xFF, 0xA4, 0x00, 0x00, 0x00, 0x00, 0x00, 0x00, 0x25, 0x77, 0x75, 0x30, 0x00, 0x00, 0x00, 0x00,
  0x00, 0x00, 0x05, 0xAD, 0xFF, 0xEC, 0x91, 0x00, 0x00, 0x02, 0xDF, 0xFF, 0xFF, 0xFF, 0xF1, 0x00,
  0x00, 0x2E, 0xFF, 0xFF, 0xFF, 0xFF, 0xE0, 0x00, 0x00, 0xBF, 0xFF, 0xFF, 0xDC, 0xCE, 0xC0, 0x00,
  0x02, 0xFF, 0xFF, 0xE3, 0x00, 0x00, 0x00, 0x00, 0x07, 0xFF, 0xFF, 0x50, 0x00, 0x00, 0x00, 0x00,
  0x09, 0xFF, 0xFF, 0x10, 0x00, 0x00, 0x00, 0x00, 0x0A, 0xFF, 0xFF, 0x00, 0x00, 0x00, 0x00, 0x00,
  0x0B, 0xFF, 0xFF, 0x00, 0x00, 0x00, 0x00, 0x00, 0x0B, 0xFF, 0xFF, 0x00, 0x00, 0x00, 0x00, 0x00,
  0x0B, 0xFF, 0xFF, 0x00, 0x00, 0x00, 0x00, 0xFF, 0xFF, 0xFF, 0xFF, 0xFF, 0xFF, 0xFF, 0x00, 0xFF,
  0xFF, 0xFF, 0xFF, 0xFF, 0xFF, 0xFF, 0x00, 0xFF, 0xFF, 0xFF, 0xFF, 0xFF, 0xFF, 0xFF, 0x00, 0xCC,
  0xCE, 0xFF, 0xFF, 0xCC, 0xCC, 0xCC, 0x00, 0x00, 0x0B, 0xFF, 0xFF, 0x00, 0x00, 0x00, 0x00, 0x00,
  0x0B, 0xFF, 0xFF, 0x00, 0x00, 0x00, 0x00, 0x00, 0x0B, 0xFF, 0xFF, 0x00, 0x00, 0x00, 0x00, 0x00,
  0x0B, 0xFF, 0xFF, 0x00, 0x00, 0x00, 0x00, 0x00, 0x0B, 0xFF, 0xFF, 0x00, 0x00, 0x00, 0x00, 0x00,
  0x0B, 0xFF, 0xFF, 0x00, 0x00, 0x00, 0x00, 0x00, 0x0B, 0xFF, 0xFF, 0x00, 0x00, 0x00, 0x00, 0x00,
  0x0B, 0xFF, 0xFF, 0x00, 0x00, 0x00, 0x00, 0x00, 0x0B, 0xFF, 0xFF, 0x00, 0x00, 0x00, 0x00, 0x00,
  0x0B, 0xFF, 0xFF, 0x00, 0x00, 0x00, 0x00, 0x00, 0x0B, 0xFF, 0xFF, 0x00, 0x00, 0x00, 0x00, 0x00,
  0x0B, 0xFF, 0xFF, 0x00, 0x00, 0x00, 0x00, 0x00, 0x0B, 0xFF, 0xFF, 0x00, 0x00, 0x00, 0x00, 0x00,
  0x0B, 0xFF, 0xFF, 0x00, 0x00, 0x00, 0x00, 0x00, 0x0B, 0xFF, 0xFF, 0x00, 0x00, 0x00, 0x00, 0x00,
  0x0B, 0xFF, 0xFF, 0x00, 0x00, 0x00, 0x00, 0x00, 0x0B, 0xFF, 0xFF, 0x00, 0x00, 0x00, 0x00, 0x00,
  0x0B, 0xFF, 0xFF, 0x00, 0x00, 0x00, 0x00, 0x00, 0x0B, 0xFF, 0xFF, 0x00, 0x00, 0x00, 0x00, 0x00,
  0x0B, 0xFF, 0xFF, 0x00, 0x00, 0x00, 0x00, 0x00, 0x0B, 0xFF, 0xFF, 0x00, 0x00, 0x00, 0x00, 0x00,
  0x00, 0x00, 0x03, 0x67, 0x65, 0x10, 0x00, 0x00, 0x00, 0x00, 0x00, 0x00, 0x8E, 0xFF, 0xFF, 0xFF,
  0xC3, 0x03, 0xFF, 0xFF, 0x00, 0x02, 0xDF, 0xFF, 0xFF, 0xFF, 0xFF, 0xF8, 0x5F, 0xFF, 0xF0, 0x02,
  0xEF, 0xFF, 0xFF, 0xFF, 0xFF, 0xFF, 0xFE, 0xFF, 0xFF, 0x00, 0xDF, 0xFF, 0xFF, 0x95, 0x45, 0x8E,
  0xFF, 0xFF, 0xFF, 0xF0, 0x7F, 0xFF, 0xFC, 0x10, 0x00, 0x00, 0x07, 0xFF, 0xFF, 0xFF, 0x0E, 0xFF,
  0xFE, 0x10, 0x00, 0x00, 0x00, 0x05, 0xFF, 0xFF, 0xF5, 0xFF, 0xFF, 0x70, 0x00, 0x00, 0x00, 0x00,
  0x0B, 0xFF, 0xFF, 0x9F, 0xFF, 0xF2, 0x00, 0x00, 0x00, 0x00, 0x00, 0xBF, 0xFF, 0xFC, 0xFF, 0xFE,
  0x00, 0x00, 0x00, 0x00, 0x00, 0x0B, 0xFF, 0xFF, 0xEF, 0xFF, 0xC0, 0x00, 0x00, 0x00, 0x00, 0x00,
  0xBF, 0xFF, 0xFF, 0xFF, 0xFB, 0x00, 0x00, 0x00, 0x00, 0x00, 0x0B, 0xFF, 0xFF, 0xFF, 0xFF, 0xB0,
  0x00, 0x00, 0x00, 0x00, 0x00, 0xBF, 0xFF, 0xFF, 0xFF, 0xFB, 0x00, 0x00, 0x00, 0x00, 0x00, 0x0B,
  0xFF, 0xFF, 0xFF, 0xFF, 0xB0, 0x00, 0x00, 0x00, 0x00, 0x00, 0xBF, 0xFF, 0xFF, 0xFF, 0xFB, 0x00,
  0x00, 0x00, 0x00, 0x00, 0x0B, 0xFF, 0xFF, 0xEF, 0xFF, 0xD0, 0x00, 0x00, 0x00, 0x00, 0x00, 0xBF,
  0xFF, 0xFC, 0xFF, 0xFF, 0x00, 0x00, 0x00, 0x00, 0x00, 0x0B, 0xFF, 0xFF, 0x8F, 0xFF, 0xF3, 0x00,
  0x00, 0x00, 0x00, 0x00, 0xBF, 0xFF, 0xF5, 0xFF, 0xFF, 0x80, 0x00, 0x00, 0x00, 0x00, 0x4F, 0xFF,
  0xFF, 0x0E, 0xFF, 0xFF, 0x30, 0x00, 0x00, 0x00, 0x5F, 0xFF, 0xFF, 0xF0, 0x8F, 0xFF, 0xFE, 0x60,
  0x00, 0x03, 0xAF, 0xFF, 0xFF, 0xFF, 0x00, 0xCF, 0xFF, 0xFF, 0xFC, 0xCE, 0xFF, 0xFF, 0xFF, 0xFF,
  0xF0, 0x01, 0xDF, 0xFF, 0xFF, 0xFF, 0xFF, 0xFF, 0x7B, 0xFF, 0xFF, 0x00, 0x01, 0xAF, 0xFF, 0xFF,
  0xFF, 0xFE, 0x50, 0xBF, 0xFF, 0xF0, 0x00, 0x00, 0x38, 0xDE, 0xFE, 0xB6, 0x00, 0x0B, 0xFF, 0xFF,
  0x00, 0x00, 0x00, 0x00, 0x00, 0x00, 0x00, 0x00, 0xBF, 0xFF, 0xF0, 0x00, 0x00, 0x00, 0x00, 0x00,
  0x00, 0x00, 0x0C, 0xFF, 0xFF, 0x00, 0x00, 0x00, 0x00, 0x00, 0x00, 0x00, 0x00, 0xEF, 0xFF, 0xD0,
  0x00, 0x00, 0x00, 0x00, 0x00, 0x00, 0x00, 0x3F, 0xFF, 0xFA, 0x00, 0x00, 0x00, 0x00, 0x00, 0x00,
  0x00, 0x0B, 0xFF, 0xFF, 0x60, 0x01, 0xA3, 0x00, 0x00, 0x00, 0x00, 0x09, 0xFF, 0xFF, 0xE0, 0x00,
  0x9F, 0xFE, 0x97, 0x54, 0x45, 0x9E, 0xFF, 0xFF, 0xF5, 0x00, 0x1F, 0xFF, 0xFF, 0xFF, 0xFF, 0xFF,
  0xFF, 0xFF, 0xF8, 0x00, 0x01, 0xAF, 0xFF, 0xFF, 0xFF, 0xFF, 0xFF, 0xFF, 0xF6, 0x00, 0x00, 0x00,
  0x28, 0xDF, 0xFF, 0xFF, 0xFF, 0xFE, 0x81, 0x00, 0x00, 0x00, 0x00, 0x00, 0x14, 0x67, 0x77, 0x52,
  0x00, 0x00, 0x00, 0x00, 0xFF, 0xFF, 0xB0, 0x00, 0x00, 0x00, 0x00, 0x00, 0x00, 0x00, 0xFF, 0xFF,
  0xB0, 0x00, 0x00, 0x00, 0x00, 0x00, 0x00, 0x00, 0xFF, 0xFF, 0xB0, 0x00, 0x00, 0x00, 0x00, 0x00,
  0x00, 0x00, 0xFF, 0xFF, 0xB0, 0x00, 0x00, 0x00, 0x00, 0x00, 0x00, 0x00, 0xFF, 0xFF, 0xB0, 0x00,
  0x00, 0x00, 0x00, 0x00, 0x00, 0x00, 0xFF, 0xFF, 0xB0, 0x00, 0x00, 0x00, 0x00, 0x00, 0x00, 0x00,
  0xFF, 0xFF, 0xB0, 0x00, 0x00, 0x00, 0x00, 0x00, 0x00, 0x00, 0xFF, 0xFF, 0xB0, 0x00, 0x00, 0x00,
  0x00, 0x00, 0x00, 0x00, 0xFF, 0xFF, 0xB0, 0x00, 0x00, 0x00, 0x00, 0x00, 0x00, 0x00, 0xFF, 0xFF,
  0xB0, 0x00, 0x00, 0x00, 0x00, 0x00, 0x00, 0x00, 0xFF, 0xFF, 0xB0, 0x00, 0x03, 0x57, 0x75, 0x10,
  0x00, 0x00, 0xFF, 0xFF, 0xB0, 0x18, 0xEF, 0xFF, 0xFF, 0xFC, 0x30, 0x00, 0xFF, 0xFF, 0xB3, 0xEF,
  0xFF, 0xFF, 0xFF, 0xFF, 0xF7, 0x00, 0xFF, 0xFF, 0xDF, 0xFF, 0xFF, 0xFF, 0xFF, 0xFF, 0xFF, 0x60,
  0xFF, 0xFF, 0xFF, 0xFF, 0xB7, 0x44, 0x7E, 0xFF, 0xFF, 0xF1, 0xFF, 0xFF, 0xFF, 0xE3, 0x00, 0x00,
  0x00, 0xCF, 0xFF, 0xF7, 0xFF, 0xFF, 0xFD, 0x10, 0x00, 0x00, 0x00, 0x3F, 0xFF, 0xFB, 0xFF, 0xFF,
  0xF2, 0x00, 0x00, 0x00, 0x00, 0x0E, 0xFF, 0xFE, 0xFF, 0xFF, 0xB0, 0x00, 0x00, 0x00, 0x00, 0x0B,
  0xFF, 0xFF, 0xFF, 0xFF, 0xB0, 0x00, 0x00, 0x00, 0x00, 0x0B, 0xFF, 0xFF, 0xFF, 0xFF, 0xB0, 0x00,
  0x00, 0x00, 0x00, 0x0B, 0xFF, 0xFF, 0xFF, 0xFF, 0xB0, 0x00, 0x00, 0x00, 0x00, 0x0B, 0xFF, 0xFF,
  0xFF, 0xFF, 0xB0, 0x00, 0x00, 0x00, 0x00, 0x0B, 0xFF, 0xFF, 0xFF, 0xFF, 0xB0, 0x00, 0x00, 0x00,
  0x00, 0x0B, 0xFF, 0xFF, 0xFF, 0xFF, 0xB0, 0x00, 0x00, 0x00, 0x00, 0x0B, 0xFF, 0xFF, 0xFF, 0xFF,
  0xB0, 0x00, 0x00, 0x00, 0x00, 0x0B, 0xFF, 0xFF, 0xFF, 0xFF, 0xB0, 0x00, 0x00, 0x00, 0x00, 0x0B,
  0xFF, 0xFF, 0xFF, 0xFF, 0xB0, 0x00, 0x00, 0x00, 0x00, 0x0B, 0xFF, 0xFF, 0xFF, 0xFF, 0xB0, 0x00,
  0x00, 0x00, 0x00, 0x0B, 0xFF, 0xFF, 0xFF, 0xFF, 0xB0, 0x00, 0x00, 0x00, 0x00, 0x0B, 0xFF, 0xFF,
  0xFF, 0xFF, 0xB0, 0x00, 0x00, 0x00, 0x00, 0x0B, 0xFF, 0xFF, 0xFF, 0xFF, 0xB0, 0x00, 0x00, 0x00,
  0x00, 0x0B, 0xFF, 0xFF, 0xFF, 0xFF, 0xB0, 0x00, 0x00, 0x00, 0x00, 0x0B, 0xFF, 0xFF, 0xFF, 0xFF,
  0xB0, 0x00, 0x00, 0x00, 0x00, 0x0B, 0xFF, 0xFF, 0xFF, 0xFF, 0xB0, 0x00, 0x00, 0x00, 0x00, 0x0B,
  0xFF, 0xFF, 0xFF, 0xFF, 0xB0, 0x00, 0x00, 0x00, 0x00, 0x0B, 0xFF, 0xFF, 0x00, 0x00, 0x8E, 0xE8,
  0x00, 0x00, 0x8F, 0xFF, 0xF8, 0x00, 0x0E, 0xFF, 0xFF, 0xE0, 0x00, 0xEF, 0xFF, 0xFE, 0x00, 0x08,
  0xFF, 0xFF, 0x80, 0x00, 0x09, 0xEE, 0x80, 0x00, 0x00, 0x00, 0x00, 0x00, 0x00, 0x00, 0x00, 0x00,
  0x00, 0x00, 0x00, 0x00, 0x00, 0x00, 0x00, 0x00, 0x00, 0x00, 0x00, 0x00, 0x00, 0x0F, 0xFF, 0xFF,
  0xFF, 0xFB, 0xFF, 0xFF, 0xFF, 0xFF, 0xBF, 0xFF, 0xFF, 0xFF, 0xFB, 0xCC, 0xCC, 0xFF, 0xFF, 0xB0,
  0x00, 0x0F, 0xFF, 0xFB, 0x00, 0x00, 0xFF, 0xFF, 0xB0, 0x00, 0x0F, 0xFF, 0xFB, 0x00, 0x00, 0xFF,
  0xFF, 0xB0, 0x00, 0x0F, 0xFF, 0xFB, 0x00, 0x00, 0xFF, 0xFF, 0xB0, 0x00, 0x0F, 0xFF, 0xFB, 0x00,
  0x00, 0xFF, 0xFF, 0xB0, 0x00, 0x0F, 0xFF, 0xFB, 0x00, 0x00, 0xFF, 0xFF, 0xB0, 0x00, 0x0F, 0xFF,
  0xFB, 0x00, 0x00, 0xFF, 0xFF, 0xB0, 0x00, 0x0F, 0xFF, 0xFB, 0x00, 0x00, 0xFF, 0xFF, 0xB0, 0x00,
  0x0F, 0xFF, 0xFB, 0x00, 0x00, 0xFF, 0xFF, 0xB0, 0x00, 0x0F, 0xFF, 0xFB, 0x00, 0x00, 0xFF, 0xFF,
  0xB0, 0x00, 0x0F, 0xFF, 0xFB, 0x00, 0x00, 0xFF, 0xFF, 0xB0, 0x00, 0x0F, 0xFF, 0xFB, 0x00, 0x00,
  0x08, 0xEE, 0x80, 0x00, 0x00, 0x8F, 0xFF, 0xF8, 0x00, 0x00, 0xEF, 0xFF, 0xFE, 0x00, 0x00, 0xEF,
  0xFF, 0xFE, 0x00, 0x00, 0x8F, 0xFF, 0xF8, 0x00, 0x00, 0x09, 0xEE, 0x80, 0x00, 0x00, 0x00, 0x00,
  0x00, 0x00, 0x00, 0x00, 0x00, 0x00, 0x00, 0x00, 0x00, 0x00, 0x00, 0x00, 0x00, 0x00, 0x00, 0x00,
  0x00, 0x00, 0x00, 0x00, 0x00, 0x0F, 0xFF, 0xFF, 0xFF, 0xFB, 0x0F, 0xFF, 0xFF, 0xFF, 0xFB, 0x0F,
  0xFF, 0xFF, 0xFF, 0xFB, 0x0C, 0xCC, 0xCF, 0xFF, 0xFB, 0x00, 0x00, 0x0F, 0xFF, 0xFB, 0x00, 0x00,
  0x0F, 0xFF, 0xFB, 0x00, 0x00, 0x0F, 0xFF, 0xFB, 0x00, 0x00, 0x0F, 0xFF, 0xFB, 0x00, 0x00, 0x0F,
  0xFF, 0xFB, 0x00, 0x00, 0x0F, 0xFF, 0xFB, 0x00, 0x00, 0x0F, 0xFF, 0xFB, 0x00, 0x00, 0x0F, 0xFF,
  0xFB, 0x00, 0x00, 0x0F, 0xFF, 0xFB, 0x00, 0x00, 0x0F, 0xFF, 0xFB, 0x00, 0x00, 0x0F, 0xFF, 0xFB,
  0x00, 0x00, 0x0F, 0xFF, 0xFB, 0x00, 0x00, 0x0F, 0xFF, 0xFB, 0x00, 0x00, 0x0F, 0xFF, 0xFB, 0x00,
  0x00, 0x0F, 0xFF, 0xFB, 0x00, 0x00, 0x0F, 0xFF, 0xFB, 0x00, 0x00, 0x0F, 0xFF, 0xFB, 0x00, 0x00,
  0x0F, 0xFF, 0xFB, 0x00, 0x00, 0x0F, 0xFF, 0xFB, 0x00, 0x00, 0x0F, 0xFF, 0xFB, 0x00, 0x00, 0x0F,
  0xFF, 0xFB, 0x00, 0x00, 0x0F, 0xFF, 0xFB, 0x00, 0x00, 0x0F, 0xFF, 0xFB, 0x00, 0x00, 0x0F, 0xFF,
  0xFB, 0x00, 0x00, 0x0F, 0xFF, 0xFB, 0x00, 0x00, 0x0F, 0xFF, 0xFB, 0x00, 0x00, 0x3F, 0xFF, 0xFA,
  0x25, 0x46, 0xDF, 0xFF, 0xF7, 0x7F, 0xFF, 0xFF, 0xFF, 0xF1, 0x9F, 0xFF, 0xFF, 0xFF, 0x60, 0xBF,
  0xFF, 0xFF, 0xE5, 0x00, 0x04, 0x67, 0x63, 0x00, 0x00, 0xFF, 0xFF, 0xB0, 0x00, 0x00, 0x00, 0x00,
  0x00, 0x00, 0x00, 0x00, 0xFF, 0xFF, 0xB0, 0x00, 0x00, 0x00, 0x00, 0x00, 0x00, 0x00, 0x00, 0xFF,
  0xFF, 0xB0, 0x00, 0x00, 0x00, 0x00, 0x00, 0x00, 0x00, 0x00, 0xFF, 0xFF, 0xB0, 0x00, 0x00, 0x00,
  0x00, 0x00, 0x00, 0x00, 0x00, 0xFF, 0xFF, 0xB0, 0x00, 0x00, 0x00, 0x00, 0x00, 0x00, 0x00, 0x00,
  0xFF, 0xFF, 0xB0, 0x00, 0x00, 0x00, 0x00, 0x00, 0x00, 0x00, 0x00, 0xFF, 0xFF, 0xB0, 0x00, 0x00,
  0x00, 0x00, 0x00, 0x00, 0x00, 0x00, 0xFF, 0xFF, 0xB0, 0x00, 0x00, 0x00, 0x00, 0x00, 0x00, 0x00,
  0x00, 0xFF, 0xFF, 0xB0, 0x00, 0x00, 0x00, 0x00, 0x00, 0x00, 0x00, 0x00, 0xFF, 0xFF, 0xB0, 0x00,
  0x00, 0x00, 0x00, 0x00, 0x00, 0x00, 0x00, 0xFF, 0xFF, 0xB0, 0x00, 0x00, 0x00, 0x00, 0x00, 0x00,
  0x00, 0x00, 0xFF, 0xFF, 0xB0, 0x00, 0x00, 0x00, 0x06, 0xFF, 0xFF, 0xE2, 0x00, 0xFF, 0xFF, 0xB0,
  0x00, 0x00, 0x00, 0x5F, 0xFF, 0xFF, 0x20, 0x00, 0xFF, 0xFF, 0xB0, 0x00, 0x00, 0x04, 0xFF, 0xFF,
  0xF3, 0x00, 0x00, 0xFF, 0xFF, 0xB0, 0x00, 0x00, 0x3F, 0xFF, 0xFF, 0x40, 0x00, 0x00, 0xFF, 0xFF,
  0xB0, 0x00, 0x02, 0xEF, 0xFF, 0xF5, 0x00, 0x00, 0x00, 0xFF, 0xFF, 0xB0, 0x00, 0x1D, 0xFF, 0xFF,
  0x70, 0x00, 0x00, 0x00, 0xFF, 0xFF, 0xB0, 0x00, 0xDF, 0xFF, 0xF8, 0x00, 0x00, 0x00, 0x00, 0xFF,
  0xFF, 0xB0, 0x0C, 0xFF, 0xFF, 0x90, 0x00, 0x00, 0x00, 0x00, 0xFF, 0xFF, 0xB0, 0xBF, 0xFF, 0xFA,
  0x00, 0x00, 0x00, 0x00, 0x00, 0xFF, 0xFF, 0xB9, 0xFF, 0xFF, 0xB0, 0x00, 0x00, 0x00, 0x00, 0x00,
  0xFF, 0xFF, 0xFF, 0xFF, 0xFF, 0xB0, 0x00, 0x00, 0x00, 0x00, 0x00, 0xFF, 0xFF, 0xFF, 0xFF, 0xFF,
  0xF7, 0x00, 0x00, 0x00, 0x00, 0x00, 0xFF, 0xFF, 0xFF, 0xFF, 0xFF, 0xFF, 0x30, 0x00, 0x00, 0x00,
  0x00, 0xFF, 0xFF, 0xFF, 0xB5, 0xFF, 0xFF, 0xD0, 0x00, 0x00, 0x00, 0x00, 0xFF, 0xFF, 0xFD, 0x10,
  0x9F, 0xFF, 0xF9, 0x00, 0x00, 0x00, 0x00, 0xFF, 0xFF, 0xE1, 0x00, 0x0D, 0xFF, 0xFF, 0x50, 0x00,
  0x00, 0x00, 0xFF, 0xFF, 0xB0, 0x00, 0x03, 0xFF, 0xFF, 0xE1, 0x00, 0x00, 0x00, 0xFF, 0xFF, 0xB0,
  0x00, 0x00, 0x7F, 0xFF, 0xFB, 0x00, 0x00, 0x00, 0xFF, 0xFF, 0xB0, 0x00, 0x00, 0x0C, 0xFF, 0xFF,
  0x70, 0x00, 0x00, 0xFF, 0xFF, 0xB0, 0x00, 0x00, 0x01, 0xFF, 0xFF, 0xF3, 0x00, 0x00, 0xFF, 0xFF,
  0xB0, 0x00, 0x00, 0x00, 0x5F, 0xFF, 0xFD, 0x00, 0x00, 0xFF, 0xFF, 0xB0, 0x00, 0x00, 0x00, 0x0A,
  0xFF, 0xFF, 0xA0, 0x00, 0xFF, 0xFF, 0xB0, 0x00, 0x00, 0x00, 0x00, 0xEF, 0xFF, 0xF5, 0x00, 0xFF,
  0xFF, 0xB0, 0x00, 0x00, 0x00, 0x00, 0x3F, 0xFF, 0xFF, 0x10, 0xFF, 0xFF, 0xB0, 0x00, 0x00, 0x00,
  0x00, 0x08, 0xFF, 0xFF, 0xC0, 0xFF, 0xFF, 0xB0, 0x00, 0x0F, 0xFF, 0xFB, 0x00, 0x00, 0xFF, 0xFF,
  0xB0, 0x00, 0x0F, 0xFF, 0xFB, 0x00, 0x00, 0xFF, 0xFF, 0xB0, 0x00, 0x0F, 0xFF, 0xFB, 0x00, 0x00,
  0xFF, 0xFF, 0xB0, 0x00, 0x0F, 0xFF, 0xFB, 0x00, 0x00, 0xFF, 0xFF, 0xB0, 0x00, 0x0F, 0xFF, 0xFB,
  0x00, 0x00, 0xFF, 0xFF, 0xB0, 0x00, 0x0F, 0xFF, 0xFB, 0x00, 0x00, 0xFF, 0xFF, 0xB0, 0x00, 0x0F,
  0xFF, 0xFB, 0x00, 0x00, 0xFF, 0xFF, 0xB0, 0x00, 0x0F, 0xFF, 0xFB, 0x00, 0x00, 0xFF, 0xFF, 0xB0,
  0x00, 0x0F, 0xFF, 0xFB, 0x00, 0x00, 0xFF, 0xFF, 0xB0, 0x00, 0x0F, 0xFF, 0xFB, 0x00, 0x00, 0xFF,
  0xFF, 0xB0, 0x00, 0x0F, 0xFF, 0xFB, 0x00, 0x00, 0xFF, 0xFF, 0xB0, 0x00, 0x0F, 0xFF, 0xFB, 0x00,
  0x00, 0xFF, 0xFF, 0xB0, 0x00, 0x0F, 0xFF, 0xFB, 0x00, 0x00, 0xFF, 0xFF, 0xB0, 0x00, 0x0F, 0xFF,
  0xFB, 0x00, 0x00, 0xFF, 0xFF, 0xB0, 0x00, 0x0F, 0xFF, 0xFB, 0x00, 0x00, 0xFF, 0xFF, 0xB0, 0x00,
  0x0F, 0xFF, 0xFD, 0x00, 0x00, 0xEF, 0xFF, 0xF8, 0x43, 0x0A, 0xFF, 0xFF, 0xFF, 0xC0, 0x2F, 0xFF,
  0xFF, 0xFF, 0x00, 0x4E, 0xFF, 0xFF, 0xF1, 0x00, 0x04, 0x77, 0x52, 0x00, 0x00, 0x00, 0x00, 0x00,
  0x15, 0x67, 0x51, 0x00, 0x00, 0x00, 0x00, 0x15, 0x67, 0x51, 0x00, 0x00, 0x0F, 0xFF, 0xF0, 0x02,
  0xAF, 0xFF, 0xFF, 0xFB, 0x20, 0x00, 0x02, 0xBF, 0xFF, 0xFF, 0xFA, 0x10, 0x00, 0xFF, 0xFF, 0x25,
  0xFF, 0xFF, 0xFF, 0xFF, 0xFE, 0x40, 0x06, 0xFF, 0xFF, 0xFF, 0xFF, 0xFE, 0x40, 0x0F, 0xFF, 0xF9,
  0xFF, 0xFF, 0xFF, 0xFF, 0xFF, 0xFF, 0x16, 0xFF, 0xFF, 0xFF, 0xFF, 0xFF, 0xFE, 0x20, 0xFF, 0xFF,
  0xFF, 0xFF, 0x95, 0x48, 0xFF, 0xFF, 0xFD, 0xFF, 0xFF, 0x95, 0x48, 0xFF, 0xFF, 0xFB, 0x0F, 0xFF,
  0xFF, 0xFC, 0x10, 0x00, 0x02, 0xFF, 0xFF, 0xFF, 0xFC, 0x10, 0x00, 0x02, 0xFF, 0xFF, 0xF2, 0xFF,
  0xFF, 0xFC, 0x00, 0x00, 0x00, 0x07, 0xFF, 0xFF, 0xFC, 0x00, 0x00, 0x00, 0x07, 0xFF, 0xFF, 0x7F,
  0xFF, 0xFE, 0x20, 0x00, 0x00, 0x00, 0x2F, 0xFF, 0xFE, 0x20, 0x00, 0x00, 0x00, 0x2F, 0xFF, 0xF9,
  0xFF, 0xFF, 0xB0, 0x00, 0x00, 0x00, 0x00, 0xFF, 0xFF, 0xB0, 0x00, 0x00, 0x00, 0x00, 0xFF, 0xFF,
  0xBF, 0xFF, 0xFB, 0x00, 0x00, 0x00, 0x00, 0x0F, 0xFF, 0xFB, 0x00, 0x00, 0x00, 0x00, 0x0F, 0xFF,
  0xFB, 0xFF, 0xFF, 0xB0, 0x00, 0x00, 0x00, 0x00, 0xFF, 0xFF, 0xB0, 0x00, 0x00, 0x00, 0x00, 0xFF,
  0xFF, 0xBF, 0xFF, 0xFB, 0x00, 0x00, 0x00, 0x00, 0x0F, 0xFF, 0xFB, 0x00, 0x00, 0x00, 0x00, 0x0F,
  0xFF, 0xFB, 0xFF, 0xFF, 0xB0, 0x00, 0x00, 0x00, 0x00, 0xFF, 0xFF, 0xB0, 0x00, 0x00, 0x00, 0x00,
  0xFF, 0xFF, 0xBF, 0xFF, 0xFB, 0x00, 0x00, 0x00, 0x00, 0x0F, 0xFF, 0xFB, 0x00, 0x00, 0x00, 0x00,
  0x0F, 0xFF, 0xFB, 0xFF, 0xFF, 0xB0, 0x00, 0x00, 0x00, 0x00, 0xFF, 0xFF, 0xB0, 0x00, 0x00, 0x00,
  0x00, 0xFF, 0xFF, 0xBF, 0xFF, 0xFB, 0x00, 0x00, 0x00, 0x00, 0x0F, 0xFF, 0xFB, 0x00, 0x00, 0x00,
  0x00, 0x0F, 0xFF, 0xFB, 0xFF, 0xFF, 0xB0, 0x00, 0x00, 0x00, 0x00, 0xFF, 0xFF, 0xB0, 0x00, 0x00,
  0x00, 0x00, 0xFF, 0xFF, 0xBF, 0xFF, 0xFB, 0x00, 0x00, 0x00, 0x00, 0x0F, 0xFF, 0xFB, 0x00, 0x00,
  0x00, 0x00, 0x0F, 0xFF, 0xFB, 0xFF, 0xFF, 0xB0, 0x00, 0x00, 0x00, 0x00, 0xFF, 0xFF, 0xB0, 0x00,
  0x00, 0x00, 0x00, 0xFF, 0xFF, 0xBF, 0xFF, 0xFB, 0x00, 0x00, 0x00, 0x00, 0x0F, 0xFF, 0xFB, 0x00,
  0x00, 0x00, 0x00, 0x0F, 0xFF, 0xFB, 0xFF, 0xFF, 0xB0, 0x00, 0x00, 0x00, 0x00, 0xFF, 0xFF, 0xB0,
  0x00, 0x00, 0x00, 0x00, 0xFF, 0xFF, 0xBF, 0xFF, 0xFB, 0x00, 0x00, 0x00, 0x00, 0x0F, 0xFF, 0xFB,
  0x00, 0x00, 0x00, 0x00, 0x0F, 0xFF, 0xFB, 0xFF, 0xFF, 0xB0, 0x00, 0x00, 0x00, 0x00, 0xFF, 0xFF,
  0xB0, 0x00, 0x00, 0x00, 0x00, 0xFF, 0xFF, 0xBF, 0xFF, 0xFB, 0x00, 0x00, 0x00, 0x00, 0x0F, 0xFF,
  0xFB, 0x00, 0x00, 0x00, 0x00, 0x0F, 0xFF, 0xFB, 0xFF, 0xFF, 0xB0, 0x00, 0x00, 0x00, 0x00, 0xFF,
  0xFF, 0xB0, 0x00, 0x00, 0x00, 0x00, 0xFF, 0xFF, 0xBF, 0xFF, 0xFB, 0x00, 0x00, 0x00, 0x00, 0x0F,
  0xFF, 0xFB, 0x00, 0x00, 0x00, 0x00, 0x0F, 0xFF, 0xFB, 0x00, 0x00, 0x00, 0x00, 0x03, 0x57, 0x75,
  0x10, 0x00, 0x00, 0xFF, 0xFF, 0x00, 0x19, 0xEF, 0xFF, 0xFF, 0xFC, 0x30, 0x00, 0xFF, 0xFF, 0x24,
  0xEF, 0xFF, 0xFF, 0xFF, 0xFF, 0xF7, 0x00, 0xFF, 0xFF, 0x9F, 0xFF, 0xFF, 0xFF, 0xFF, 0xFF, 0xFF,
  0x60, 0xFF, 0xFF, 0xFF, 0xFF, 0xB6, 0x44, 0x7E, 0xFF, 0xFF, 0xF1, 0xFF, 0xFF, 0xFF, 0xD3, 0x00,
  0x00, 0x00, 0xCF, 0xFF, 0xF7, 0xFF, 0xFF, 0xFD, 0x10, 0x00, 0x00, 0x00, 0x3F, 0xFF, 0xFB, 0xFF,
  0xFF, 0xE2, 0x00, 0x00, 0x00, 0x00, 0x0E, 0xFF, 0xFE, 0xFF, 0xFF, 0xB0, 0x00, 0x00, 0x00, 0x00,
  0x0B, 0xFF, 0xFF, 0xFF, 0xFF, 0xB0, 0x00, 0x00, 0x00, 0x00, 0x0B, 0xFF, 0xFF, 0xFF, 0xFF, 0xB0,
  0x00, 0x00, 0x00, 0x00, 0x0B, 0xFF, 0xFF, 0xFF, 0xFF, 0xB0, 0x00, 0x00, 0x00, 0x00, 0x0B, 0xFF,
  0xFF, 0xFF, 0xFF, 0xB0, 0x00, 0x00, 0x00, 0x00, 0x0B, 0xFF, 0xFF, 0xFF, 0xFF, 0xB0, 0x00, 0x00,
  0x00, 0x00, 0x0B, 0xFF, 0xFF, 0xFF, 0xFF, 0xB0, 0x00, 0x00, 0x00, 0x00, 0x0B, 0xFF, 0xFF, 0xFF,
  0xFF, 0xB0, 0x00, 0x00, 0x00, 0x00, 0x0B, 0xFF, 0xFF, 0xFF, 0xFF, 0xB0, 0x00, 0x00, 0x00, 0x00,
  0x0B, 0xFF, 0xFF, 0xFF, 0xFF, 0xB0, 0x00, 0x00, 0x00, 0x00, 0x0B, 0xFF, 0xFF, 0xFF, 0xFF, 0xB0,
  0x00, 0x00, 0x00, 0x00, 0x0B, 0xFF, 0xFF, 0xFF, 0xFF, 0xB0, 0x00, 0x00, 0x00, 0x00, 0x0B, 0xFF,
  0xFF, 0xFF, 0xFF, 0xB0, 0x00, 0x00, 0x00, 0x00, 0x0B, 0xFF, 0xFF, 0xFF, 0xFF, 0xB0, 0x00, 0x00,
  0x00, 0x00, 0x0B, 0xFF, 0xFF, 0xFF, 0xFF, 0xB0, 0x00, 0x00, 0x00, 0x00, 0x0B, 0xFF, 0xFF, 0xFF,
  0xFF, 0xB0, 0x00, 0x00, 0x00, 0x00, 0x0B, 0xFF, 0xFF, 0xFF, 0xFF, 0xB0, 0x00, 0x00, 0x00, 0x00,
  0x0B, 0xFF, 0xFF, 0xFF, 0xFF, 0xB0, 0x00, 0x00, 0x00, 0x00, 0x0B, 0xFF, 0xFF, 0x00, 0x00, 0x00,
  0x00, 0x35, 0x77, 0x75, 0x20, 0x00, 0x00, 0x00, 0x00, 0x00, 0x00, 0x29, 0xEF, 0xFF, 0xFF, 0xFF,
  0xE9, 0x10, 0x00, 0x00, 0x00, 0x00, 0x7F, 0xFF, 0xFF, 0xFF, 0xFF, 0xFF, 0xFF, 0x70, 0x00, 0x00,
  0x00, 0xAF, 0xFF, 0xFF, 0xFF, 0xFF, 0xFF, 0xFF, 0xFF, 0xA0, 0x00, 0x00, 0x9F, 0xFF, 0xFF, 0xD7,
  0x54, 0x58, 0xDF, 0xFF, 0xFF, 0x90, 0x00, 0x4F, 0xFF, 0xFF, 0x60, 0x00, 0x00, 0x00, 0x6F, 0xFF,
  0xFF, 0x40, 0x0D, 0xFF, 0xFF, 0x50, 0x00, 0x00, 0x00, 0x00, 0x5F, 0xFF, 0xFD, 0x03, 0xFF, 0xFF,
  0xA0, 0x00, 0x00, 0x00, 0x00, 0x00, 0xBF, 0xFF, 0xF3, 0x8F, 0xFF, 0xF3, 0x00, 0x00, 0x00, 0x00,
  0x00, 0x04, 0xFF, 0xFF, 0x8C, 0xFF, 0xFF, 0x00, 0x00, 0x00, 0x00, 0x00, 0x00, 0x0F, 0xFF, 0xFC,
  0xEF, 0xFF, 0xC0, 0x00, 0x00, 0x00, 0x00, 0x00, 0x00, 0xDF, 0xFF, 0xEF, 0xFF, 0xFB, 0x00, 0x00,
  0x00, 0x00, 0x00, 0x00, 0x0B, 0xFF, 0xFF, 0xFF, 0xFF, 0xB0, 0x00, 0x00, 0x00, 0x00, 0x00, 0x00,
  0xBF, 0xFF, 0xFF, 0xFF, 0xFB, 0x00, 0x00, 0x00, 0x00, 0x00, 0x00, 0x0B, 0xFF, 0xFF, 0xFF, 0xFF,
  0xB0, 0x00, 0x00, 0x00, 0x00, 0x00, 0x00, 0xBF, 0xFF, 0xFF, 0xFF, 0xFB, 0x00, 0x00, 0x00, 0x00,
  0x00, 0x00, 0x0C, 0xFF, 0xFF, 0xDF, 0xFF, 0xD0, 0x00, 0x00, 0x00, 0x00, 0x00, 0x00, 0xDF, 0xFF,
  0xEC, 0xFF, 0xFF, 0x00, 0x00, 0x00, 0x00, 0x00, 0x00, 0x0F, 0xFF, 0xFB, 0x8F, 0xFF, 0xF4, 0x00,
  0x00, 0x00, 0x00, 0x00, 0x04, 0xFF, 0xFF, 0x83, 0xFF, 0xFF, 0xB0, 0x00, 0x00, 0x00, 0x00, 0x00,
  0xBF, 0xFF, 0xF3, 0x0C, 0xFF, 0xFF, 0x50, 0x00, 0x00, 0x00, 0x00, 0x6F, 0xFF, 0xFC, 0x00, 0x4F,
  0xFF, 0xFF, 0x60, 0x00, 0x00, 0x00, 0x6F, 0xFF, 0xFF, 0x40, 0x00, 0x9F, 0xFF, 0xFF, 0xD7, 0x54,
  0x58, 0xDF, 0xFF, 0xFF, 0x90, 0x00, 0x00, 0xAF, 0xFF, 0xFF, 0xFF, 0xFF, 0xFF, 0xFF, 0xFF, 0xA0,
  0x00, 0x00, 0x00, 0x8F, 0xFF, 0xFF, 0xFF, 0xFF, 0xFF, 0xFF, 0x70, 0x00, 0x00, 0x00, 0x00, 0x29,
  0xEF, 0xFF, 0xFF, 0xFF, 0xE9, 0x20, 0x00, 0x00, 0x00, 0x00, 0x00, 0x00, 0x35, 0x67, 0x75, 0x30,
  0x00, 0x00, 0x00, 0x00, 0x00, 0x00, 0x00, 0x00, 0x04, 0x67, 0x64, 0x00, 0x00, 0x00, 0x0F, 0xFF,
  0xF0, 0x02, 0xBF, 0xFF, 0xFF, 0xFF, 0x91, 0x00, 0x00, 0xFF, 0xFF, 0x27, 0xFF, 0xFF, 0xFF, 0xFF,
  0xFF, 0xE3, 0x00, 0x0F, 0xFF, 0xFC, 0xFF, 0xFF, 0xFF, 0xFF, 0xFF, 0xFF, 0xF3, 0x00, 0xFF, 0xFF,
  0xFF, 0xFE, 0x96, 0x45, 0x9F, 0xFF, 0xFF, 0xD0, 0x0F, 0xFF, 0xFF, 0xF9, 0x00, 0x00, 0x00, 0x2D,
  0xFF, 0xFF, 0x70, 0xFF, 0xFF, 0xF6, 0x00, 0x00, 0x00, 0x00, 0x2F, 0xFF, 0xFE, 0x0F, 0xFF, 0xFB,
  0x00, 0x00, 0x00, 0x00, 0x00, 0x8F, 0xFF, 0xF4, 0xFF, 0xFF, 0xB0, 0x00, 0x00, 0x00, 0x00, 0x02,
  0xFF, 0xFF, 0x9F, 0xFF, 0xFB, 0x00, 0x00, 0x00, 0x00, 0x00, 0x0F, 0xFF, 0xFC, 0xFF, 0xFF, 0xB0,
  0x00, 0x00, 0x00, 0x00, 0x00, 0xCF, 0xFF, 0xEF, 0xFF, 0xFB, 0x00, 0x00, 0x00, 0x00, 0x00, 0x0B,
  0xFF, 0xFF, 0xFF, 0xFF, 0xB0, 0x00, 0x00, 0x00, 0x00, 0x00, 0xBF, 0xFF, 0xFF, 0xFF, 0xFB, 0x00,
  0x00, 0x00, 0x00, 0x00, 0x0B, 0xFF, 0xFF, 0xFF, 0xFF, 0xB0, 0x00, 0x00, 0x00, 0x00, 0x00, 0xBF,
  0xFF, 0xFF, 0xFF, 0xFB, 0x00, 0x00, 0x00, 0x00, 0x00, 0x0C, 0xFF, 0xFF, 0xFF, 0xFF, 0xB0, 0x00,
  0x00, 0x00, 0x00, 0x00, 0xDF, 0xFF, 0xDF, 0xFF, 0xFB, 0x00, 0x00, 0x00, 0x00, 0x00, 0x0F, 0xFF,
  0xFB, 0xFF, 0xFF, 0xB0, 0x00, 0x00, 0x00, 0x00, 0x04, 0xFF, 0xFF, 0x7F, 0xFF, 0xFB, 0x00, 0x00,
  0x00, 0x00, 0x00, 0xAF, 0xFF, 0xF2, 0xFF, 0xFF, 0xB0, 0x00, 0x00, 0x00, 0x00, 0x4F, 0xFF, 0xFB,
  0x0F, 0xFF, 0xFF, 0xA1, 0x00, 0x00, 0x00, 0x4F, 0xFF, 0xFF, 0x30, 0xFF, 0xFF, 0xFF, 0xFA, 0x64,
  0x46, 0xBF, 0xFF, 0xFF, 0x80, 0x0F, 0xFF, 0xFF, 0xFF, 0xFF, 0xFF, 0xFF, 0xFF, 0xFF, 0xA0, 0x00,
  0xFF, 0xFF, 0xDD, 0xFF, 0xFF, 0xFF, 0xFF, 0xFF, 0x80, 0x00, 0x0F, 0xFF, 0xFB, 0x07, 0xEF, 0xFF,
  0xFF, 0xFB, 0x30, 0x00, 0x00, 0xFF, 0xFF, 0xB0, 0x00, 0x36, 0x77, 0x51, 0x00, 0x00, 0x00, 0x0F,
  0xFF, 0xFB, 0x00, 0x00, 0x00, 0x00, 0x00, 0x00, 0x00, 0x00, 0xFF, 0xFF, 0xB0, 0x00, 0x00, 0x00,
  0x00, 0x00, 0x00, 0x00, 0x0F, 0xFF, 0xFB, 0x00, 0x00, 0x00, 0x00, 0x00, 0x00, 0x00, 0x00, 0xFF,
  0xFF, 0xB0, 0x00, 0x00, 0x00, 0x00, 0x00, 0x00, 0x00, 0x0F, 0xFF, 0xFB, 0x00, 0x00, 0x00, 0x00,
  0x00, 0x00, 0x00, 0x00, 0xFF, 0xFF, 0xB0, 0x00, 0x00, 0x00, 0x00, 0x00, 0x00, 0x00, 0x0F, 0xFF,
  0xFB, 0x00, 0x00, 0x00, 0x00, 0x00, 0x00, 0x00, 0x00, 0xFF, 0xFF, 0xB0, 0x00, 0x00, 0x00, 0x00,
  0x00, 0x00, 0x00, 0x0F, 0xFF, 0xFB, 0x00, 0x00, 0x00, 0x00, 0x00, 0x00, 0x00, 0x00, 0x00, 0x00,
  0x00, 0x02, 0x57, 0x76, 0x30, 0x00, 0x00, 0x00, 0x00, 0x00, 0x00, 0x5D, 0xFF, 0xFF, 0xFF, 0xE6,
  0x01, 0xFF, 0xFF, 0x00, 0x01, 0xBF, 0xFF, 0xFF, 0xFF, 0xFF, 0xFC, 0x4F, 0xFF, 0xF0, 0x01, 0xDF,
  0xFF, 0xFF, 0xFF, 0xFF, 0xFF, 0xFF, 0xFF, 0xFF, 0x00, 0xBF, 0xFF, 0xFF, 0xA6, 0x45, 0x7C, 0xFF,
  0xFF, 0xFF, 0xF0, 0x5F, 0xFF, 0xFE, 0x30, 0x00, 0x00, 0x03, 0xDF, 0xFF, 0xFF, 0x0D, 0xFF, 0xFF,
  0x30, 0x00, 0x00, 0x00, 0x01, 0xDF, 0xFF, 0xF4, 0xFF, 0xFF, 0x90, 0x00, 0x00, 0x00, 0x00, 0x0B,
  0xFF, 0xFF, 0x8F, 0xFF, 0xF3, 0x00, 0x00, 0x00, 0x00, 0x00, 0xBF, 0xFF, 0xFC, 0xFF, 0xFF, 0x00,
  0x00, 0x00, 0x00, 0x00, 0x0B, 0xFF, 0xFF, 0xEF, 0xFF, 0xC0, 0x00, 0x00, 0x00, 0x00, 0x00, 0xBF,
  0xFF, 0xFF, 0xFF, 0xFB, 0x00, 0x00, 0x00, 0x00, 0x00, 0x0B, 0xFF, 0xFF, 0xFF, 0xFF, 0xB0, 0x00,
  0x00, 0x00, 0x00, 0x00, 0xBF, 0xFF, 0xFF, 0xFF, 0xFB, 0x00, 0x00, 0x00, 0x00, 0x00, 0x0B, 0xFF,
  0xFF, 0xFF, 0xFF, 0xB0, 0x00, 0x00, 0x00, 0x00, 0x00, 0xBF, 0xFF, 0xFF, 0xFF, 0xFB, 0x00, 0x00,
  0x00, 0x00, 0x00, 0x0B, 0xFF, 0xFF, 0xEF, 0xFF, 0xC0, 0x00, 0x00, 0x00, 0x00, 0x00, 0xBF, 0xFF,
  0xFC, 0xFF, 0xFF, 0x00, 0x00, 0x00, 0x00, 0x00, 0x0B, 0xFF, 0xFF, 0x8F, 0xFF, 0xF3, 0x00, 0x00,
  0x00, 0x00, 0x00, 0xBF, 0xFF, 0xF4, 0xFF, 0xFF, 0x80, 0x00, 0x00, 0x00, 0x00, 0x0B, 0xFF, 0xFF,
  0x0E, 0xFF, 0xFF, 0x20, 0x00, 0x00, 0x00, 0x06, 0xFF, 0xFF, 0xF0, 0x6F, 0xFF, 0xFE, 0x20, 0x00,
  0x00, 0x09, 0xFF, 0xFF, 0xFF, 0x00, 0xCF, 0xFF, 0xFF, 0x95, 0x45, 0x8E, 0xFF, 0xFF, 0xFF, 0xF0,
  0x01, 0xEF, 0xFF, 0xFF, 0xFF, 0xFF, 0xFF, 0xFE, 0xFF, 0xFF, 0x00, 0x02, 0xCF, 0xFF, 0xFF, 0xFF,
  0xFF, 0xF5, 0xBF, 0xFF, 0xF0, 0x00, 0x00, 0x7E, 0xFF, 0xFF, 0xFF, 0xA2, 0x0B, 0xFF, 0xFF, 0x00,
  0x00, 0x00, 0x03, 0x67, 0x65, 0x10, 0x00, 0xBF, 0xFF, 0xF0, 0x00, 0x00, 0x00, 0x00, 0x00, 0x00,
  0x00, 0x0B, 0xFF, 0xFF, 0x00, 0x00, 0x00, 0x00, 0x00, 0x00, 0x00, 0x00, 0xBF, 0xFF, 0xF0, 0x00,
  0x00, 0x00, 0x00, 0x00, 0x00, 0x00, 0x0B, 0xFF, 0xFF, 0x00, 0x00, 0x00, 0x00, 0x00, 0x00, 0x00,
  0x00, 0xBF, 0xFF, 0xF0, 0x00, 0x00, 0x00, 0x00, 0x00, 0x00, 0x00, 0x0B, 0xFF, 0xFF, 0x00, 0x00,
  0x00, 0x00, 0x00, 0x00, 0x00, 0x00, 0xBF, 0xFF, 0xF0, 0x00, 0x00, 0x00, 0x00, 0x00, 0x00, 0x00,
  0x0B, 0xFF, 0xFF, 0x00, 0x00, 0x00, 0x00, 0x00, 0x00, 0x00, 0x00, 0xBF, 0xFF, 0xF0, 0x00, 0x00,
  0x00, 0x00, 0x00, 0x00, 0x00, 0x0B, 0xFF, 0xFF, 0x00, 0x00, 0x00, 0x00, 0x15, 0x77, 0x51, 0xFF,
  0xFA, 0x00, 0x09, 0xFF, 0xFF, 0xFD, 0xFF, 0xFD, 0x01, 0xDF, 0xFF, 0xFF, 0xFA, 0xFF, 0xFF, 0x0B,
  0xFF, 0xFF, 0xFF, 0xF7, 0xFF, 0xFF, 0x8F, 0xFF, 0xFF, 0xFF, 0xF5, 0xFF, 0xFF, 0xFF, 0xFF, 0xFC,
  0x98, 0x91, 0xFF, 0xFF, 0xFF, 0xFB, 0x20, 0x00, 0x00, 0xFF, 0xFF, 0xFF, 0x90, 0x00, 0x00, 0x00,
  0xFF, 0xFF, 0xFC, 0x00, 0x00, 0x00, 0x00, 0xFF, 0xFF, 0xF3, 0x00, 0x00, 0x00, 0x00, 0xFF, 0xFF,
  0xD0, 0x00, 0x00, 0x00, 0x00, 0xFF, 0xFF, 0xB0, 0x00, 0x00, 0x00, 0x00, 0xFF, 0xFF, 0xB0, 0x00,
  0x00, 0x00, 0x00, 0xFF, 0xFF, 0xB0, 0x00, 0x00, 0x00, 0x00, 0xFF, 0xFF, 0xB0, 0x00, 0x00, 0x00,
  0x00, 0xFF, 0xFF, 0xB0, 0x00, 0x00, 0x00, 0x00, 0xFF, 0xFF, 0xB0, 0x00, 0x00, 0x00, 0x00, 0xFF,
  0xFF, 0xB0, 0x00, 0x00, 0x00, 0x00, 0xFF, 0xFF, 0xB0, 0x00, 0x00, 0x00, 0x00, 0xFF, 0xFF, 0xB0,
  0x00, 0x00, 0x00, 0x00, 0xFF, 0xFF, 0xB0, 0x00, 0x00, 0x00, 0x00, 0xFF, 0xFF, 0xB0, 0x00, 0x00,
  0x00, 0x00, 0xFF, 0xFF, 0xB0, 0x00, 0x00, 0x00, 0x00, 0xFF, 0xFF, 0xB0, 0x00, 0x00, 0x00, 0x00,
  0xFF, 0xFF, 0xB0, 0x00, 0x00, 0x00, 0x00, 0xFF, 0xFF, 0xB0, 0x00, 0x00, 0x00, 0x00, 0x00, 0x00,
  0x00, 0x00, 0x35, 0x77, 0x65, 0x20, 0x00, 0x00, 0x00, 0x00, 0x00, 0x3A, 0xFF, 0xFF, 0xFF, 0xFF,
  0xE9, 0x20, 0x00, 0x00, 0x00, 0x9F, 0xFF, 0xFF, 0xFF, 0xFF, 0xFF, 0xFF, 0xB2, 0x00, 0x00, 0xAF,
  0xFF, 0xFF, 0xFF, 0xFF, 0xFF, 0xFF, 0xFF, 0xF3, 0x00, 0x6F, 0xFF, 0xFF, 0xB6, 0x54, 0x57, 0xAF,
  0xFF, 0xFB, 0x00, 0x0C, 0xFF, 0xFF, 0x50, 0x00, 0x00, 0x00, 0x06, 0xED, 0x00, 0x00, 0xFF, 0xFF,
  0xC0, 0x00, 0x00, 0x00, 0x00, 0x00, 0x10, 0x00, 0x0F, 0xFF, 0xFB, 0x00, 0x00, 0x00, 0x00, 0x00,
  0x00, 0x00, 0x00, 0xFF, 0xFF, 0xF1, 0x00, 0x00, 0x00, 0x00, 0x00, 0x00, 0x00, 0x0C, 0xFF, 0xFF,
  0xC2, 0x00, 0x00, 0x00, 0x00, 0x00, 0x00, 0x00, 0x5F, 0xFF, 0xFF, 0xF9, 0x30, 0x00, 0x00, 0x00,
  0x00, 0x00, 0x00, 0x9F, 0xFF, 0xFF, 0xFF, 0xD8, 0x30, 0x00, 0x00, 0x00, 0x00, 0x00, 0x6F, 0xFF,
  0xFF, 0xFF, 0xFF, 0xD7, 0x10, 0x00, 0x00, 0x00, 0x00, 0x18, 0xEF, 0xFF, 0xFF, 0xFF, 0xFF, 0x80,
  0x00, 0x00, 0x00, 0x00, 0x00, 0x5A, 0xFF, 0xFF, 0xFF, 0xFF, 0xD1, 0x00, 0x00, 0x00, 0x00, 0x00,
  0x00, 0x5B, 0xFF, 0xFF, 0xFF, 0xD0, 0x00, 0x00, 0x00, 0x00, 0x00, 0x00, 0x02, 0xAF, 0xFF, 0xFF,
  0x50, 0x00, 0x00, 0x00, 0x00, 0x00, 0x00, 0x00, 0x9F, 0xFF, 0xF9, 0x00, 0x00, 0x00, 0x00, 0x00,
  0x00, 0x00, 0x02, 0xFF, 0xFF, 0xA0, 0x00, 0x00, 0x00, 0x00, 0x00, 0x00, 0x00, 0x0F, 0xFF, 0xFB,
  0x00, 0x17, 0x00, 0x00, 0x00, 0x00, 0x00, 0x02, 0xFF, 0xFF, 0x90, 0x0C, 0xFD, 0x50, 0x00, 0x00,
  0x00, 0x00, 0xBF, 0xFF, 0xF6, 0x0A, 0xFF, 0xFF, 0xEA, 0x65, 0x44, 0x69, 0xEF, 0xFF, 0xFE, 0x00,
  0x9F, 0xFF, 0xFF, 0xFF, 0xFF, 0xFF, 0xFF, 0xFF, 0xFF, 0x40, 0x00, 0x4C, 0xFF, 0xFF, 0xFF, 0xFF,
  0xFF, 0xFF, 0xFE, 0x30, 0x00, 0x00, 0x04, 0xAE, 0xFF, 0xFF, 0xFF, 0xFF, 0xC6, 0x00, 0x00, 0x00,
  0x00, 0x00, 0x02, 0x56, 0x77, 0x64, 0x10, 0x00, 0x00, 0x00, 0x00, 0x00, 0xFF, 0xFF, 0xB0, 0x00,
  0x00, 0x00, 0x00, 0x0F, 0xFF, 0xFB, 0x00, 0x00, 0x00, 0x00, 0x00, 0xFF, 0xFF, 0xB0, 0x00, 0x00,
  0x00, 0x00, 0x0F, 0xFF, 0xFB, 0x00, 0x00, 0x00, 0x00, 0x00, 0xFF, 0xFF, 0xB0, 0x00, 0x00, 0x00,
  0x00, 0x0F, 0xFF, 0xFB, 0x00, 0x00, 0x00, 0x00, 0x00, 0xFF, 0xFF, 0xB0, 0x00, 0x00, 0x0F, 0xFF,
  0xFF, 0xFF, 0xFF, 0xFF, 0xFF, 0xF0, 0xFF, 0xFF, 0xFF, 0xFF, 0xFF, 0xFF, 0xFF, 0x0F, 0xFF, 0xFF,
  0xFF, 0xFF, 0xFF, 0xFF, 0xF0, 0xCC, 0xCC, 0xFF, 0xFF, 0xEC, 0xCC, 0xCC, 0x00, 0x00, 0x0F, 0xFF,
  0xFB, 0x00, 0x00, 0x00, 0x00, 0x00, 0xFF, 0xFF, 0xB0, 0x00, 0x00, 0x00, 0x00, 0x0F, 0xFF, 0xFB,
  0x00, 0x00, 0x00, 0x00, 0x00, 0xFF, 0xFF, 0xB0, 0x00, 0x00, 0x00, 0x00, 0x0F, 0xFF, 0xFB, 0x00,
  0x00, 0x00, 0x00, 0x00, 0xFF, 0xFF, 0xB0, 0x00, 0x00, 0x00, 0x00, 0x0F, 0xFF, 0xFB, 0x00, 0x00,
  0x00, 0x00, 0x00, 0xFF, 0xFF, 0xB0, 0x00, 0x00, 0x00, 0x00, 0x0F, 0xFF, 0xFB, 0x00, 0x00, 0x00,
  0x00, 0x00, 0xFF, 0xFF, 0xB0, 0x00, 0x00, 0x00, 0x00, 0x0F, 0xFF, 0xFB, 0x00, 0x00, 0x00, 0x00,
  0x00, 0xFF, 0xFF, 0xB0, 0x00, 0x00, 0x00, 0x00, 0x0F, 0xFF, 0xFB, 0x00, 0x00, 0x00, 0x00, 0x00,
  0xFF, 0xFF, 0xB0, 0x00, 0x00, 0x00, 0x00, 0x0F, 0xFF, 0xFB, 0x00, 0x00, 0x00, 0x00, 0x00, 0xFF,
  0xFF, 0xC0, 0x00, 0x00, 0x00, 0x00, 0x0E, 0xFF, 0xFF, 0x10, 0x00, 0x00, 0x00, 0x00, 0xBF, 0xFF,
  0xFD, 0x64, 0x46, 0x10, 0x00, 0x05, 0xFF, 0xFF, 0xFF, 0xFF, 0xF5, 0x00, 0x00, 0x0A, 0xFF, 0xFF,
  0xFF, 0xFF, 0x80, 0x00, 0x00, 0x07, 0xEF, 0xFF, 0xFF, 0xFA, 0x00, 0x00, 0x00, 0x00, 0x46, 0x77,
  0x63, 0x00, 0xFF, 0xFF, 0xB0, 0x00, 0x00, 0x00, 0x00, 0x0B, 0xFF, 0xFF, 0xFF, 0xFF, 0xB0, 0x00,
  0x00, 0x00, 0x00, 0x0B, 0xFF, 0xFF, 0xFF, 0xFF, 0xB0, 0x00, 0x00, 0x00, 0x00, 0x0B, 0xFF, 0xFF,
  0xFF, 0xFF, 0xB0, 0x00, 0x00, 0x00, 0x00, 0x0B, 0xFF, 0xFF, 0xFF, 0xFF, 0xB0, 0x00, 0x00, 0x00,
  0x00, 0x0B, 0xFF, 0xFF, 0xFF, 0xFF, 0xB0, 0x00, 0x00, 0x00, 0x00, 0x0B, 0xFF, 0xFF, 0xFF, 0xFF,
  0xB0, 0x00, 0x00, 0x00, 0x00, 0x0B, 0xFF, 0xFF, 0xFF, 0xFF, 0xB0, 0x00, 0x00, 0x00, 0x00, 0x0B,
  0xFF, 0xFF, 0xFF, 0xFF, 0xB0, 0x00, 0x00, 0x00, 0x00, 0x0B, 0xFF, 0xFF, 0xFF, 0xFF, 0xB0, 0x00,
  0x00, 0x00, 0x00, 0x0B, 0xFF, 0xFF, 0xFF, 0xFF, 0xB0, 0x00, 0x00, 0x00, 0x00, 0x0B, 0xFF, 0xFF,
  0xFF, 0xFF, 0xB0, 0x00, 0x00, 0x00, 0x00, 0x0B, 0xFF, 0xFF, 0xFF, 0xFF, 0xB0, 0x00, 0x00, 0x00,
  0x00, 0x0B, 0xFF, 0xFF, 0xFF, 0xFF, 0xB0, 0x00, 0x00, 0x00, 0x00, 0x0B, 0xFF, 0xFF, 0xFF, 0xFF,
  0xB0, 0x00, 0x00, 0x00, 0x00, 0x0B, 0xFF, 0xFF, 0xFF, 0xFF, 0xB0, 0x00, 0x00, 0x00, 0x00, 0x0B,
  0xFF, 0xFF, 0xFF, 0xFF, 0xB0, 0x00, 0x00, 0x00, 0x00, 0x0B, 0xFF, 0xFF, 0xFF, 0xFF, 0xB0, 0x00,
  0x00, 0x00, 0x00, 0x0B, 0xFF, 0xFF, 0xFF, 0xFF, 0xC0, 0x00, 0x00, 0x00, 0x00, 0x2F, 0xFF, 0xFF,
  0xDF, 0xFF, 0xF0, 0x00, 0x00, 0x00, 0x01, 0xDF, 0xFF, 0xFF, 0x9F, 0xFF, 0xF9, 0x00, 0x00, 0x00,
  0x4E, 0xFF, 0xFF, 0xFF, 0x2F, 0xFF, 0xFF, 0xC6, 0x45, 0x7D, 0xFF, 0xFF, 0xFF, 0xFF, 0x08, 0xFF,
  0xFF, 0xFF, 0xFF, 0xFF, 0xFF, 0xE6, 0xFF, 0xFF, 0x00, 0x9F, 0xFF, 0xFF, 0xFF, 0xFF, 0xFC, 0x22,
  0xFF, 0xFF, 0x00, 0x05, 0xDF, 0xFF, 0xFF, 0xFD, 0x60, 0x00, 0xFF, 0xFF, 0x00, 0x00, 0x02, 0x67,
  0x75, 0x20, 0x00, 0x00, 0x00, 0x00, 0x4F, 0xFF, 0xFA, 0x00, 0x00, 0x00, 0x00, 0x00, 0x00, 0xCF,
  0xFF, 0xE0, 0x0E, 0xFF, 0xFE, 0x00, 0x00, 0x00, 0x00, 0x00, 0x01, 0xFF, 0xFF, 0x90, 0x09, 0xFF,
  0xFF, 0x30, 0x00, 0x00, 0x00, 0x00, 0x06, 0xFF, 0xFF, 0x40, 0x04, 0xFF, 0xFF, 0x80, 0x00, 0x00,
  0x00, 0x00, 0x0B, 0xFF, 0xFE, 0x00, 0x00, 0xEF, 0xFF, 0xD0, 0x00, 0x00, 0x00, 0x00, 0x0F, 0xFF,
  0xF9, 0x00, 0x00, 0x9F, 0xFF, 0xF2, 0x00, 0x00, 0x00, 0x00, 0x5F, 0xFF, 0xF4, 0x00, 0x00, 0x4F,
  0xFF, 0xF7, 0x00, 0x00, 0x00, 0x00, 0xAF, 0xFF, 0xE0, 0x00, 0x00, 0x0E, 0xFF, 0xFC, 0x00, 0x00,
  0x00, 0x00, 0xEF, 0xFF, 0x90, 0x00, 0x00, 0x09, 0xFF, 0xFF, 0x10, 0x00, 0x00, 0x03, 0xFF, 0xFF,
  0x40, 0x00, 0x00, 0x04, 0xFF, 0xFF, 0x60, 0x00, 0x00, 0x08, 0xFF, 0xFE, 0x00, 0x00, 0x00, 0x00,
  0xEF, 0xFF, 0xA0, 0x00, 0x00, 0x0D, 0xFF, 0xF9, 0x00, 0x00, 0x00, 0x00, 0x9F, 0xFF, 0xF0, 0x00,
  0x00, 0x2F, 0xFF, 0xF3, 0x00, 0x00, 0x00, 0x00, 0x3F, 0xFF, 0xF4, 0x00, 0x00, 0x7F, 0xFF, 0xE0,
  0x00, 0x00, 0x00, 0x00, 0x0E, 0xFF, 0xF9, 0x00, 0x00, 0xCF, 0xFF, 0x90, 0x00, 0x00, 0x00, 0x00,
  0x09, 0xFF, 0xFE, 0x00, 0x01, 0xFF, 0xFF, 0x30, 0x00, 0x00, 0x00, 0x00, 0x03, 0xFF, 0xFF, 0x30,
  0x05, 0xFF, 0xFE, 0x00, 0x00, 0x00, 0x00, 0x00, 0x00, 0xEF, 0xFF, 0x80, 0x0A, 0xFF, 0xF8, 0x00,
  0x00, 0x00, 0x00, 0x00, 0x00, 0x8F, 0xFF, 0xD0, 0x0F, 0xFF, 0xF3, 0x00, 0x00, 0x00, 0x00, 0x00,
  0x00, 0x3F, 0xFF, 0xF1, 0x4F, 0xFF, 0xE0, 0x00, 0x00, 0x00, 0x00, 0x00, 0x00, 0x0E, 0xFF, 0xF6,
  0x9F, 0xFF, 0x80, 0x00, 0x00, 0x00, 0x00, 0x00, 0x00, 0x08, 0xFF, 0xFB, 0xEF, 0xFF, 0x30, 0x00,
  0x00, 0x00, 0x00, 0x00, 0x00, 0x03, 0xFF, 0xFF, 0xFF, 0xFE, 0x00, 0x00, 0x00, 0x00, 0x00, 0x00,
  0x00, 0x00, 0xDF, 0xFF, 0xFF, 0xF8, 0x00, 0x00, 0x00, 0x00, 0x00, 0x00, 0x00, 0x00, 0x8F, 0xFF,
  0xFF, 0xF3, 0x00, 0x00, 0x00, 0x00, 0x00, 0x00, 0x00, 0x00, 0x3F, 0xFF, 0xFF, 0xD0, 0x00, 0x00,
  0x00, 0x00, 0xDF, 0xFF, 0xE0, 0x00, 0x00, 0x00, 0x03, 0xFF, 0xFF, 0xFC, 0x00, 0x00, 0x00, 0x00,
  0x8F, 0xFF, 0xF2, 0x9F, 0xFF, 0xF1, 0x00, 0x00, 0x00, 0x07, 0xFF, 0xFF, 0xFF, 0x00, 0x00, 0x00,
  0x00, 0xBF, 0xFF, 0xF0, 0x6F, 0xFF, 0xF4, 0x00, 0x00, 0x00, 0x0B, 0xFF, 0xFF, 0xFF, 0x40, 0x00,
  0x00, 0x00, 0xEF, 0xFF, 0xB0, 0x2F, 0xFF, 0xF8, 0x00, 0x00, 0x00, 0x0E, 0xFF, 0xFF, 0xFF, 0x70,
  0x00, 0x00, 0x01, 0xFF, 0xFF, 0x80, 0x0E, 0xFF, 0xFB, 0x00, 0x00, 0x00, 0x2F, 0xFF, 0xCF, 0xFF,
  0xB0, 0x00, 0x00, 0x04, 0xFF, 0xFF, 0x40, 0x0B, 0xFF, 0xFE, 0x00, 0x00, 0x00, 0x6F, 0xFF, 0x6E,
  0xFF, 0xF0, 0x00, 0x00, 0x07, 0xFF, 0xFF, 0x10, 0x07, 0xFF, 0xFF, 0x10, 0x00, 0x00, 0x9F, 0xFF,
  0x2A, 0xFF, 0xF3, 0x00, 0x00, 0x0A, 0xFF, 0xFD, 0x00, 0x03, 0xFF, 0xFF, 0x40, 0x00, 0x00, 0xDF,
  0xFE, 0x07, 0xFF, 0xF6, 0x00, 0x00, 0x0D, 0xFF, 0xFA, 0x00, 0x00, 0xFF, 0xFF, 0x80, 0x00, 0x01,
  0xFF, 0xFA, 0x03, 0xFF, 0xFA, 0x00, 0x00, 0x0F, 0xFF, 0xF6, 0x00, 0x00, 0xCF, 0xFF, 0xB0, 0x00,
  0x05, 0xFF, 0xF7, 0x00, 0xFF, 0xFE, 0x00, 0x00, 0x3F, 0xFF, 0xF2, 0x00, 0x00, 0x9F, 0xFF, 0xE0,
  0x00, 0x08, 0xFF, 0xF3, 0x00, 0xCF, 0xFF, 0x20, 0x00, 0x6F, 0xFF, 0xF0, 0x00, 0x00, 0x5F, 0xFF,
  0xF1, 0x00, 0x0C, 0xFF, 0xF0, 0x00, 0x8F, 0xFF, 0x50, 0x00, 0x9F, 0xFF, 0xB0, 0x00, 0x00, 0x1F,
  0xFF, 0xF4, 0x00, 0x0F, 0xFF, 0xB0, 0x00, 0x5F, 0xFF, 0x90, 0x00, 0xCF, 0xFF, 0x80, 0x00, 0x00,
  0x0E, 0xFF, 0xF7, 0x00, 0x4F, 0xFF, 0x80, 0x00, 0x1F, 0xFF, 0xD0, 0x00, 0xFF, 0xFF, 0x40, 0x00,
  0x00, 0x0A, 0xFF, 0xFB, 0x00, 0x7F, 0xFF, 0x40, 0x00, 0x0E, 0xFF, 0xF1, 0x02, 0xFF, 0xFF, 0x10,
  0x00, 0x00, 0x07, 0xFF, 0xFE, 0x00, 0xBF, 0xFF, 0x00, 0x00, 0x0A, 0xFF, 0xF4, 0x05, 0xFF, 0xFD,
  0x00, 0x00, 0x00, 0x03, 0xFF, 0xFF, 0x10, 0xFF, 0xFC, 0x00, 0x00, 0x06, 0xFF, 0xF8, 0x08, 0xFF,
  0xFA, 0x00, 0x00, 0x00, 0x00, 0xFF, 0xFF, 0x42, 0xFF, 0xF9, 0x00, 0x00, 0x03, 0xFF, 0xFC, 0x0B,
  0xFF, 0xF6, 0x00, 0x00, 0x00, 0x00, 0xCF, 0xFF, 0x76, 0xFF, 0xF5, 0x00, 0x00, 0x00, 0xFF, 0xFF,
  0x0E, 0xFF, 0xF3, 0x00, 0x00, 0x00, 0x00, 0x8F, 0xFF, 0xBA, 0xFF, 0xF1, 0x00, 0x00, 0x00, 0xBF,
  0xFF, 0x5F, 0xFF, 0xF0, 0x00, 0x00, 0x00, 0x00, 0x5F, 0xFF, 0xEE, 0xFF, 0xD0, 0x00, 0x00, 0x00,
  0x8F, 0xFF, 0xCF, 0xFF, 0xB0, 0x00, 0x00, 0x00, 0x00, 0x1F, 0xFF, 0xFF, 0xFF, 0xA0, 0x00, 0x00,
  0x00, 0x4F, 0xFF, 0xFF, 0xFF, 0x80, 0x00, 0x00, 0x00, 0x00, 0x0D, 0xFF, 0xFF, 0xFF, 0x60, 0x00,
  0x00, 0x00, 0x1F, 0xFF, 0xFF, 0xFF, 0x40, 0x00, 0x00, 0x00, 0x00, 0x0A, 0xFF, 0xFF, 0xFF, 0x20,
  0x00, 0x00, 0x00, 0x0D, 0xFF, 0xFF, 0xFF, 0x10, 0x00, 0x00, 0x00, 0x00, 0x06, 0xFF, 0xFF, 0xFE,
  0x00, 0x00, 0x00, 0x00, 0x09, 0xFF, 0xFF, 0xFD, 0x00, 0x00, 0x00, 0x1F, 0xFF, 0xFF, 0x20, 0x00,
  0x00, 0x00, 0x00, 0x0E, 0xFF, 0xFF, 0x10, 0x6F, 0xFF, 0xFB, 0x00, 0x00, 0x00, 0x00, 0x08, 0xFF,
  0xFF, 0x60, 0x00, 0xCF, 0xFF, 0xF4, 0x00, 0x00, 0x00, 0x02, 0xFF, 0xFF, 0xC0, 0x00, 0x02, 0xFF,
  0xFF, 0xD0, 0x00, 0x00, 0x00, 0xBF, 0xFF, 0xF2, 0x00, 0x00, 0x08, 0xFF, 0xFF, 0x60, 0x00, 0x00,
  0x4F, 0xFF, 0xF7, 0x00, 0x00, 0x00, 0x0D, 0xFF, 0xFE, 0x10, 0x00, 0x0D, 0xFF, 0xFD, 0x00, 0x00,
  0x00, 0x00, 0x4F, 0xFF, 0xF9, 0x00, 0x07, 0xFF, 0xFF, 0x30, 0x00, 0x00, 0x00, 0x00, 0xAF, 0xFF,
  0xF2, 0x01, 0xFF, 0xFF, 0x90, 0x00, 0x00, 0x00, 0x00, 0x01, 0xEF, 0xFF, 0xB0, 0xAF, 0xFF, 0xE0,
  0x00, 0x00, 0x00, 0x00, 0x00, 0x06, 0xFF, 0xFF, 0x8F, 0xFF, 0xF5, 0x00, 0x00, 0x00, 0x00, 0x00,
  0x00, 0x0C, 0xFF, 0xFF, 0xFF, 0xFB, 0x00, 0x00, 0x00, 0x00, 0x00, 0x00, 0x00, 0x2F, 0xFF, 0xFF,
  0xFF, 0x10, 0x00, 0x00, 0x00, 0x00, 0x00, 0x00, 0x00, 0xAF, 0xFF, 0xFF, 0xA0, 0x00, 0x00, 0x00,
  0x00, 0x00, 0x00, 0x00, 0x2F, 0xFF, 0xFF, 0xFF, 0x30, 0x00, 0x00, 0x00, 0x00, 0x00, 0x00, 0x0C,
  0xFF, 0xFF, 0xFF, 0xFC, 0x00, 0x00, 0x00, 0x00, 0x00, 0x00, 0x07, 0xFF, 0xFF, 0xAF, 0xFF, 0xF7,
  0x00, 0x00, 0x00, 0x00, 0x00, 0x02, 0xFF, 0xFF, 0xB0, 0xBF, 0xFF, 0xF2, 0x00, 0x00, 0x00, 0x00,
  0x00, 0xCF, 0xFF, 0xF2, 0x02, 0xFF, 0xFF, 0xC0, 0x00, 0x00, 0x00, 0x00, 0x6F, 0xFF, 0xF7, 0x00,
  0x08, 0xFF, 0xFF, 0x70, 0x00, 0x00, 0x00, 0x1F, 0xFF, 0xFC, 0x00, 0x00, 0x0E, 0xFF, 0xFF, 0x20,
  0x00, 0x00, 0x0B, 0xFF, 0xFF, 0x30, 0x00, 0x00, 0x5F, 0xFF, 0xFB, 0x00, 0x00, 0x06, 0xFF, 0xFF,
  0x80, 0x00, 0x00, 0x00, 0xBF, 0xFF, 0xF6, 0x00, 0x01, 0xFF, 0xFF, 0xE0, 0x00, 0x00, 0x00, 0x02,
  0xFF, 0xFF, 0xF1, 0x00, 0xBF, 0xFF, 0xF4, 0x00, 0x00, 0x00, 0x00, 0x07, 0xFF, 0xFF, 0xB0, 0x5F,
  0xFF, 0xFA, 0x00, 0x00, 0x00, 0x00, 0x00, 0x0D, 0xFF, 0xFF, 0x50, 0x4F, 0xFF, 0xFA, 0x00, 0x00,
  0x00, 0x00, 0x00, 0x01, 0xFF, 0xFF, 0xA0, 0xFF, 0xFF, 0xE0, 0x00, 0x00, 0x00, 0x00, 0x00, 0x5F,
  0xFF, 0xF5, 0x0A, 0xFF, 0xFF, 0x30, 0x00, 0x00, 0x00, 0x00, 0x0A, 0xFF, 0xFF, 0x00, 0x4F, 0xFF,
  0xF8, 0x00, 0x00, 0x00, 0x00, 0x00, 0xEF, 0xFF, 0xB0, 0x00, 0xFF, 0xFF, 0xD0, 0x00, 0x00, 0x00,
  0x00, 0x3F, 0xFF, 0xF6, 0x00, 0x0A, 0xFF, 0xFF, 0x20, 0x00, 0x00, 0x00, 0x07, 0xFF, 0xFF, 0x10,
  0x00, 0x5F, 0xFF, 0xF7, 0x00, 0x00, 0x00, 0x00, 0xCF, 0xFF, 0xC0, 0x00, 0x00, 0xFF, 0xFF, 0xC0,
  0x00, 0x00, 0x00, 0x0F, 0xFF, 0xF7, 0x00, 0x00, 0x0A, 0xFF, 0xFF, 0x10, 0x00, 0x00, 0x05, 0xFF,
  0xFF, 0x20, 0x00, 0x00, 0x5F, 0xFF, 0xF5, 0x00, 0x00, 0x00, 0x9F, 0xFF, 0xE0, 0x00, 0x00, 0x00,
  0xFF, 0xFF, 0xA0, 0x00, 0x00, 0x0E, 0xFF, 0xF9, 0x00, 0x00, 0x00, 0x0B, 0xFF, 0xFF, 0x00, 0x00,
  0x02, 0xFF, 0xFF, 0x40, 0x00, 0x00, 0x00, 0x5F, 0xFF, 0xF4, 0x00, 0x00, 0x7F, 0xFF, 0xF0, 0x00,
  0x00, 0x00, 0x00, 0xFF, 0xFF, 0x90, 0x00, 0x0B, 0xFF, 0xFA, 0x00, 0x00, 0x00, 0x00, 0x0B, 0xFF,
  0xFE, 0x00, 0x00, 0xFF, 0xFF, 0x50, 0x00, 0x00, 0x00, 0x00, 0x6F, 0xFF, 0xF3, 0x00, 0x4F, 0xFF,
  0xF1, 0x00, 0x00, 0x00, 0x00, 0x01, 0xFF, 0xFF, 0x70, 0x09, 0xFF, 0xFB, 0x00, 0x00, 0x00, 0x00,
  0x00, 0x0B, 0xFF, 0xFC, 0x00, 0xDF, 0xFF, 0x60, 0x00, 0x00, 0x00, 0x00, 0x00, 0x6F, 0xFF, 0xF1,
  0x2F, 0xFF, 0xF2, 0x00, 0x00, 0x00, 0x00, 0x00, 0x01, 0xFF, 0xFF, 0x66, 0xFF, 0xFD, 0x00, 0x00,
  0x00, 0x00, 0x00, 0x00, 0x0B, 0xFF, 0xFB, 0xBF, 0xFF, 0x80, 0x00, 0x00, 0x00, 0x00, 0x00, 0x00,
  0x6F, 0xFF, 0xFF, 0xFF, 0xF3, 0x00, 0x00, 0x00, 0x00, 0x00, 0x00, 0x01, 0xFF, 0xFF, 0xFF, 0xFE,
  0x00, 0x00, 0x00, 0x00, 0x00, 0x00, 0x00, 0x0C, 0xFF, 0xFF, 0xFF, 0x90, 0x00, 0x00, 0x00, 0x00,
  0x00, 0x00, 0x00, 0x6F, 0xFF, 0xFF, 0xF4, 0x00, 0x00, 0x00, 0x00, 0x00, 0x00, 0x00, 0x00, 0x04,
  0xFF, 0xFF, 0x00, 0x00, 0x00, 0x00, 0x00, 0x00, 0x00, 0x00, 0x00, 0x8F, 0xFF, 0xA0, 0x00, 0x00,
  0x00, 0x00, 0x00, 0x00, 0x00, 0x00, 0x0D, 0xFF, 0xF6, 0x00, 0x00, 0x00, 0x00, 0x00, 0x00, 0x00,
  0x00, 0x02, 0xFF, 0xFF, 0x10, 0x00, 0x00, 0x00, 0x00, 0x00, 0x00, 0x00, 0x00, 0x8F, 0xFF, 0xB0,
  0x00, 0x00, 0x00, 0x00, 0x00, 0x00, 0x00, 0x00, 0x3F, 0xFF, 0xF5, 0x00, 0x00, 0x00, 0x00, 0x00,
  0x00, 0x65, 0x45, 0x9F, 0xFF, 0xFD, 0x00, 0x00, 0x00, 0x00, 0x00, 0x00, 0x0F, 0xFF, 0xFF, 0xFF,
  0xFF, 0x40, 0x00, 0x00, 0x00, 0x00, 0x00, 0x03, 0xFF, 0xFF, 0xFF, 0xFF, 0x60, 0x00, 0x00, 0x00,
  0x00, 0x00, 0x00, 0x5F, 0xFF, 0xFF, 0xFC, 0x30, 0x00, 0x00, 0x00, 0x00, 0x00, 0x00, 0x00, 0x36,
  0x77, 0x52, 0x00, 0x00, 0x00, 0x00, 0x00, 0x00, 0x00, 0x0F, 0xFF, 0xFF, 0xFF, 0xFF, 0xFF, 0xFF,
  0xFF, 0xFF, 0x0F, 0xFF, 0xFF, 0xFF, 0xFF, 0xFF, 0xFF, 0xFF, 0xFF, 0x0F, 0xFF, 0xFF, 0xFF, 0xFF,
  0xFF, 0xFF, 0xFF, 0xFF, 0x0C, 0xCC, 0xCC, 0xCC, 0xCC, 0xCC, 0xCF, 0xFF, 0xFE, 0x00, 0x00, 0x00,
  0x00, 0x00, 0x00, 0xAF, 0xFF, 0xF4, 0x00, 0x00, 0x00, 0x00, 0x00, 0x05, 0xFF, 0xFF, 0x80, 0x00,
  0x00, 0x00, 0x00, 0x00, 0x2F, 0xFF, 0xFD, 0x00, 0x00, 0x00, 0x00, 0x00, 0x00, 0xCF, 0xFF, 0xF2,
  0x00, 0x00, 0x00, 0x00, 0x00, 0x08, 0xFF, 0xFF, 0x60, 0x00, 0x00, 0x00, 0x00, 0x00, 0x4F, 0xFF,
  0xFB, 0x00, 0x00, 0x00, 0x00, 0x00, 0x01, 0xEF, 0xFF, 0xE1, 0x00, 0x00, 0x00, 0x00, 0x00, 0x0B,
  0xFF, 0xFF, 0x50, 0x00, 0x00, 0x00, 0x00, 0x00, 0x7F, 0xFF, 0xFA, 0x00, 0x00, 0x00, 0x00, 0x00,
  0x03, 0xFF, 0xFF, 0xD0, 0x00, 0x00, 0x00, 0x00, 0x00, 0x0D, 0xFF, 0xFF, 0x30, 0x00, 0x00, 0x00,
  0x00, 0x00, 0xAF, 0xFF, 0xF8, 0x00, 0x00, 0x00, 0x00, 0x00, 0x06, 0xFF, 0xFF, 0xC0, 0x00, 0x00,
  0x00, 0x00, 0x00, 0x2F, 0xFF, 0xFF, 0x20, 0x00, 0x00, 0x00, 0x00, 0x00, 0xCF, 0xFF, 0xF6, 0x00,
  0x00, 0x00, 0x00, 0x00, 0x08, 0xFF, 0xFF, 0xB0, 0x00, 0x00, 0x00, 0x00, 0x00, 0x4F, 0xFF, 0xFE,
  0x10, 0x00, 0x00, 0x00, 0x00, 0x00, 0xEF, 0xFF, 0xFE, 0xCC, 0xCC, 0xCC, 0xCC, 0xCC, 0xCC, 0xFF,
  0xFF, 0xFF, 0xFF, 0xFF, 0xFF, 0xFF, 0xFF, 0xFF, 0xFF, 0xFF, 0xFF, 0xFF, 0xFF, 0xFF, 0xFF, 0xFF,
  0xFF, 0xFF, 0xFF, 0xFF, 0xFF, 0xFF, 0xFF, 0xFF, 0xFF, 0xFF, 0x00, 0x00, 0x00, 0x00, 0x00, 0x37,
  0xAC, 0x00, 0x00, 0x00, 0x00, 0x06, 0xDF, 0xFF, 0xF1, 0x00, 0x00, 0x00, 0x1C, 0xFF, 0xFF, 0xFF,
  0x40, 0x00, 0x00, 0x0C, 0xFF, 0xFF, 0xFF, 0xD4, 0x00, 0x00, 0x05, 0xFF, 0xFF, 0xFB, 0x20, 0x00,
  0x00, 0x00, 0xBF, 0xFF, 0xF9, 0x00, 0x00, 0x00, 0x00, 0x0E, 0xFF, 0xFF, 0x00, 0x00, 0x00, 0x00,
  0x00, 0xFF, 0xFF, 0xB0, 0x00, 0x00, 0x00, 0x00, 0x0F, 0xFF, 0xFB, 0x00, 0x00, 0x00, 0x00, 0x00,
  0xFF, 0xFF, 0xB0, 0x00, 0x00, 0x00, 0x00, 0x0F, 0xFF, 0xFB, 0x00, 0x00, 0x00, 0x00, 0x00, 0xFF,
  0xFF, 0xB0, 0x00, 0x00, 0x00, 0x00, 0x0F, 0xFF, 0xFB, 0x00, 0x00, 0x00, 0x00, 0x00, 0xFF, 0xFF,
  0xB0, 0x00, 0x00, 0x00, 0x00, 0x0F, 0xFF, 0xFB, 0x00, 0x00, 0x00, 0x00, 0x00, 0xFF, 0xFF, 0xB0,
  0x00, 0x00, 0x00, 0x00, 0x0F, 0xFF, 0xFB, 0x00, 0x00, 0x00, 0x00, 0x00, 0xFF, 0xFF, 0xA0, 0x00,
  0x00, 0x00, 0x00, 0x2F, 0xFF, 0xF9, 0x00, 0x00, 0x00, 0x00, 0x09, 0xFF, 0xFF, 0x40, 0x00, 0x00,
  0x00, 0x18, 0xFF, 0xFF, 0xB0, 0x00, 0x00, 0x0C, 0xDF, 0xFF, 0xFF, 0xC1, 0x00, 0x00, 0x00, 0xFF,
  0xFF, 0xFC, 0x60, 0x00, 0x00, 0x00, 0x0F, 0xFF, 0xFC, 0x71, 0x00, 0x00, 0x00, 0x00, 0xFF, 0xFF,
  0xFF, 0xF7, 0x00, 0x00, 0x00, 0x00, 0x15, 0xCF, 0xFF, 0xF8, 0x00, 0x00, 0x00, 0x00, 0x00, 0xBF,
  0xFF, 0xF2, 0x00, 0x00, 0x00, 0x00, 0x03, 0xFF, 0xFF, 0x80, 0x00, 0x00, 0x00, 0x00, 0x0F, 0xFF,
  0xFA, 0x00, 0x00, 0x00, 0x00, 0x00, 0xFF, 0xFF, 0xB0, 0x00, 0x00, 0x00, 0x00, 0x0F, 0xFF, 0xFB,
  0x00, 0x00, 0x00, 0x00, 0x00, 0xFF, 0xFF, 0xB0, 0x00, 0x00, 0x00, 0x00, 0x0F, 0xFF, 0xFB, 0x00,
  0x00, 0x00, 0x00, 0x00, 0xFF, 0xFF, 0xB0, 0x00, 0x00, 0x00, 0x00, 0x0F, 0xFF, 0xFB, 0x00, 0x00,
  0x00, 0x00, 0x00, 0xFF, 0xFF, 0xB0, 0x00, 0x00, 0x00, 0x00, 0x0F, 0xFF, 0xFB, 0x00, 0x00, 0x00,
  0x00, 0x00, 0xFF, 0xFF, 0xB0, 0x00, 0x00, 0x00, 0x00, 0x0F, 0xFF, 0xFB, 0x00, 0x00, 0x00, 0x00,
  0x00, 0xEF, 0xFF, 0xE0, 0x00, 0x00, 0x00, 0x00, 0x0C, 0xFF, 0xFF, 0x50, 0x00, 0x00, 0x00, 0x00,
  0x7F, 0xFF, 0xFF, 0x60, 0x00, 0x00, 0x00, 0x01, 0xEF, 0xFF, 0xFF, 0xD8, 0x20, 0x00, 0x00, 0x03,
  0xFF, 0xFF, 0xFF, 0xF5, 0x00, 0x00, 0x00, 0x02, 0xBF, 0xFF, 0xFF, 0x20, 0x00, 0x00, 0x00, 0x00,
  0x28, 0xCF, 0xF0, 0x00, 0x00, 0x00, 0x00, 0x00, 0x00, 0x01, 0x00, 0xFF, 0xFF, 0xBF, 0xFF, 0xFB,
  0xFF, 0xFF, 0xBF, 0xFF, 0xFB, 0xFF, 0xFF, 0xBF, 0xFF, 0xFB, 0xFF, 0xFF, 0xBF, 0xFF, 0xFB, 0xFF,
  0xFF, 0xBF, 0xFF, 0xFB, 0xFF, 0xFF, 0xBF, 0xFF, 0xFB, 0xFF, 0xFF, 0xBF, 0xFF, 0xFB, 0xFF, 0xFF,
  0xBF, 0xFF, 0xFB, 0xFF, 0xFF, 0xBF, 0xFF, 0xFB, 0xFF, 0xFF, 0xBF, 0xFF, 0xFB, 0xFF, 0xFF, 0xBF,
  0xFF, 0xFB, 0xFF, 0xFF, 0xBF, 0xFF, 0xFB, 0xFF, 0xFF, 0xBF, 0xFF, 0xFB, 0xFF, 0xFF, 0xBF, 0xFF,
  0xFB, 0xFF, 0xFF, 0xBF, 0xFF, 0xFB, 0xFF, 0xFF, 0xBF, 0xFF, 0xFB, 0xFF, 0xFF, 0xBF, 0xFF, 0xFB,
  0xFF, 0xFF, 0xBF, 0xFF, 0xFB, 0xFF, 0xFF, 0xBF, 0xFF, 0xFB, 0xFF, 0xFF, 0xB0, 0x2C, 0xA6, 0x20,
  0x00, 0x00, 0x00, 0x00, 0x05, 0xFF, 0xFF, 0xB3, 0x00, 0x00, 0x00, 0x00, 0x8F, 0xFF, 0xFF, 0xF8,
  0x00, 0x00, 0x00, 0x07, 0xEF, 0xFF, 0xFF, 0xF7, 0x00, 0x00, 0x00, 0x00, 0x4D, 0xFF, 0xFF, 0xF1,
  0x00, 0x00, 0x00, 0x00, 0x0D, 0xFF, 0xFF, 0x60, 0x00, 0x00, 0x00, 0x00, 0x4F, 0xFF, 0xF9, 0x00,
  0x00, 0x00, 0x00, 0x00, 0xFF, 0xFF, 0xA0, 0x00, 0x00, 0x00, 0x00, 0x0F, 0xFF, 0xFB, 0x00, 0x00,
  0x00, 0x00, 0x00, 0xFF, 0xFF, 0xB0, 0x00, 0x00, 0x00, 0x00, 0x0F, 0xFF, 0xFB, 0x00, 0x00, 0x00,
  0x00, 0x00, 0xFF, 0xFF, 0xB0, 0x00, 0x00, 0x00, 0x00, 0x0F, 0xFF, 0xFB, 0x00, 0x00, 0x00, 0x00,
  0x00, 0xFF, 0xFF, 0xB0, 0x00, 0x00, 0x00, 0x00, 0x0F, 0xFF, 0xFB, 0x00, 0x00, 0x00, 0x00, 0x00,
  0xFF, 0xFF, 0xB0, 0x00, 0x00, 0x00, 0x00, 0x0F, 0xFF, 0xFB, 0x00, 0x00, 0x00, 0x00, 0x00, 0xFF,
  0xFF, 0xB0, 0x00, 0x00, 0x00, 0x00, 0x0D, 0xFF, 0xFD, 0x00, 0x00, 0x00, 0x00, 0x00, 0x9F, 0xFF,
  0xF4, 0x00, 0x00, 0x00, 0x00, 0x01, 0xFF, 0xFF, 0xE5, 0x00, 0x00, 0x00, 0x00, 0x03, 0xEF, 0xFF,
  0xFF, 0xC6, 0x00, 0x00, 0x00, 0x01, 0x8D, 0xFF, 0xFF, 0x80, 0x00, 0x00, 0x00, 0x03, 0x9D, 0xFF,
  0xF8, 0x00, 0x00, 0x00, 0x1B, 0xFF, 0xFF, 0xFF, 0x80, 0x00, 0x00, 0x0C, 0xFF, 0xFF, 0x93, 0x00,
  0x00, 0x00, 0x07, 0xFF, 0xFF, 0x60, 0x00, 0x00, 0x00, 0x00, 0xCF, 0xFF, 0xE0, 0x00, 0x00, 0x00,
  0x00, 0x0F, 0xFF, 0xFB, 0x00, 0x00, 0x00, 0x00, 0x00, 0xFF, 0xFF, 0xB0, 0x00, 0x00, 0x00, 0x00,
  0x0F, 0xFF, 0xFB, 0x00, 0x00, 0x00, 0x00, 0x00, 0xFF, 0xFF, 0xB0, 0x00, 0x00, 0x00, 0x00, 0x0F,
  0xFF, 0xFB, 0x00, 0x00, 0x00, 0x00, 0x00, 0xFF, 0xFF, 0xB0, 0x00, 0x00, 0x00, 0x00, 0x0F, 0xFF,
  0xFB, 0x00, 0x00, 0x00, 0x00, 0x00, 0xFF, 0xFF, 0xB0, 0x00, 0x00, 0x00, 0x00, 0x0F, 0xFF, 0xFB,
  0x00, 0x00, 0x00, 0x00, 0x00, 0xFF, 0xFF, 0xB0, 0x00, 0x00, 0x00, 0x00, 0x0F, 0xFF, 0xFB, 0x00,
  0x00, 0x00, 0x00, 0x02, 0xFF, 0xFF, 0x90, 0x00, 0x00, 0x00, 0x00, 0xAF, 0xFF, 0xF7, 0x00, 0x00,
  0x00, 0x00, 0x9F, 0xFF, 0xFF, 0x20, 0x00, 0x00, 0x39, 0xEF, 0xFF, 0xFF, 0xA0, 0x00, 0x00, 0x09,
  0xFF, 0xFF, 0xFF, 0xC1, 0x00, 0x00, 0x00, 0x6F, 0xFF, 0xFF, 0x80, 0x00, 0x00, 0x00, 0x03, 0xFE,
  0xB6, 0x10, 0x00, 0x00, 0x00, 0x00, 0x01, 0x00, 0x00, 0x00, 0x00, 0x00, 0x00, 0x00, 0x00, 0x00,
  0x6A, 0xBA, 0x50, 0x00, 0x00, 0x00, 0x00, 0x00, 0x00, 0x02, 0xDF, 0xFF, 0xFF, 0xD4, 0x00, 0x00,
  0x02, 0xE8, 0x10, 0x01, 0xEF, 0xFF, 0xFF, 0xFF, 0xFA, 0x10, 0x03, 0xEF, 0xFC, 0x00, 0xCF, 0xFF,
  0xFF, 0xFF, 0xFF, 0xFF, 0xCD, 0xFF, 0xFF, 0x40, 0x6F, 0xFF, 0xC3, 0x03, 0xBF, 0xFF, 0xFF, 0xFF,
  0xFF, 0x90, 0x05, 0xEF, 0xB0, 0x00, 0x00, 0x6F, 0xFF, 0xFF, 0xFF, 0xA0, 0x00, 0x00, 0x61, 0x00,
  0x00, 0x00, 0x18, 0xDF, 0xFC, 0x50, 0x00, 0x00
};

static const AAGlyph ArtifaktMedium24AAGlyphs[] PROGMEM = {
  {      0,  0,  0, 12,   0,   0 },  // ' '
  {      0,  6, 35, 14,   4, -34 },  // '!'
  {    105, 13, 12, 19,   3, -34 },  // '"'
  {    183, 27, 35, 28,   1, -34 },  // '#'
  {    656, 24, 41, 27,   1, -36 },  // '$'
  {   1148, 37, 39, 43,   3, -37 },  // '%'
  {   1870, 31, 36, 33,   2, -35 },  // '&'
  {   2428,  4, 12, 10,   3, -34 },  // 0x27
  {   2452, 12, 48, 19,   4, -37 },  // '('
  {   2740, 12, 48, 18,   3, -37 },  // ')'
  {   3028, 20, 19, 21,   0, -36 },  // '*'
  {   3218, 18, 18, 28,   5, -25 },  // '+'
  {   3380,  8, 15, 13,   2,  -6 },  // ','
  {   3440, 14,  4, 20,   3, -19 },  // '-'
  {   3468,  6,  8, 12,   3,  -7 },  // '.'
  {   3492, 21, 45, 19,  -1, -37 },  // '/'
  {   3965, 23, 36, 29,   3, -35 },  // '0'
  {   4379, 18, 34, 22,   2, -34 },  // '1'
  {   4685, 22, 35, 25,   1, -35 },  // '2'
  {   5070, 24, 36, 27,   0, -35 },  // '3'
  {   5502, 25, 34, 27,   1, -34 },  // '4'
  {   5927, 23, 35, 27,   1, -34 },  // '5'
  {   6330, 23, 36, 27,   2, -35 },  // '6'
  {   6744, 22, 34, 25,   1, -34 },  // '7'
  {   7118, 24, 36, 28,   2, -35 },  // '8'
  {   7550, 23, 35, 27,   2, -35 },  // '9'
  {   7953,  6, 26, 12,   3, -25 },  // ':'
  {   8031,  8, 34, 13,   2, -25 },  // ';'
  {   8167, 18, 21, 28,   5, -27 },  // '<'
  {   8356, 18, 14, 28,   5, -24 },  // '='
  {   8482, 18, 21, 28,   5, -27 },  // '>'
  {   8671, 20, 36, 23,   1, -35 },  // '?'
  {   9031, 38, 41, 48,   5, -35 },  // '@'
  {   9810, 28, 34, 30,   1, -34 },  // 'A'
  {  10286, 22, 34, 30,   5, -34 },  // 'B'
  {  10660, 23, 36, 27,   3, -35 },  // 'C'
  {  11074, 24, 34, 32,   5, -34 },  // 'D'
  {  11482, 19, 34, 27,   5, -34 },  // 'E'
  {  11805, 19, 34, 25,   5, -34 },  // 'F'
  {  12128, 25, 36, 31,   3, -35 },  // 'G'
  {  12578, 24, 34, 34,   5, -34 },  // 'H'
  {  12986, 13, 34, 21,   4, -34 },  // 'I'
  {  13207, 20, 35, 25,   1, -34 },  // 'J'
  {  13557, 25, 34, 30,   5, -34 },  // 'K'
  {  13982, 19, 34, 24,   5, -34 },  // 'L'
  {  14305, 31, 34, 41,   5, -34 },  // 'M'
  {  14832, 25, 34, 35,   5, -34 },  // 'N'
  {  15257, 26, 36, 32,   3, -35 },  // 'O'
  {  15725, 22, 34, 29,   5, -34 },  // 'P'
  {  16099, 28, 41, 33,   3, -35 },  // 'Q'
  {  16673, 24, 34, 30,   5, -34 },  // 'R'
  {  17081, 25, 36, 29,   1, -35 },  // 'S'
  {  17531, 24, 34, 26,   1, -34 },  // 'T'
  {  17939, 25, 35, 33,   4, -34 },  // 'U'
  {  18377, 28, 34, 29,   1, -34 },  // 'V'
  {  18853, 39, 34, 42,   1, -34 },  // 'W'
  {  19516, 29, 34, 29,   0, -34 },  // 'X'
  {  20009, 27, 34, 27,   0, -34 },  // 'Y'
  {  20468, 22, 34, 26,   2, -34 },  // 'Z'
  {  20842, 11, 46, 19,   4, -36 },  // '['
  {  21095, 21, 45, 19,  -1, -37 },  // '\'
  {  21568, 11, 46, 19,   4, -36 },  // ']'
  {  21821, 22, 15, 28,   3, -34 },  // '^'
  {  21986, 23,  4, 28,   3,   3 },  // '_'
  {  22032, 12,  8, 19,   3, -37 },  // '`'
  {  22080, 20, 27, 26,   2, -26 },  // 'a'
  {  22350, 21, 37, 28,   4, -36 },  // 'b'
  {  22739, 20, 27, 23,   2, -26 },  // 'c'
  {  23009, 21, 37, 28,   3, -36 },  // 'd'
  {  23398, 22, 27, 26,   2, -26 },  // 'e'
  {  23695, 16, 36, 17,   2, -36 },  // 'f'
  {  23983, 21, 37, 28,   3, -26 },  // 'g'
  {  24372, 20, 36, 28,   4, -36 },  // 'h'
  {  24732,  9, 36, 14,   1, -36 },  // 'i'
  {  24894, 10, 47, 15,   1, -36 },  // 'j'
  {  25129, 22, 36, 25,   4, -36 },  // 'k'
  {  25525,  9, 37, 14,   4, -36 },  // 'l'
  {  25692, 33, 26, 41,   4, -26 },  // 'm'
  {  26121, 20, 26, 28,   4, -26 },  // 'n'
  {  26381, 23, 27, 27,   2, -26 },  // 'o'
  {  26692, 21, 36, 28,   4, -26 },  // 'p'
  {  27070, 21, 36, 28,   3, -26 },  // 'q'
  {  27448, 14, 26, 19,   4, -26 },  // 'r'
  {  27630, 21, 27, 24,   1, -26 },  // 's'
  {  27914, 15, 33, 19,   2, -32 },  // 't'
  {  28162, 20, 26, 28,   4, -25 },  // 'u'
  {  28422, 24, 25, 26,   1, -25 },  // 'v'
  {  28722, 34, 25, 37,   2, -25 },  // 'w'
  {  29147, 23, 25, 25,   1, -25 },  // 'x'
  {  29435, 23, 36, 25,   1, -25 },  // 'y'
  {  29849, 18, 25, 22,   2, -25 },  // 'z'
  {  30074, 15, 47, 19,   2, -36 },  // '{'
  {  30427,  5, 39, 19,   7, -36 },  // '|'
  {  30525, 15, 47, 18,   3, -36 },  // '}'
  {  30878, 21,  7, 28,   4, -20 },  // '~'
};

static const AAFont ArtifaktMedium24AA PROGMEM = {
  ArtifaktMedium24AABitmaps, ArtifaktMedium24AAGlyphs, 0x20, 0x7E, 66
};
