// Cinzel Regular 55pt - 4-bit AA (byte-aligned per glyph)
// Gegenereerd vanuit Cinzel-VariableFont_wght.ttf weight=400
// Karakterset: 0x20..0x7E, yAdvance=75  ascent=54
#pragma once
#include <stdint.h>

#ifndef AAFONT_STRUCTS
#define AAFONT_STRUCTS
struct AAGlyph { uint32_t bitmapOffset; uint8_t width,height,xAdvance; int8_t xOffset,yOffset; };
struct AAFont  { const uint8_t* bitmap; const AAGlyph* glyph; uint8_t first,last,yAdvance; };
#endif

static const uint8_t CinzelRegular36AABitmaps[] PROGMEM = {
  0xFF, 0xFF, 0x0F, 0xFF, 0xF0, 0xFF, 0xFF, 0x0F, 0xFF, 0xF0, 0xFF, 0xFF, 0x0F, 0xFF, 0xF0, 0xFF, 0xFF
  0x0F, 0xFF, 0xF0, 0xFF, 0xFF, 0x0F, 0xFF, 0xF0, 0xFF, 0xFF, 0x0F, 0xFF, 0xF0, 0xFF, 0xFF, 0x0F, 0xFF
  0xF0, 0xFF, 0xFF, 0x0F, 0xFF, 0xF0, 0xFF, 0xFF, 0x0E, 0xFF, 0xE0, 0xCF, 0xFB, 0x0A, 0xFF, 0x90, 0x7F
  0xF7, 0x05, 0xFF, 0x50, 0x3F, 0xF3, 0x01, 0xFF, 0x10, 0x0F, 0xF0, 0x00, 0xDD, 0x00, 0x0B, 0xA0, 0x00
  0x98, 0x00, 0x07, 0x60, 0x00, 0x32, 0x00, 0x00, 0x00, 0x00, 0x00, 0x00, 0x00, 0x00, 0x00, 0x00, 0x00
  0x2B, 0xFB, 0x2B, 0xFF, 0xFB, 0xFF, 0xFF, 0xFC, 0xFF, 0xFB, 0x2B, 0xFC, 0x20, 0x00, 0x14, 0x70, 0x00
  0x01, 0x47, 0x1E, 0xFF, 0xF0, 0x01, 0xEF, 0xFF, 0x1F, 0xFF, 0xE0, 0x01, 0xFF, 0xFE, 0x0F, 0xFF, 0xC0
  0x00, 0xFF, 0xFC, 0x0F, 0xFF, 0xA0, 0x00, 0xFF, 0xFA, 0x0F, 0xFF, 0x70, 0x00, 0xFF, 0xF7, 0x1F, 0xFF
  0x30, 0x01, 0xFF, 0xF3, 0x3F, 0xFE, 0x00, 0x02, 0xFF, 0xE0, 0x5F, 0xF8, 0x00, 0x04, 0xFF, 0x90, 0x7F
  0xF1, 0x00, 0x06, 0xFF, 0x20, 0xAF, 0x70, 0x00, 0x09, 0xF8, 0x00, 0xE9, 0x00, 0x00, 0x0C, 0xA0, 0x00
  0x20, 0x00, 0x00, 0x02, 0x00, 0x00, 0x00, 0x00, 0x00, 0x00, 0x00, 0xBF, 0x00, 0x00, 0x00, 0x00, 0x07
  0xF5, 0x00, 0x00, 0x00, 0x00, 0x00, 0x00, 0x0E, 0xD0, 0x00, 0x00, 0x00, 0x00, 0xAF, 0x20, 0x00, 0x00
  0x00, 0x00, 0x00, 0x01, 0xFB, 0x00, 0x00, 0x00, 0x00, 0x0D, 0xF0, 0x00, 0x00, 0x00, 0x00, 0x00, 0x00
  0x4F, 0x80, 0x00, 0x00, 0x00, 0x00, 0xFC, 0x00, 0x00, 0x00, 0x00, 0x00, 0x00, 0x07, 0xF5, 0x00, 0x00
  0x00, 0x00, 0x2F, 0x90, 0x00, 0x00, 0x00, 0x00, 0x00, 0x00, 0xAF, 0x20, 0x00, 0x00, 0x00, 0x05, 0xF7
  0x00, 0x00, 0x00, 0x00, 0x00, 0x00, 0x0D, 0xF0, 0x00, 0x00, 0x00, 0x00, 0x8F, 0x40, 0x00, 0x00, 0x00
  0x00, 0x00, 0x00, 0xFC, 0x00, 0x00, 0x00, 0x00, 0x0B, 0xF1, 0x00, 0x00, 0x00, 0x00, 0x00, 0x00, 0x2F
  0xA0, 0x00, 0x00, 0x00, 0x00, 0xEE, 0x00, 0x00, 0x00, 0x00, 0x00, 0x00, 0x05, 0xF7, 0x00, 0x00, 0x00
  0x00, 0x1F, 0xB0, 0x00, 0x00, 0x00, 0x00, 0x00, 0x00, 0x8F, 0x40, 0x00, 0x00, 0x00, 0x03, 0xF8, 0x00
  0x00, 0x00, 0x0A, 0xAA, 0xAA, 0xAF, 0xFC, 0xAA, 0xAA, 0xAA, 0xAA, 0xFF, 0xFA, 0xAA, 0xAA, 0x00, 0xFF
  0xFF, 0xFF, 0xFF, 0xFF, 0xFF, 0xFF, 0xFF, 0xFF, 0xFF, 0xFF, 0xFF, 0xF0, 0x00, 0x00, 0x00, 0x0F, 0xB0
  0x00, 0x00, 0x00, 0x00, 0xCF, 0x00, 0x00, 0x00, 0x00, 0x00, 0x00, 0x03, 0xF9, 0x00, 0x00, 0x00, 0x00
  0x0F, 0xD0, 0x00, 0x00, 0x00, 0x00, 0x00, 0x00, 0x6F, 0x60, 0x00, 0x00, 0x00, 0x02, 0xFA, 0x00, 0x00
  0x00, 0x00, 0x00, 0x00, 0x09, 0xF3, 0x00, 0x00, 0x00, 0x00, 0x5F, 0x70, 0x00, 0x00, 0x00, 0x00, 0x00
  0x00, 0xCF, 0x00, 0x00, 0x00, 0x00, 0x07, 0xF4, 0x00, 0x00, 0x00, 0x00, 0x00, 0x00, 0x0F, 0xD0, 0x00
  0x00, 0x00, 0x00, 0xAF, 0x20, 0x00, 0x00, 0x00, 0x00, 0x00, 0x02, 0xFA, 0x00, 0x00, 0x00, 0x00, 0x0D
  0xF0, 0x00, 0x00, 0x00, 0x00, 0x00, 0x00, 0x4F, 0x80, 0x00, 0x00, 0x00, 0x00, 0xFC, 0x00, 0x00, 0x00
  0x00, 0x00, 0x00, 0x07, 0xF5, 0x00, 0x00, 0x00, 0x00, 0x3F, 0x90, 0x00, 0x00, 0x00, 0x00, 0x00, 0x00
  0xAF, 0x20, 0x00, 0x00, 0x00, 0x06, 0xF6, 0x00, 0x00, 0x00, 0x00, 0x00, 0x00, 0x0D, 0xF0, 0x00, 0x00
  0x00, 0x00, 0x8F, 0x30, 0x00, 0x00, 0x00, 0x00, 0x00, 0x00, 0xFC, 0x00, 0x00, 0x00, 0x00, 0x0B, 0xF1
  0x00, 0x00, 0x00, 0x0A, 0xAA, 0xAA, 0xDF, 0xFA, 0xAA, 0xAA, 0xAA, 0xAA, 0xFF, 0xAA, 0xAA, 0xAA, 0x00
  0xFF, 0xFF, 0xFF, 0xFF, 0xFF, 0xFF, 0xFF, 0xFF, 0xFF, 0xFF, 0xFF, 0xFF, 0xF0, 0x00, 0x00, 0x00, 0x8F
  0x40, 0x00, 0x00, 0x00, 0x04, 0xF8, 0x00, 0x00, 0x00, 0x00, 0x00, 0x00, 0x0B, 0xF1, 0x00, 0x00, 0x00
  0x00, 0x7F, 0x50, 0x00, 0x00, 0x00, 0x00, 0x00, 0x00, 0xEE, 0x00, 0x00, 0x00, 0x00, 0x0A, 0xF2, 0x00
  0x00, 0x00, 0x00, 0x00, 0x00, 0x1F, 0xB0, 0x00, 0x00, 0x00, 0x00, 0xCF, 0x00, 0x00, 0x00, 0x00, 0x00
  0x00, 0x04, 0xF8, 0x00, 0x00, 0x00, 0x00, 0x0F, 0xD0, 0x00, 0x00, 0x00, 0x00, 0x00, 0x00, 0x7F, 0x50
  0x00, 0x00, 0x00, 0x02, 0xFA, 0x00, 0x00, 0x00, 0x00, 0x00, 0x00, 0x09, 0xF3, 0x00, 0x00, 0x00, 0x00
  0x5F, 0x70, 0x00, 0x00, 0x00, 0x00, 0x00, 0x00, 0xCF, 0x00, 0x00, 0x00, 0x00, 0x08, 0xF4, 0x00, 0x00
  0x00, 0x00, 0x00, 0x00, 0x0F, 0xD0, 0x00, 0x00, 0x00, 0x00, 0xBF, 0x10, 0x00, 0x00, 0x00, 0x00, 0x00
  0x02, 0xFA, 0x00, 0x00, 0x00, 0x00, 0x0D, 0xE0, 0x00, 0x00, 0x00, 0x00, 0x00, 0x00, 0x5F, 0x70, 0x00
  0x00, 0x00, 0x00, 0xFC, 0x00, 0x00, 0x00, 0x00, 0x00, 0x00, 0x08, 0xF4, 0x00, 0x00, 0x00, 0x00, 0x3F
  0x90, 0x00, 0x00, 0x00, 0x00, 0x00, 0x00, 0x00, 0x00, 0x00, 0x00, 0x48, 0x00, 0x00, 0x00, 0x00, 0x00
  0x00, 0x00, 0x00, 0x00, 0xAF, 0x00, 0x00, 0x00, 0x00, 0x00, 0x00, 0x00, 0x00, 0x00, 0xBE, 0x00, 0x00
  0x00, 0x00, 0x00, 0x00, 0x00, 0x00, 0x00, 0xCD, 0x00, 0x00, 0x00, 0x00, 0x00, 0x00, 0x00, 0x04, 0x8A
  0xFF, 0x75, 0x20, 0x00, 0x00, 0x00, 0x00, 0x06, 0xEF, 0xFF, 0xFF, 0xFF, 0xFF, 0xF1, 0x00, 0x00, 0x00
  0x9F, 0xFA, 0x41, 0xFC, 0x6D, 0xFF, 0xF1, 0x00, 0x00, 0x0A, 0xFF, 0x50, 0x01, 0xF8, 0x00, 0xAF, 0xF1
  0x00, 0x00, 0x6F, 0xF5, 0x00, 0x02, 0xF7, 0x00, 0x0C, 0xF1, 0x00, 0x00, 0xFF, 0xB0, 0x00, 0x03, 0xF6
  0x00, 0x05, 0xF1, 0x00, 0x06, 0xFF, 0x40, 0x00, 0x04, 0xF5, 0x00, 0x01, 0xF1, 0x00, 0x0B, 0xFF, 0x10
  0x00, 0x05, 0xF3, 0x00, 0x00, 0xB0, 0x00, 0x0E, 0xFF, 0x00, 0x00, 0x07, 0xF2, 0x00, 0x00, 0x00, 0x00
  0x0F, 0xFF, 0x10, 0x00, 0x08, 0xF1, 0x00, 0x00, 0x00, 0x00, 0x0E, 0xFF, 0x50, 0x00, 0x09, 0xF0, 0x00
  0x00, 0x00, 0x00, 0x0D, 0xFF, 0xC0, 0x00, 0x0A, 0xF0, 0x00, 0x00, 0x00, 0x00, 0x09, 0xFF, 0xF5, 0x00
  0x0B, 0xE0, 0x00, 0x00, 0x00, 0x00, 0x04, 0xFF, 0xFF, 0x40, 0x0C, 0xC0, 0x00, 0x00, 0x00, 0x00, 0x00
  0xCF, 0xFF, 0xF4, 0x0E, 0xB0, 0x00, 0x00, 0x00, 0x00, 0x00, 0x2F, 0xFF, 0xFF, 0x5F, 0xA0, 0x00, 0x00
  0x00, 0x00, 0x00, 0x04, 0xFF, 0xFF, 0xFF, 0x90, 0x00, 0x00, 0x00, 0x00, 0x00, 0x00, 0x3E, 0xFF, 0xFF
  0xF0, 0x00, 0x00, 0x00, 0x00, 0x00, 0x00, 0x02, 0xEF, 0xFF, 0xF8, 0x00, 0x00, 0x00, 0x00, 0x00, 0x00
  0x00, 0x2D, 0xFF, 0xFF, 0x90, 0x00, 0x00, 0x00, 0x00, 0x00, 0x00, 0x01, 0xFF, 0xFF, 0xFA, 0x00, 0x00
  0x00, 0x00, 0x00, 0x00, 0x00, 0x7F, 0xFF, 0xFF, 0xB0, 0x00, 0x00, 0x00, 0x00, 0x00, 0x00, 0x7F, 0xEF
  0xFF, 0xFC, 0x10, 0x00, 0x00, 0x00, 0x00, 0x00, 0x8F, 0x1A, 0xFF, 0xFF, 0xD1, 0x00, 0x00, 0x00, 0x00
  0x00, 0x9F, 0x00, 0x9F, 0xFF, 0xFD, 0x00, 0x00, 0x00, 0x00, 0x00, 0xBE, 0x00, 0x08, 0xFF, 0xFF, 0xA0
  0x00, 0x00, 0x00, 0x00, 0xCD, 0x00, 0x00, 0x7F, 0xFF, 0xF3, 0x00, 0x00, 0x00, 0x00, 0xDC, 0x00, 0x00
  0x08, 0xFF, 0xF8, 0x00, 0x00, 0x00, 0x00, 0xEB, 0x00, 0x00, 0x00, 0xDF, 0xFC, 0x00, 0x00, 0x00, 0x00
  0xFA, 0x00, 0x00, 0x00, 0x6F, 0xFE, 0x24, 0x00, 0x00, 0x00, 0xF8, 0x00, 0x00, 0x00, 0x2F, 0xFF, 0x75
  0x00, 0x00, 0x02, 0xF7, 0x00, 0x00, 0x00, 0x0F, 0xFE, 0xA6, 0x00, 0x00, 0x03, 0xF6, 0x00, 0x00, 0x00
  0x0F, 0xFD, 0xD9, 0x00, 0x00, 0x04, 0xF5, 0x00, 0x00, 0x00, 0x2F, 0xFA, 0xED, 0x00, 0x00, 0x05, 0xF4
  0x00, 0x00, 0x00, 0x6F, 0xF5, 0xFF, 0x40, 0x00, 0x06, 0xF3, 0x00, 0x00, 0x00, 0xDF, 0xE0, 0xFF, 0xD0
  0x00, 0x07, 0xF1, 0x00, 0x00, 0x09, 0xFF, 0x60, 0xDF, 0xFB, 0x10, 0x09, 0xF0, 0x00, 0x00, 0x8F, 0xFB
  0x00, 0x3E, 0xFF, 0xE6, 0x1A, 0xF0, 0x00, 0x4C, 0xFF, 0xB0, 0x00, 0x00, 0x7E, 0xFF, 0xFF, 0xFA, 0xCE
  0xFF, 0xF7, 0x00, 0x00, 0x00, 0x00, 0x37, 0xAF, 0xFF, 0xFD, 0xB6, 0x10, 0x00, 0x00, 0x00, 0x00, 0x00
  0x0D, 0xC0, 0x00, 0x00, 0x00, 0x00, 0x00, 0x00, 0x00, 0x00, 0x0F, 0xA0, 0x00, 0x00, 0x00, 0x00, 0x00
  0x00, 0x00, 0x00, 0x0F, 0x90, 0x00, 0x00, 0x00, 0x00, 0x00, 0x00, 0x00, 0x00, 0x1F, 0x80, 0x00, 0x00
  0x00, 0x00, 0x00, 0x00, 0x00, 0x00, 0x1C, 0x60, 0x00, 0x00, 0x00, 0x00, 0x00, 0x00, 0x00, 0x00, 0x39
  0xDF, 0xFF, 0xF4, 0x00, 0x00, 0x00, 0x00, 0x00, 0x01, 0x98, 0x00, 0x00, 0x00, 0x00, 0x00, 0x0A, 0xFB
  0x30, 0x2C, 0xFF, 0xE4, 0x00, 0x00, 0x00, 0x01, 0x9F, 0xFA, 0x00, 0x00, 0x00, 0x00, 0x01, 0xDF, 0x90
  0x00, 0x00, 0xBF, 0xFE, 0xB4, 0x00, 0x14, 0xAF, 0xAA, 0xF2, 0x00, 0x00, 0x00, 0x00, 0x0C, 0xFC, 0x00
  0x00, 0x00, 0x4F, 0xF5, 0x6C, 0xFF, 0xFD, 0x82, 0x1F, 0xA0, 0x00, 0x00, 0x00, 0x00, 0x7F, 0xF3, 0x00
  0x00, 0x00, 0x0F, 0xFA, 0x00, 0x01, 0x00, 0x00, 0x8F, 0x20, 0x00, 0x00, 0x00, 0x01, 0xFF, 0xC0, 0x00
  0x00, 0x00, 0x0E, 0xFD, 0x00, 0x00, 0x00, 0x01, 0xF9, 0x00, 0x00, 0x00, 0x00, 0x07, 0xFF, 0x60, 0x00
  0x00, 0x00, 0x0E, 0xFE, 0x00, 0x00, 0x00, 0x09, 0xF1, 0x00, 0x00, 0x00, 0x00, 0x0D, 0xFF, 0x10, 0x00
  0x00, 0x00, 0x0F, 0xFE, 0x00, 0x00, 0x00, 0x2F, 0x80, 0x00, 0x00, 0x00, 0x00, 0x1F, 0xFD, 0x00, 0x00
  0x00, 0x00, 0x0F, 0xFD, 0x00, 0x00, 0x00, 0xAF, 0x10, 0x00, 0x00, 0x00, 0x00, 0x4F, 0xF9, 0x00, 0x00
  0x00, 0x00, 0x3F, 0xFB, 0x00, 0x00, 0x02, 0xF8, 0x00, 0x00, 0x00, 0x00, 0x00, 0x6F, 0xF7, 0x00, 0x00
  0x00, 0x00, 0x6F, 0xF7, 0x00, 0x00, 0x0A, 0xE0, 0x00, 0x00, 0x00, 0x00, 0x00, 0x8F, 0xF5, 0x00, 0x00
  0x00, 0x00, 0xAF, 0xF3, 0x00, 0x00, 0x3F, 0x70, 0x00, 0x00, 0x00, 0x00, 0x00, 0x8F, 0xF4, 0x00, 0x00
  0x00, 0x00, 0xFF, 0xD0, 0x00, 0x00, 0xBE, 0x00, 0x00, 0x00, 0x00, 0x00, 0x00, 0x7F, 0xF5, 0x00, 0x00
  0x00, 0x05, 0xFF, 0x70, 0x00, 0x03, 0xF6, 0x00, 0x00, 0x00, 0x00, 0x00, 0x00, 0x4F, 0xF6, 0x00, 0x00
  0x00, 0x0C, 0xFD, 0x00, 0x00, 0x0C, 0xD0, 0x00, 0x00, 0x00, 0x00, 0x00, 0x00, 0x0E, 0xFA, 0x00, 0x00
  0x00, 0x6F, 0xF3, 0x00, 0x00, 0x4F, 0x50, 0x00, 0x00, 0x00, 0x00, 0x00, 0x00, 0x06, 0xFF, 0x20, 0x00
  0x03, 0xFF, 0x50, 0x00, 0x00, 0xCD, 0x00, 0x00, 0x00, 0x00, 0x00, 0x00, 0x00, 0x00, 0x8F, 0xD4, 0x01
  0x7F, 0xD3, 0x00, 0x00, 0x05, 0xF5, 0x00, 0x00, 0x00, 0x00, 0x00, 0x00, 0x00, 0x00, 0x04, 0xBE, 0xFE
  0xB6, 0x00, 0x00, 0x00, 0x0D, 0xC0, 0x00, 0x00, 0x00, 0x00, 0x00, 0x00, 0x00, 0x00, 0x00, 0x00, 0x00
  0x00, 0x00, 0x00, 0x00, 0x6F, 0x40, 0x00, 0x00, 0x00, 0x00, 0x00, 0x00, 0x00, 0x00, 0x00, 0x00, 0x00
  0x00, 0x00, 0x00, 0x00, 0xEC, 0x00, 0x00, 0x01, 0x7C, 0xEF, 0xD8, 0x10, 0x00, 0x00, 0x00, 0x00, 0x00
  0x00, 0x00, 0x00, 0x06, 0xF3, 0x00, 0x00, 0x6E, 0xE5, 0x11, 0x7F, 0xE3, 0x00, 0x00, 0x00, 0x00, 0x00
  0x00, 0x00, 0x00, 0x0E, 0xB0, 0x00, 0x08, 0xFE, 0x10, 0x00, 0x08, 0xFE, 0x10, 0x00, 0x00, 0x00, 0x00
  0x00, 0x00, 0x00, 0x7F, 0x30, 0x00, 0x6F, 0xF3, 0x00, 0x00, 0x01, 0xFF, 0x80, 0x00, 0x00, 0x00, 0x00
  0x00, 0x00, 0x00, 0xEA, 0x00, 0x01, 0xFF, 0x90, 0x00, 0x00, 0x00, 0xCF, 0xD0, 0x00, 0x00, 0x00, 0x00
  0x00, 0x00, 0x08, 0xF2, 0x00, 0x0A, 0xFF, 0x20, 0x00, 0x00, 0x00, 0xAF, 0xF1, 0x00, 0x00, 0x00, 0x00
  0x00, 0x00, 0x1F, 0xA0, 0x00, 0x1F, 0xFC, 0x00, 0x00, 0x00, 0x00, 0x9F, 0xF2, 0x00, 0x00, 0x00, 0x00
  0x00, 0x00, 0x9F, 0x20, 0x00, 0x6F, 0xF7, 0x00, 0x00, 0x00, 0x00, 0xAF, 0xF3, 0x00, 0x00, 0x00, 0x00
  0x00, 0x01, 0xF9, 0x00, 0x00, 0xBF, 0xF3, 0x00, 0x00, 0x00, 0x00, 0xBF, 0xF2, 0x00, 0x00, 0x00, 0x00
  0x00, 0x09, 0xF1, 0x00, 0x00, 0xEF, 0xF0, 0x00, 0x00, 0x00, 0x00, 0xDF, 0xF0, 0x00, 0x00, 0x00, 0x00
  0x00, 0x2F, 0x80, 0x00, 0x01, 0xFF, 0xD0, 0x00, 0x00, 0x00, 0x00, 0xFF, 0xE0, 0x00, 0x00, 0x00, 0x00
  0x00, 0xAF, 0x10, 0x00, 0x03, 0xFF, 0xA0, 0x00, 0x00, 0x00, 0x03, 0xFF, 0xA0, 0x00, 0x00, 0x00, 0x00
  0x02, 0xF8, 0x00, 0x00, 0x04, 0xFF, 0x90, 0x00, 0x00, 0x00, 0x08, 0xFF, 0x60, 0x00, 0x00, 0x00, 0x00
  0x0B, 0xE0, 0x00, 0x00, 0x03, 0xFF, 0x90, 0x00, 0x00, 0x00, 0x0C, 0xFF, 0x00, 0x00, 0x00, 0x00, 0x00
  0x3F, 0x70, 0x00, 0x00, 0x02, 0xFF, 0x90, 0x00, 0x00, 0x00, 0x2F, 0xF9, 0x00, 0x00, 0x00, 0x00, 0x00
  0xBE, 0x00, 0x00, 0x00, 0x00, 0xEF, 0xB0, 0x00, 0x00, 0x00, 0xAF, 0xF1, 0x00, 0x00, 0x00, 0x00, 0x04
  0xF6, 0x00, 0x00, 0x00, 0x00, 0x9F, 0xF0, 0x00, 0x00, 0x03, 0xFF, 0x50, 0x00, 0x00, 0x00, 0x00, 0x0C
  0xD0, 0x00, 0x00, 0x00, 0x00, 0x1E, 0xF6, 0x00, 0x00, 0x1E, 0xF7, 0x00, 0x00, 0x00, 0x00, 0x00, 0x5F
  0x60, 0x00, 0x00, 0x00, 0x00, 0x04, 0xFF, 0x61, 0x16, 0xEE, 0x50, 0x00, 0x00, 0x00, 0x00, 0x00, 0x6C
  0x00, 0x00, 0x00, 0x00, 0x00, 0x00, 0x29, 0xDF, 0xEC, 0x71, 0x00, 0x00, 0x00, 0x00, 0x00, 0x00, 0x00
  0x00, 0x27, 0xBD, 0xEF, 0xED, 0x95, 0x00, 0x00, 0x00, 0x00, 0x00, 0x00, 0x00, 0x00, 0x00, 0x00, 0x00
  0x00, 0x00, 0x03, 0xBF, 0xFF, 0xEB, 0xAB, 0xEF, 0xFF, 0x91, 0x00, 0x00, 0x00, 0x00, 0x00, 0x00, 0x00
  0x00, 0x00, 0x00, 0x00, 0x08, 0xFF, 0xFC, 0x30, 0x00, 0x00, 0x29, 0xFF, 0xF6, 0x00, 0x00, 0x00, 0x00
  0x00, 0x00, 0x00, 0x00, 0x00, 0x00, 0x09, 0xFF, 0xF8, 0x00, 0x00, 0x00, 0x00, 0x05, 0xFF, 0xF8, 0x00
  0x00, 0x00, 0x00, 0x00, 0x00, 0x00, 0x00, 0x00, 0x06, 0xFF, 0xF9, 0x00, 0x00, 0x00, 0x00, 0x00, 0x04
  0xFF, 0xD0, 0x00, 0x00, 0x00, 0x00, 0x00, 0x00, 0x00, 0x00, 0x01, 0xFF, 0xFE, 0x00, 0x00, 0x00, 0x00
  0x00, 0x00, 0x09, 0xFB, 0x00, 0x00, 0x00, 0x00, 0x00, 0x00, 0x00, 0x00, 0x00, 0x6F, 0xFF, 0x80, 0x00
  0x00, 0x00, 0x00, 0x00, 0x00, 0x1F, 0x80, 0x00, 0x00, 0x00, 0x00, 0x00, 0x00, 0x00, 0x00, 0x0B, 0xFF
  0xF3, 0x00, 0x00, 0x00, 0x00, 0x00, 0x00, 0x00, 0xC6, 0x00, 0x00, 0x00, 0x00, 0x00, 0x00, 0x00, 0x00
  0x00, 0xDF, 0xFF, 0x10, 0x00, 0x00, 0x00, 0x00, 0x00, 0x00, 0x09, 0x40, 0x00, 0x00, 0x00, 0x00, 0x00
  0x00, 0x00, 0x00, 0x0E, 0xFF, 0xF0, 0x00, 0x00, 0x00, 0x00, 0x00, 0x00, 0x00, 0x81, 0x00, 0x00, 0x00
  0x00, 0x00, 0x00, 0x00, 0x00, 0x00, 0xEF, 0xFF, 0x10, 0x00, 0x00, 0x00, 0x00, 0x00, 0x00, 0x00, 0x00
  0x00, 0x00, 0x00, 0x00, 0x00, 0x00, 0x00, 0x00, 0x0C, 0xFF, 0xF3, 0x00, 0x00, 0x00, 0x00, 0x00, 0x00
  0x00, 0x00, 0x00, 0x00, 0x00, 0x00, 0x00, 0x00, 0x00, 0x00, 0x00, 0xAF, 0xFF, 0x70, 0x00, 0x00, 0x00
  0x00, 0x00, 0x00, 0x00, 0x00, 0x00, 0x00, 0x00, 0x00, 0x00, 0x00, 0x00, 0x00, 0x05, 0xFF, 0xFD, 0x00
  0x00, 0x00, 0x00, 0x00, 0x00, 0x00, 0x00, 0x00, 0x00, 0x00, 0x00, 0x00, 0x00, 0x00, 0x00, 0x00, 0x1F
  0xFF, 0xF5, 0x00, 0x00, 0x00, 0x00, 0x00, 0x00, 0x00, 0x00, 0x00, 0x00, 0x00, 0x00, 0x00, 0x00, 0x00
  0x00, 0x00, 0x9F, 0xFF, 0xE1, 0x00, 0x00, 0x00, 0x00, 0x00, 0x00, 0x00, 0x00, 0x00, 0x00, 0x00, 0x00
  0x00, 0x00, 0x00, 0x00, 0x01, 0xFF, 0xFF, 0xB0, 0x00, 0x00, 0x00, 0x00, 0x00, 0x00, 0x00, 0x00, 0x00
  0x00, 0x00, 0x00, 0x00, 0x00, 0x00, 0x02, 0xCF, 0xFF, 0xFF, 0x90, 0x00, 0x00, 0x00, 0x00, 0x00, 0x00
  0x00, 0x00, 0x00, 0x00, 0x00, 0x00, 0x00, 0x00, 0x04, 0xFF, 0xCB, 0xFF, 0xFF, 0x70, 0x00, 0x00, 0x00
  0x00, 0x3F, 0xFF, 0xFF, 0xFF, 0xFF, 0xF7, 0x00, 0x00, 0x00, 0x04, 0xFF, 0xF1, 0x0C, 0xFF, 0xFF, 0x60
  0x00, 0x00, 0x00, 0x00, 0x02, 0xAF, 0xFF, 0xFF, 0x40, 0x00, 0x00, 0x00, 0x02, 0xFF, 0xF8, 0x00, 0x1D
  0xFF, 0xFF, 0x60, 0x00, 0x00, 0x00, 0x00, 0x00, 0x9F, 0xFF, 0xA0, 0x00, 0x00, 0x00, 0x00, 0xBF, 0xFF
  0x10, 0x00, 0x1D, 0xFF, 0xFF, 0x70, 0x00, 0x00, 0x00, 0x00, 0x00, 0xEF, 0xF9, 0x00, 0x00, 0x00, 0x00
  0x2F, 0xFF, 0xB0, 0x00, 0x00, 0x1D, 0xFF, 0xFF, 0x80, 0x00, 0x00, 0x00, 0x00, 0x09, 0xFF, 0xB0, 0x00
  0x00, 0x00, 0x08, 0xFF, 0xF7, 0x00, 0x00, 0x00, 0x1D, 0xFF, 0xFF, 0xA0, 0x00, 0x00, 0x00, 0x00, 0x4F
  0xFD, 0x00, 0x00, 0x00, 0x00, 0xCF, 0xFF, 0x30, 0x00, 0x00, 0x00, 0x1C, 0xFF, 0xFF, 0xB0, 0x00, 0x00
  0x00, 0x02, 0xFF, 0xF0, 0x00, 0x00, 0x00, 0x0E, 0xFF, 0xF2, 0x00, 0x00, 0x00, 0x00, 0x1C, 0xFF, 0xFF
  0xC1, 0x00, 0x00, 0x00, 0x0F, 0xFF, 0x00, 0x00, 0x00, 0x00, 0xFF, 0xFF, 0x10, 0x00, 0x00, 0x00, 0x00
  0x0B, 0xFF, 0xFF, 0xD2, 0x00, 0x00, 0x01, 0xFF, 0xF0, 0x00, 0x00, 0x00, 0x0F, 0xFF, 0xF1, 0x00, 0x00
  0x00, 0x00, 0x00, 0x09, 0xFF, 0xFF, 0xE3, 0x00, 0x00, 0x2F, 0xFE, 0x00, 0x00, 0x00, 0x00, 0xEF, 0xFF
  0x30, 0x00, 0x00, 0x00, 0x00, 0x00, 0x07, 0xFF, 0xFF, 0xF5, 0x00, 0x04, 0xFF, 0xB0, 0x00, 0x00, 0x00
  0x0C, 0xFF, 0xF5, 0x00, 0x00, 0x00, 0x00, 0x00, 0x00, 0x05, 0xFF, 0xFF, 0xF7, 0x00, 0x8F, 0xF8, 0x00
  0x00, 0x00, 0x00, 0x8F, 0xFF, 0x90, 0x00, 0x00, 0x00, 0x00, 0x00, 0x00, 0x03, 0xEF, 0xFF, 0xF9, 0x0D
  0xFF, 0x30, 0x00, 0x00, 0x00, 0x04, 0xFF, 0xFD, 0x00, 0x00, 0x00, 0x00, 0x00, 0x00, 0x00, 0x02, 0xDF
  0xFF, 0xFF, 0xFF, 0xD0, 0x00, 0x00, 0x00, 0x00, 0x0D, 0xFF, 0xF5, 0x00, 0x00, 0x00, 0x00, 0x00, 0x00
  0x00, 0x01, 0xBF, 0xFF, 0xFF, 0xF7, 0x00, 0x00, 0x00, 0x00, 0x00, 0x5F, 0xFF, 0xE0, 0x00, 0x00, 0x00
  0x00, 0x00, 0x00, 0x00, 0x00, 0x9F, 0xFF, 0xFF, 0x40, 0x00, 0x00, 0x00, 0x00, 0x00, 0xAF, 0xFF, 0xB0
  0x00, 0x00, 0x00, 0x00, 0x00, 0x00, 0x00, 0x00, 0x8F, 0xFF, 0xFF, 0x60, 0x00, 0x00, 0x00, 0x00, 0x00
  0xCF, 0xFF, 0xB1, 0x00, 0x00, 0x00, 0x00, 0x00, 0x00, 0x00, 0x2E, 0xFF, 0xFF, 0xFF, 0x90, 0x00, 0x00
  0x00, 0x00, 0x00, 0xAF, 0xFF, 0xE5, 0x00, 0x00, 0x00, 0x00, 0x00, 0x00, 0x5E, 0xFF, 0x9C, 0xFF, 0xFF
  0xC2, 0x00, 0x00, 0x00, 0x00, 0x00, 0x5E, 0xFF, 0xFD, 0x72, 0x00, 0x00, 0x00, 0x04, 0xBF, 0xFE, 0x40
  0x06, 0xEF, 0xFF, 0xF7, 0x00, 0x00, 0x00, 0x00, 0x00, 0x06, 0xCF, 0xFF, 0xFE, 0xDB, 0xAB, 0xCF, 0xFF
  0xE7, 0x00, 0x00, 0x00, 0x6B, 0xFF, 0xFF, 0x95, 0x10, 0x00, 0x00, 0x00, 0x00, 0x15, 0x8B, 0xDE, 0xFF
  0xFD, 0xC8, 0x40, 0x00, 0x00, 0x00, 0x00, 0x00, 0x34, 0x66, 0x63, 0x00, 0x15, 0x31, 0xEF, 0xF7, 0x1F
  0xFF, 0x60, 0xFF, 0xF4, 0x0F, 0xFF, 0x20, 0xFF, 0xF0, 0x2F, 0xFC, 0x03, 0xFF, 0x80, 0x5F, 0xF2, 0x07
  0xFC, 0x00, 0xAF, 0x30, 0x0E, 0x60, 0x00, 0x20, 0x00, 0x00, 0x00, 0x00, 0x00, 0x00, 0x00, 0x05, 0x10
  0x00, 0x00, 0x00, 0x00, 0x4D, 0x60, 0x00, 0x00, 0x00, 0x00, 0x8F, 0x30, 0x00, 0x00, 0x00, 0x00, 0xAF
  0x50, 0x00, 0x00, 0x00, 0x00, 0x9F, 0x90, 0x00, 0x00, 0x00, 0x00, 0x7F, 0xE0, 0x00, 0x00, 0x00, 0x00
  0x2F, 0xF7, 0x00, 0x00, 0x00, 0x00, 0x0C, 0xFE, 0x00, 0x00, 0x00, 0x00, 0x06, 0xFF, 0x80, 0x00, 0x00
  0x00, 0x00, 0xEF, 0xF2, 0x00, 0x00, 0x00, 0x00, 0x6F, 0xFD, 0x00, 0x00, 0x00, 0x00, 0x0D, 0xFF, 0x80
  0x00, 0x00, 0x00, 0x03, 0xFF, 0xF3, 0x00, 0x00, 0x00, 0x00, 0x8F, 0xFF, 0x00, 0x00, 0x00, 0x00, 0x0E
  0xFF, 0xC0, 0x00, 0x00, 0x00, 0x02, 0xFF, 0xF9, 0x00, 0x00, 0x00, 0x00, 0x5F, 0xFF, 0x70, 0x00, 0x00
  0x00, 0x08, 0xFF, 0xF5, 0x00, 0x00, 0x00, 0x00, 0xBF, 0xFF, 0x30, 0x00, 0x00, 0x00, 0x0D, 0xFF, 0xF2
  0x00, 0x00, 0x00, 0x00, 0xEF, 0xFF, 0x10, 0x00, 0x00, 0x00, 0x0F, 0xFF, 0xF1, 0x00, 0x00, 0x00, 0x00
  0xFF, 0xFF, 0x10, 0x00, 0x00, 0x00, 0x0F, 0xFF, 0xF1, 0x00, 0x00, 0x00, 0x00, 0xEF, 0xFF, 0x10, 0x00
  0x00, 0x00, 0x0D, 0xFF, 0xF2, 0x00, 0x00, 0x00, 0x00, 0xBF, 0xFF, 0x40, 0x00, 0x00, 0x00, 0x09, 0xFF
  0xF5, 0x00, 0x00, 0x00, 0x00, 0x6F, 0xFF, 0x70, 0x00, 0x00, 0x00, 0x03, 0xFF, 0xF9, 0x00, 0x00, 0x00
  0x00, 0x0F, 0xFF, 0xC0, 0x00, 0x00, 0x00, 0x00, 0xBF, 0xFF, 0x00, 0x00, 0x00, 0x00, 0x06, 0xFF, 0xF3
  0x00, 0x00, 0x00, 0x00, 0x1F, 0xFF, 0x70, 0x00, 0x00, 0x00, 0x00, 0xAF, 0xFB, 0x00, 0x00, 0x00, 0x00
  0x03, 0xFF, 0xF0, 0x00, 0x00, 0x00, 0x00, 0x0C, 0xFF, 0x50, 0x00, 0x00, 0x00, 0x00, 0x5F, 0xFA, 0x00
  0x00, 0x00, 0x00, 0x00, 0xCF, 0xF1, 0x00, 0x00, 0x00, 0x00, 0x02, 0xFF, 0x70, 0x00, 0x00, 0x00, 0x00
  0x08, 0xFE, 0x00, 0x00, 0x00, 0x00, 0x00, 0x0C, 0xF7, 0x00, 0x00, 0x00, 0x00, 0x00, 0x1E, 0xF1, 0x00
  0x00, 0x00, 0x00, 0x00, 0x3E, 0xB0, 0x00, 0x00, 0x00, 0x00, 0x00, 0x2E, 0x80, 0x00, 0x00, 0x00, 0x00
  0x00, 0x1B, 0x80, 0x00, 0x00, 0x00, 0x00, 0x00, 0x04, 0x00, 0x05, 0x00, 0x00, 0x00, 0x00, 0x00, 0x00
  0x05, 0xD4, 0x00, 0x00, 0x00, 0x00, 0x00, 0x00, 0x2E, 0x80, 0x00, 0x00, 0x00, 0x00, 0x00, 0x04, 0xFA
  0x00, 0x00, 0x00, 0x00, 0x00, 0x00, 0x8F, 0x90, 0x00, 0x00, 0x00, 0x00, 0x00, 0x0E, 0xF7, 0x00, 0x00
  0x00, 0x00, 0x00, 0x06, 0xFF, 0x20, 0x00, 0x00, 0x00, 0x00, 0x00, 0xEF, 0xD0, 0x00, 0x00, 0x00, 0x00
  0x00, 0x7F, 0xF7, 0x00, 0x00, 0x00, 0x00, 0x00, 0x2F, 0xFE, 0x00, 0x00, 0x00, 0x00, 0x00, 0x0C, 0xFF
  0x70, 0x00, 0x00, 0x00, 0x00, 0x07, 0xFF, 0xE0, 0x00, 0x00, 0x00, 0x00, 0x03, 0xFF, 0xF4, 0x00, 0x00
  0x00, 0x00, 0x00, 0xFF, 0xF9, 0x00, 0x00, 0x00, 0x00, 0x00, 0xCF, 0xFE, 0x00, 0x00, 0x00, 0x00, 0x00
  0x9F, 0xFF, 0x30, 0x00, 0x00, 0x00, 0x00, 0x6F, 0xFF, 0x60, 0x00, 0x00, 0x00, 0x00, 0x4F, 0xFF, 0x90
  0x00, 0x00, 0x00, 0x00, 0x3F, 0xFF, 0xC0, 0x00, 0x00, 0x00, 0x00, 0x1F, 0xFF, 0xD0, 0x00, 0x00, 0x00
  0x00, 0x0F, 0xFF, 0xE0, 0x00, 0x00, 0x00, 0x00, 0x0F, 0xFF, 0xF0, 0x00, 0x00, 0x00, 0x00, 0x0F, 0xFF
  0xF0, 0x00, 0x00, 0x00, 0x00, 0x0F, 0xFF, 0xF0, 0x00, 0x00, 0x00, 0x00, 0x1F, 0xFF, 0xF0, 0x00, 0x00
  0x00, 0x00, 0x1F, 0xFF, 0xE0, 0x00, 0x00, 0x00, 0x00, 0x3F, 0xFF, 0xC0, 0x00, 0x00, 0x00, 0x00, 0x4F
  0xFF, 0xA0, 0x00, 0x00, 0x00, 0x00, 0x6F, 0xFF, 0x70, 0x00, 0x00, 0x00, 0x00, 0x9F, 0xFF, 0x40, 0x00
  0x00, 0x00, 0x00, 0xBF, 0xFF, 0x00, 0x00, 0x00, 0x00, 0x00, 0xFF, 0xFB, 0x00, 0x00, 0x00, 0x00, 0x02
  0xFF, 0xF6, 0x00, 0x00, 0x00, 0x00, 0x06, 0xFF, 0xF1, 0x00, 0x00, 0x00, 0x00, 0x0B, 0xFF, 0xB0, 0x00
  0x00, 0x00, 0x00, 0x0F, 0xFF, 0x40, 0x00, 0x00, 0x00, 0x00, 0x5F, 0xFD, 0x00, 0x00, 0x00, 0x00, 0x00
  0xAF, 0xF5, 0x00, 0x00, 0x00, 0x00, 0x01, 0xFF, 0xC0, 0x00, 0x00, 0x00, 0x00, 0x07, 0xFF, 0x30, 0x00
  0x00, 0x00, 0x00, 0x0E, 0xF9, 0x00, 0x00, 0x00, 0x00, 0x00, 0x7F, 0xC0, 0x00, 0x00, 0x00, 0x00, 0x01
  0xFE, 0x10, 0x00, 0x00, 0x00, 0x00, 0x0B, 0xF3, 0x00, 0x00, 0x00, 0x00, 0x00, 0x7E, 0x30, 0x00, 0x00
  0x00, 0x00, 0x07, 0xB1, 0x00, 0x00, 0x00, 0x00, 0x00, 0x05, 0x00, 0x00, 0x00, 0x00, 0x00, 0x00, 0x00
  0x00, 0x00, 0x00, 0x30, 0x00, 0x00, 0x00, 0x00, 0x00, 0x00, 0x00, 0x1D, 0xFF, 0x40, 0x00, 0x00, 0x00
  0x00, 0x00, 0x00, 0x0F, 0xFF, 0x50, 0x00, 0x00, 0x00, 0x00, 0x00, 0x00, 0x0E, 0xFF, 0x30, 0x00, 0x00
  0x00, 0x00, 0x00, 0x00, 0x0C, 0xFF, 0x10, 0x00, 0x00, 0x00, 0x05, 0x00, 0x00, 0x0A, 0xFF, 0x00, 0x00
  0x04, 0x10, 0x9F, 0xE7, 0x00, 0x08, 0xFD, 0x00, 0x05, 0xCF, 0xD1, 0xFF, 0xFF, 0xE8, 0x14, 0xF9, 0x05
  0xDF, 0xFF, 0xF4, 0xEF, 0xFF, 0xFF, 0xE4, 0xE5, 0xBF, 0xFF, 0xFF, 0xF2, 0x03, 0x69, 0xCF, 0xFF, 0xFE
  0xFF, 0xDA, 0x74, 0x10, 0x00, 0x00, 0x00, 0x08, 0xDB, 0x10, 0x00, 0x00, 0x00, 0x00, 0x00, 0x01, 0xDF
  0x4F, 0xE4, 0x00, 0x00, 0x00, 0x00, 0x00, 0x1D, 0xFF, 0x0A, 0xFF, 0x30, 0x00, 0x00, 0x00, 0x00, 0xCF
  0xF7, 0x03, 0xFF, 0xF3, 0x00, 0x00, 0x00, 0x0B, 0xFF, 0xE0, 0x00, 0xAF, 0xFE, 0x20, 0x00, 0x00, 0x8F
  0xFF, 0x60, 0x00, 0x1F, 0xFF, 0xD0, 0x00, 0x00, 0x2F, 0xFD, 0x00, 0x00, 0x08, 0xFF, 0x60, 0x00, 0x00
  0x03, 0x74, 0x00, 0x00, 0x01, 0x85, 0x00, 0x00, 0x00, 0x00, 0x00, 0x00, 0x00, 0x88, 0x10, 0x00, 0x00
  0x00, 0x00, 0x00, 0x00, 0x00, 0x00, 0x00, 0x0F, 0xF2, 0x00, 0x00, 0x00, 0x00, 0x00, 0x00, 0x00, 0x00
  0x00, 0x00, 0xFF, 0x20, 0x00, 0x00, 0x00, 0x00, 0x00, 0x00, 0x00, 0x00, 0x00, 0x0F, 0xF2, 0x00, 0x00
  0x00, 0x00, 0x00, 0x00, 0x00, 0x00, 0x00, 0x00, 0xFF, 0x20, 0x00, 0x00, 0x00, 0x00, 0x00, 0x00, 0x00
  0x00, 0x00, 0x0F, 0xF2, 0x00, 0x00, 0x00, 0x00, 0x00, 0x00, 0x00, 0x00, 0x00, 0x00, 0xFF, 0x20, 0x00
  0x00, 0x00, 0x00, 0x00, 0x00, 0x00, 0x00, 0x00, 0x0F, 0xF2, 0x00, 0x00, 0x00, 0x00, 0x00, 0x00, 0x00
  0x00, 0x00, 0x00, 0xFF, 0x20, 0x00, 0x00, 0x00, 0x00, 0x00, 0x00, 0x00, 0x00, 0x00, 0x0F, 0xF2, 0x00
  0x00, 0x00, 0x00, 0x00, 0xDD, 0xDD, 0xDD, 0xDD, 0xDD, 0xFF, 0xFD, 0xDD, 0xDD, 0xDD, 0xDD, 0x6F, 0xFF
  0xFF, 0xFF, 0xFF, 0xFF, 0xFF, 0xFF, 0xFF, 0xFF, 0xFF, 0xF8, 0xFF, 0xFF, 0xFF, 0xFF, 0xFF, 0xFF, 0xFF
  0xFF, 0xFF, 0xFF, 0xFF, 0x80, 0x00, 0x00, 0x00, 0x00, 0x0F, 0xF2, 0x00, 0x00, 0x00, 0x00, 0x00, 0x00
  0x00, 0x00, 0x00, 0x00, 0xFF, 0x20, 0x00, 0x00, 0x00, 0x00, 0x00, 0x00, 0x00, 0x00, 0x00, 0x0F, 0xF2
  0x00, 0x00, 0x00, 0x00, 0x00, 0x00, 0x00, 0x00, 0x00, 0x00, 0xFF, 0x20, 0x00, 0x00, 0x00, 0x00, 0x00
  0x00, 0x00, 0x00, 0x00, 0x0F, 0xF2, 0x00, 0x00, 0x00, 0x00, 0x00, 0x00, 0x00, 0x00, 0x00, 0x00, 0xFF
  0x20, 0x00, 0x00, 0x00, 0x00, 0x00, 0x00, 0x00, 0x00, 0x00, 0x0F, 0xF2, 0x00, 0x00, 0x00, 0x00, 0x00
  0x00, 0x00, 0x00, 0x00, 0x00, 0xFF, 0x20, 0x00, 0x00, 0x00, 0x00, 0x00, 0x00, 0x00, 0x00, 0x00, 0x0F
  0xF2, 0x00, 0x00, 0x00, 0x00, 0x00, 0x00, 0x00, 0x00, 0x00, 0x00, 0xFF, 0x20, 0x00, 0x00, 0x00, 0x00
  0x00, 0x01, 0x87, 0x10, 0x0E, 0xFF, 0xD0, 0x1F, 0xFF, 0xF5, 0x0A, 0xFF, 0xF9, 0x00, 0xDF, 0xFB, 0x00
  0x4F, 0xF9, 0x00, 0x1F, 0xF5, 0x00, 0x2F, 0xD0, 0x00, 0xAE, 0x20, 0x3B, 0x91, 0x00, 0x0C, 0xDD, 0xDD
  0xDD, 0xDD, 0xDD, 0xDD, 0xDD, 0xDA, 0x1F, 0xFF, 0xFF, 0xFF, 0xFF, 0xFF, 0xFF, 0xFF, 0xFF, 0x0E, 0xFF
  0xFF, 0xFF, 0xFF, 0xFF, 0xFF, 0xFF, 0xFD, 0x2B, 0xFB, 0x2B, 0xFF, 0xFB, 0xFF, 0xFF, 0xFC, 0xFF, 0xFB
  0x2B, 0xFC, 0x20, 0x00, 0x00, 0x00, 0x00, 0x00, 0x00, 0x00, 0x00, 0x00, 0x00, 0x50, 0x00, 0x00, 0x00
  0x00, 0x00, 0x00, 0x00, 0x00, 0x00, 0x05, 0xFB, 0x00, 0x00, 0x00, 0x00, 0x00, 0x00, 0x00, 0x00, 0x00
  0x0D, 0xF6, 0x00, 0x00, 0x00, 0x00, 0x00, 0x00, 0x00, 0x00, 0x00, 0x5F, 0xD0, 0x00, 0x00, 0x00, 0x00
  0x00, 0x00, 0x00, 0x00, 0x00, 0xDF, 0x60, 0x00, 0x00, 0x00, 0x00, 0x00, 0x00, 0x00, 0x00, 0x05, 0xFD
  0x00, 0x00, 0x00, 0x00, 0x00, 0x00, 0x00, 0x00, 0x00, 0x0D, 0xF5, 0x00, 0x00, 0x00, 0x00, 0x00, 0x00
  0x00, 0x00, 0x00, 0x5F, 0xD0, 0x00, 0x00, 0x00, 0x00, 0x00, 0x00, 0x00, 0x00, 0x00, 0xDF, 0x50, 0x00
  0x00, 0x00, 0x00, 0x00, 0x00, 0x00, 0x00, 0x06, 0xFD, 0x00, 0x00, 0x00, 0x00, 0x00, 0x00, 0x00, 0x00
  0x00, 0x0D, 0xF5, 0x00, 0x00, 0x00, 0x00, 0x00, 0x00, 0x00, 0x00, 0x00, 0x6F, 0xD0, 0x00, 0x00, 0x00
  0x00, 0x00, 0x00, 0x00, 0x00, 0x00, 0xDF, 0x50, 0x00, 0x00, 0x00, 0x00, 0x00, 0x00, 0x00, 0x00, 0x06
  0xFD, 0x00, 0x00, 0x00, 0x00, 0x00, 0x00, 0x00, 0x00, 0x00, 0x0D, 0xF5, 0x00, 0x00, 0x00, 0x00, 0x00
  0x00, 0x00, 0x00, 0x00, 0x6F, 0xD0, 0x00, 0x00, 0x00, 0x00, 0x00, 0x00, 0x00, 0x00, 0x00, 0xEF, 0x50
  0x00, 0x00, 0x00, 0x00, 0x00, 0x00, 0x00, 0x00, 0x06, 0xFD, 0x00, 0x00, 0x00, 0x00, 0x00, 0x00, 0x00
  0x00, 0x00, 0x0E, 0xF5, 0x00, 0x00, 0x00, 0x00, 0x00, 0x00, 0x00, 0x00, 0x00, 0x6F, 0xD0, 0x00, 0x00
  0x00, 0x00, 0x00, 0x00, 0x00, 0x00, 0x00, 0xEF, 0x50, 0x00, 0x00, 0x00, 0x00, 0x00, 0x00, 0x00, 0x00
  0x06, 0xFC, 0x00, 0x00, 0x00, 0x00, 0x00, 0x00, 0x00, 0x00, 0x00, 0x0E, 0xF4, 0x00, 0x00, 0x00, 0x00
  0x00, 0x00, 0x00, 0x00, 0x00, 0x6F, 0xC0, 0x00, 0x00, 0x00, 0x00, 0x00, 0x00, 0x00, 0x00, 0x00, 0xEF
  0x40, 0x00, 0x00, 0x00, 0x00, 0x00, 0x00, 0x00, 0x00, 0x07, 0xFC, 0x00, 0x00, 0x00, 0x00, 0x00, 0x00
  0x00, 0x00, 0x00, 0x0E, 0xF4, 0x00, 0x00, 0x00, 0x00, 0x00, 0x00, 0x00, 0x00, 0x00, 0x7F, 0xC0, 0x00
  0x00, 0x00, 0x00, 0x00, 0x00, 0x00, 0x00, 0x00, 0xEF, 0x40, 0x00, 0x00, 0x00, 0x00, 0x00, 0x00, 0x00
  0x00, 0x07, 0xFC, 0x00, 0x00, 0x00, 0x00, 0x00, 0x00, 0x00, 0x00, 0x00, 0x0E, 0xF4, 0x00, 0x00, 0x00
  0x00, 0x00, 0x00, 0x00, 0x00, 0x00, 0x7F, 0xC0, 0x00, 0x00, 0x00, 0x00, 0x00, 0x00, 0x00, 0x00, 0x00
  0xEF, 0x40, 0x00, 0x00, 0x00, 0x00, 0x00, 0x00, 0x00, 0x00, 0x07, 0xFC, 0x00, 0x00, 0x00, 0x00, 0x00
  0x00, 0x00, 0x00, 0x00, 0x0E, 0xF4, 0x00, 0x00, 0x00, 0x00, 0x00, 0x00, 0x00, 0x00, 0x00, 0x7F, 0xC0
  0x00, 0x00, 0x00, 0x00, 0x00, 0x00, 0x00, 0x00, 0x00, 0xEF, 0x40, 0x00, 0x00, 0x00, 0x00, 0x00, 0x00
  0x00, 0x00, 0x07, 0xFB, 0x00, 0x00, 0x00, 0x00, 0x00, 0x00, 0x00, 0x00, 0x00, 0x0E, 0xF3, 0x00, 0x00
  0x00, 0x00, 0x00, 0x00, 0x00, 0x00, 0x00, 0x6F, 0xB0, 0x00, 0x00, 0x00, 0x00, 0x00, 0x00, 0x00, 0x00
  0x00, 0x06, 0x30, 0x00, 0x00, 0x00, 0x00, 0x00, 0x00, 0x00, 0x00, 0x00, 0x00, 0x00, 0x00, 0x00, 0x17
  0xBE, 0xFF, 0xEB, 0x71, 0x00, 0x00, 0x00, 0x00, 0x00, 0x00, 0x00, 0x09, 0xFF, 0xFD, 0xBB, 0xDF, 0xFF
  0x90, 0x00, 0x00, 0x00, 0x00, 0x00, 0x02, 0xDF, 0xFC, 0x30, 0x00, 0x03, 0xBF, 0xFD, 0x20, 0x00, 0x00
  0x00, 0x00, 0x2E, 0xFF, 0x90, 0x00, 0x00, 0x00, 0x09, 0xFF, 0xE2, 0x00, 0x00, 0x00, 0x00, 0xDF, 0xFB
  0x00, 0x00, 0x00, 0x00, 0x00, 0xBF, 0xFD, 0x00, 0x00, 0x00, 0x09, 0xFF, 0xF1, 0x00, 0x00, 0x00, 0x00
  0x00, 0x1F, 0xFF, 0x90, 0x00, 0x00, 0x2F, 0xFF, 0x80, 0x00, 0x00, 0x00, 0x00, 0x00, 0x08, 0xFF, 0xF2
  0x00, 0x00, 0xAF, 0xFF, 0x10, 0x00, 0x00, 0x00, 0x00, 0x00, 0x01, 0xFF, 0xFA, 0x00, 0x01, 0xFF, 0xFB
  0x00, 0x00, 0x00, 0x00, 0x00, 0x00, 0x00, 0xBF, 0xFF, 0x10, 0x07, 0xFF, 0xF5, 0x00, 0x00, 0x00, 0x00
  0x00, 0x00, 0x00, 0x5F, 0xFF, 0x70, 0x0C, 0xFF, 0xF1, 0x00, 0x00, 0x00, 0x00, 0x00, 0x00, 0x00, 0x1F
  0xFF, 0xC0, 0x1F, 0xFF, 0xE0, 0x00, 0x00, 0x00, 0x00, 0x00, 0x00, 0x00, 0x0E, 0xFF, 0xF1, 0x4F, 0xFF
  0xA0, 0x00, 0x00, 0x00, 0x00, 0x00, 0x00, 0x00, 0x0A, 0xFF, 0xF4, 0x7F, 0xFF, 0x80, 0x00, 0x00, 0x00
  0x00, 0x00, 0x00, 0x00, 0x08, 0xFF, 0xF7, 0xAF, 0xFF, 0x60, 0x00, 0x00, 0x00, 0x00, 0x00, 0x00, 0x00
  0x06, 0xFF, 0xFA, 0xBF, 0xFF, 0x40, 0x00, 0x00, 0x00, 0x00, 0x00, 0x00, 0x00, 0x04, 0xFF, 0xFB, 0xDF
  0xFF, 0x30, 0x00, 0x00, 0x00, 0x00, 0x00, 0x00, 0x00, 0x03, 0xFF, 0xFD, 0xEF, 0xFF, 0x20, 0x00, 0x00
  0x00, 0x00, 0x00, 0x00, 0x00, 0x02, 0xFF, 0xFE, 0xFF, 0xFF, 0x10, 0x00, 0x00, 0x00, 0x00, 0x00, 0x00
  0x00, 0x01, 0xFF, 0xFF, 0xFF, 0xFF, 0x10, 0x00, 0x00, 0x00, 0x00, 0x00, 0x00, 0x00, 0x01, 0xFF, 0xFF
  0xFF, 0xFF, 0x10, 0x00, 0x00, 0x00, 0x00, 0x00, 0x00, 0x00, 0x01, 0xFF, 0xFF, 0xFF, 0xFF, 0x10, 0x00
  0x00, 0x00, 0x00, 0x00, 0x00, 0x00, 0x01, 0xFF, 0xFF, 0xEF, 0xFF, 0x20, 0x00, 0x00, 0x00, 0x00, 0x00
  0x00, 0x00, 0x02, 0xFF, 0xFE, 0xDF, 0xFF, 0x30, 0x00, 0x00, 0x00, 0x00, 0x00, 0x00, 0x00, 0x03, 0xFF
  0xFD, 0xBF, 0xFF, 0x40, 0x00, 0x00, 0x00, 0x00, 0x00, 0x00, 0x00, 0x04, 0xFF, 0xFB, 0xAF, 0xFF, 0x60
  0x00, 0x00, 0x00, 0x00, 0x00, 0x00, 0x00, 0x06, 0xFF, 0xFA, 0x7F, 0xFF, 0x80, 0x00, 0x00, 0x00, 0x00
  0x00, 0x00, 0x00, 0x08, 0xFF, 0xF7, 0x4F, 0xFF, 0xA0, 0x00, 0x00, 0x00, 0x00, 0x00, 0x00, 0x00, 0x0A
  0xFF, 0xF4, 0x1F, 0xFF, 0xD0, 0x00, 0x00, 0x00, 0x00, 0x00, 0x00, 0x00, 0x0D, 0xFF, 0xF1, 0x0C, 0xFF
  0xF1, 0x00, 0x00, 0x00, 0x00, 0x00, 0x00, 0x00, 0x1F, 0xFF, 0xC0, 0x07, 0xFF, 0xF5, 0x00, 0x00, 0x00
  0x00, 0x00, 0x00, 0x00, 0x5F, 0xFF, 0x70, 0x01, 0xFF, 0xFB, 0x00, 0x00, 0x00, 0x00, 0x00, 0x00, 0x00
  0xBF, 0xFF, 0x10, 0x00, 0xBF, 0xFF, 0x10, 0x00, 0x00, 0x00, 0x00, 0x00, 0x01, 0xFF, 0xFA, 0x00, 0x00
  0x2F, 0xFF, 0x80, 0x00, 0x00, 0x00, 0x00, 0x00, 0x08, 0xFF, 0xF2, 0x00, 0x00, 0x09, 0xFF, 0xF1, 0x00
  0x00, 0x00, 0x00, 0x00, 0x1F, 0xFF, 0x90, 0x00, 0x00, 0x00, 0xDF, 0xFB, 0x00, 0x00, 0x00, 0x00, 0x00
  0xBF, 0xFD, 0x00, 0x00, 0x00, 0x00, 0x2E, 0xFF, 0x90, 0x00, 0x00, 0x00, 0x09, 0xFF, 0xE2, 0x00, 0x00
  0x00, 0x00, 0x02, 0xDF, 0xFC, 0x30, 0x00, 0x03, 0xBF, 0xFD, 0x20, 0x00, 0x00, 0x00, 0x00, 0x00, 0x09
  0xFF, 0xFD, 0xBB, 0xDF, 0xFF, 0x90, 0x00, 0x00, 0x00, 0x00, 0x00, 0x00, 0x00, 0x17, 0xBE, 0xFF, 0xEB
  0x71, 0x00, 0x00, 0x00, 0x00, 0x00, 0x00, 0x00, 0x00, 0x70, 0x00, 0x00, 0x00, 0x00, 0x00, 0x1B, 0xF0
  0x00, 0x00, 0x00, 0x00, 0x07, 0xEF, 0xF0, 0x00, 0x00, 0x14, 0x7B, 0xFF, 0xFF, 0xF0, 0x00, 0x00, 0x46
  0x7A, 0xFF, 0xFF, 0xF0, 0x00, 0x00, 0x00, 0x00, 0x6F, 0xFF, 0xF0, 0x00, 0x00, 0x00, 0x00, 0x1F, 0xFF
  0xF0, 0x00, 0x00, 0x00, 0x00, 0x0F, 0xFF, 0xF0, 0x00, 0x00, 0x00, 0x00, 0x0F, 0xFF, 0xF0, 0x00, 0x00
  0x00, 0x00, 0x0F, 0xFF, 0xF0, 0x00, 0x00, 0x00, 0x00, 0x0F, 0xFF, 0xF0, 0x00, 0x00, 0x00, 0x00, 0x0F
  0xFF, 0xF0, 0x00, 0x00, 0x00, 0x00, 0x0F, 0xFF, 0xF0, 0x00, 0x00, 0x00, 0x00, 0x0F, 0xFF, 0xF0, 0x00
  0x00, 0x00, 0x00, 0x0F, 0xFF, 0xF0, 0x00, 0x00, 0x00, 0x00, 0x0F, 0xFF, 0xF0, 0x00, 0x00, 0x00, 0x00
  0x0F, 0xFF, 0xF0, 0x00, 0x00, 0x00, 0x00, 0x0F, 0xFF, 0xF0, 0x00, 0x00, 0x00, 0x00, 0x0F, 0xFF, 0xF0
  0x00, 0x00, 0x00, 0x00, 0x0F, 0xFF, 0xF0, 0x00, 0x00, 0x00, 0x00, 0x0F, 0xFF, 0xF0, 0x00, 0x00, 0x00
  0x00, 0x0F, 0xFF, 0xF0, 0x00, 0x00, 0x00, 0x00, 0x0F, 0xFF, 0xF0, 0x00, 0x00, 0x00, 0x00, 0x0F, 0xFF
  0xF0, 0x00, 0x00, 0x00, 0x00, 0x0F, 0xFF, 0xF0, 0x00, 0x00, 0x00, 0x00, 0x0F, 0xFF, 0xF0, 0x00, 0x00
  0x00, 0x00, 0x0F, 0xFF, 0xF0, 0x00, 0x00, 0x00, 0x00, 0x0F, 0xFF, 0xF0, 0x00, 0x00, 0x00, 0x00, 0x0F
  0xFF, 0xF0, 0x00, 0x00, 0x00, 0x00, 0x0F, 0xFF, 0xF0, 0x00, 0x00, 0x00, 0x00, 0x0F, 0xFF, 0xF0, 0x00
  0x00, 0x00, 0x00, 0x0F, 0xFF, 0xF0, 0x00, 0x00, 0x00, 0x00, 0x0F, 0xFF, 0xF0, 0x00, 0x00, 0x00, 0x00
  0x0F, 0xFF, 0xF0, 0x00, 0x00, 0x00, 0x00, 0x0F, 0xFF, 0xF0, 0x00, 0x00, 0x00, 0x00, 0x0F, 0xFF, 0xF0
  0x00, 0x00, 0x00, 0x00, 0x1F, 0xFF, 0xF2, 0x00, 0x00, 0x00, 0x00, 0x8F, 0xFF, 0xF8, 0x00, 0x00, 0x01
  0x28, 0xFF, 0xFF, 0xFF, 0x92, 0x10, 0x3E, 0xEE, 0xEE, 0xEE, 0xEE, 0xEE, 0xE3, 0x00, 0x00, 0x00, 0x02
  0x58, 0x9A, 0x97, 0x40, 0x00, 0x00, 0x00, 0x00, 0x00, 0x00, 0x00, 0x28, 0xDF, 0xFF, 0xFF, 0xFF, 0xFF
  0xB3, 0x00, 0x00, 0x00, 0x00, 0x00, 0x1A, 0xFF, 0xF9, 0x52, 0x00, 0x25, 0xBF, 0xFF, 0xA1, 0x00, 0x00
  0x00, 0x03, 0xEF, 0xFB, 0x10, 0x00, 0x00, 0x00, 0x05, 0xFF, 0xFD, 0x10, 0x00, 0x00, 0x0A, 0xFF, 0xB0
  0x00, 0x00, 0x00, 0x00, 0x00, 0x3F, 0xFF, 0xD0, 0x00, 0x00, 0x07, 0xFE, 0x00, 0x00, 0x00, 0x00, 0x00
  0x00, 0x08, 0xFF, 0xF9, 0x00, 0x00, 0x05, 0xF7, 0x00, 0x00, 0x00, 0x00, 0x00, 0x00, 0x00, 0xFF, 0xFF
  0x10, 0x00, 0x02, 0xF1, 0x00, 0x00, 0x00, 0x00, 0x00, 0x00, 0x00, 0x9F, 0xFF, 0x70, 0x00, 0x00, 0xE0
  0x00, 0x00, 0x00, 0x00, 0x00, 0x00, 0x00, 0x5F, 0xFF, 0xB0, 0x00, 0x00, 0xA0, 0x00, 0x00, 0x00, 0x00
  0x00, 0x00, 0x00, 0x2F, 0xFF, 0xE0, 0x00, 0x00, 0x10, 0x00, 0x00, 0x00, 0x00, 0x00, 0x00, 0x00, 0x1F
  0xFF, 0xF0, 0x00, 0x00, 0x00, 0x00, 0x00, 0x00, 0x00, 0x00, 0x00, 0x00, 0x0F, 0xFF, 0xF0, 0x00, 0x00
  0x00, 0x00, 0x00, 0x00, 0x00, 0x00, 0x00, 0x00, 0x0F, 0xFF, 0xF0, 0x00, 0x00, 0x00, 0x00, 0x00, 0x00
  0x00, 0x00, 0x00, 0x00, 0x2F, 0xFF, 0xD0, 0x00, 0x00, 0x00, 0x00, 0x00, 0x00, 0x00, 0x00, 0x00, 0x00
  0x6F, 0xFF, 0xA0, 0x00, 0x00, 0x00, 0x00, 0x00, 0x00, 0x00, 0x00, 0x00, 0x00, 0xAF, 0xFF, 0x60, 0x00
  0x00, 0x00, 0x00, 0x00, 0x00, 0x00, 0x00, 0x00, 0x00, 0xFF, 0xFF, 0x10, 0x00, 0x00, 0x00, 0x00, 0x00
  0x00, 0x00, 0x00, 0x00, 0x06, 0xFF, 0xFA, 0x00, 0x00, 0x00, 0x00, 0x00, 0x00, 0x00, 0x00, 0x00, 0x00
  0x0E, 0xFF, 0xF2, 0x00, 0x00, 0x00, 0x00, 0x00, 0x00, 0x00, 0x00, 0x00, 0x00, 0x6F, 0xFF, 0xA0, 0x00
  0x00, 0x00, 0x00, 0x00, 0x00, 0x00, 0x00, 0x00, 0x00, 0xEF, 0xFF, 0x20, 0x00, 0x00, 0x00, 0x00, 0x00
  0x00, 0x00, 0x00, 0x00, 0x08, 0xFF, 0xF8, 0x00, 0x00, 0x00, 0x00, 0x00, 0x00, 0x00, 0x00, 0x00, 0x00
  0x2F, 0xFF, 0xD0, 0x00, 0x00, 0x00, 0x00, 0x00, 0x00, 0x00, 0x00, 0x00, 0x00, 0xBF, 0xFF, 0x30, 0x00
  0x00, 0x00, 0x00, 0x00, 0x00, 0x00, 0x00, 0x00, 0x07, 0xFF, 0xF6, 0x00, 0x00, 0x00, 0x00, 0x00, 0x00
  0x00, 0x00, 0x00, 0x00, 0x2F, 0xFF, 0xA0, 0x00, 0x00, 0x00, 0x00, 0x00, 0x00, 0x00, 0x00, 0x00, 0x00
  0xDF, 0xFD, 0x00, 0x00, 0x00, 0x00, 0x00, 0x00, 0x00, 0x00, 0x00, 0x00, 0x09, 0xFF, 0xE1, 0x00, 0x00
  0x00, 0x00, 0x00, 0x00, 0x00, 0x00, 0x00, 0x00, 0x6F, 0xFF, 0x30, 0x00, 0x00, 0x00, 0x00, 0x00, 0x00
  0x00, 0x00, 0x00, 0x03, 0xFF, 0xF4, 0x00, 0x00, 0x00, 0x00, 0x00, 0x00, 0x00, 0x00, 0x00, 0x00, 0x1E
  0xFF, 0x50, 0x00, 0x00, 0x00, 0x00, 0x00, 0x00, 0x00, 0x00, 0x00, 0x00, 0xDF, 0xF6, 0x00, 0x00, 0x00
  0x00, 0x00, 0x00, 0x00, 0x00, 0x00, 0x00, 0x0B, 0xFF, 0x60, 0x00, 0x00, 0x00, 0x00, 0x00, 0x00, 0x25
  0x00, 0x00, 0x00, 0xAF, 0xF7, 0x00, 0x00, 0x00, 0x00, 0x00, 0x00, 0x00, 0xA2, 0x00, 0x00, 0x09, 0xFF
  0x70, 0x00, 0x00, 0x00, 0x00, 0x00, 0x00, 0x05, 0xD0, 0x00, 0x00, 0x8F, 0xF7, 0x00, 0x00, 0x00, 0x00
  0x00, 0x00, 0x00, 0x3F, 0x80, 0x00, 0x07, 0xFF, 0x80, 0x00, 0x00, 0x00, 0x00, 0x00, 0x00, 0x38, 0xFF
  0x20, 0x00, 0x7F, 0xFF, 0xFF, 0xFF, 0xFF, 0xFF, 0xFF, 0xFF, 0xFF, 0xFF, 0xFD, 0x00, 0x07, 0xFF, 0xFF
  0xFF, 0xFF, 0xFF, 0xFF, 0xFF, 0xFF, 0xFF, 0xFF, 0xF8, 0x00, 0x6F, 0xFF, 0xFF, 0xFF, 0xFF, 0xFF, 0xFF
  0xFF, 0xFF, 0xFF, 0xFF, 0xF2, 0x00, 0x00, 0x00, 0x17, 0xBE, 0xFF, 0xFD, 0xB7, 0x20, 0x00, 0x00, 0x00
  0x00, 0x08, 0xFF, 0xFD, 0xBB, 0xCE, 0xFF, 0xFB, 0x20, 0x00, 0x00, 0x01, 0xDF, 0xF7, 0x10, 0x00, 0x00
  0x5D, 0xFF, 0xF6, 0x00, 0x00, 0x1E, 0xFE, 0x30, 0x00, 0x00, 0x00, 0x01, 0xCF, 0xFF, 0x60, 0x00, 0x4F
  0xF4, 0x00, 0x00, 0x00, 0x00, 0x00, 0x1E, 0xFF, 0xF2, 0x00, 0x1F, 0xA0, 0x00, 0x00, 0x00, 0x00, 0x00
  0x08, 0xFF, 0xF9, 0x00, 0x0E, 0x50, 0x00, 0x00, 0x00, 0x00, 0x00, 0x02, 0xFF, 0xFE, 0x00, 0x0A, 0x10
  0x00, 0x00, 0x00, 0x00, 0x00, 0x00, 0xFF, 0xFF, 0x00, 0x06, 0x00, 0x00, 0x00, 0x00, 0x00, 0x00, 0x00
  0xFF, 0xFF, 0x00, 0x00, 0x00, 0x00, 0x00, 0x00, 0x00, 0x00, 0x02, 0xFF, 0xFE, 0x00, 0x00, 0x00, 0x00
  0x00, 0x00, 0x00, 0x00, 0x05, 0xFF, 0xFA, 0x00, 0x00, 0x00, 0x00, 0x00, 0x00, 0x00, 0x00, 0x0B, 0xFF
  0xF4, 0x00, 0x00, 0x00, 0x00, 0x00, 0x00, 0x00, 0x00, 0x4F, 0xFF, 0xB0, 0x00, 0x00, 0x00, 0x00, 0x00
  0x00, 0x00, 0x03, 0xEF, 0xFE, 0x10, 0x00, 0x00, 0x00, 0x00, 0x00, 0x00, 0x00, 0x3E, 0xFF, 0xE2, 0x00
  0x00, 0x00, 0x00, 0x00, 0x00, 0x00, 0x19, 0xFF, 0xFC, 0x10, 0x00, 0x00, 0x00, 0x00, 0x00, 0x02, 0x5A
  0xFF, 0xEA, 0x40, 0x00, 0x00, 0x00, 0x00, 0x00, 0x03, 0xFF, 0xFF, 0xFF, 0xFD, 0x81, 0x00, 0x00, 0x00
  0x00, 0x00, 0x00, 0x12, 0x36, 0xBF, 0xFF, 0xFF, 0x80, 0x00, 0x00, 0x00, 0x00, 0x00, 0x00, 0x00, 0x00
  0x6E, 0xFF, 0xFC, 0x10, 0x00, 0x00, 0x00, 0x00, 0x00, 0x00, 0x00, 0x01, 0xCF, 0xFF, 0xC0, 0x00, 0x00
  0x00, 0x00, 0x00, 0x00, 0x00, 0x00, 0x0C, 0xFF, 0xF8, 0x00, 0x00, 0x00, 0x00, 0x00, 0x00, 0x00, 0x00
  0x02, 0xFF, 0xFF, 0x10, 0x00, 0x00, 0x00, 0x00, 0x00, 0x00, 0x00, 0x00, 0xAF, 0xFF, 0x70, 0x00, 0x00
  0x00, 0x00, 0x00, 0x00, 0x00, 0x00, 0x5F, 0xFF, 0xC0, 0x00, 0x00, 0x00, 0x00, 0x00, 0x00, 0x00, 0x00
  0x2F, 0xFF, 0xE0, 0x00, 0x00, 0x00, 0x00, 0x00, 0x00, 0x00, 0x00, 0x0F, 0xFF, 0xF0, 0x00, 0x00, 0x00
  0x00, 0x00, 0x00, 0x00, 0x00, 0x0F, 0xFF, 0xF0, 0x00, 0x00, 0x00, 0x00, 0x00, 0x00, 0x00, 0x00, 0x1F
  0xFF, 0xF0, 0x00, 0x00, 0x00, 0x00, 0x00, 0x00, 0x00, 0x00, 0x3F, 0xFF, 0xC0, 0x00, 0x00, 0x00, 0x00
  0x00, 0x00, 0x00, 0x00, 0x7F, 0xFF, 0x80, 0x00, 0x00, 0x00, 0x00, 0x00, 0x00, 0x00, 0x00, 0xDF, 0xFF
  0x30, 0x00, 0x00, 0x00, 0x00, 0x00, 0x00, 0x00, 0x04, 0xFF, 0xFB, 0x00, 0x00, 0x00, 0x00, 0x00, 0x00
  0x00, 0x00, 0x0D, 0xFF, 0xF2, 0x00, 0x00, 0x00, 0x00, 0x00, 0x00, 0x00, 0x00, 0x8F, 0xFF, 0x80, 0x00
  0x00, 0x00, 0x00, 0x00, 0x00, 0x00, 0x06, 0xFF, 0xFA, 0x00, 0x00, 0x00, 0x00, 0x00, 0x00, 0x00, 0x00
  0x7F, 0xFF, 0xB0, 0x00, 0x00, 0x00, 0x00, 0x00, 0x00, 0x00, 0x2C, 0xFF, 0xF9, 0x00, 0x00, 0x00, 0x00
  0x00, 0x00, 0x00, 0x18, 0xFF, 0xFD, 0x40, 0x00, 0x00, 0x00, 0x00, 0x00, 0x01, 0x5A, 0xFF, 0xFD, 0x70
  0x00, 0x00, 0x00, 0x00, 0x38, 0xAB, 0xEF, 0xFF, 0xC9, 0x40, 0x00, 0x00, 0x00, 0x00, 0x00, 0x01, 0x24
  0x43, 0x20, 0x00, 0x00, 0x00, 0x00, 0x00, 0x00, 0x00, 0x00, 0x00, 0x00, 0x00, 0x00, 0x00, 0x00, 0x00
  0x00, 0x02, 0x80, 0x00, 0x00, 0x00, 0x00, 0x00, 0x00, 0x00, 0x00, 0x00, 0x00, 0x00, 0x00, 0xFF, 0x10
  0x00, 0x00, 0x00, 0x00, 0x00, 0x00, 0x00, 0x00, 0x00, 0x00, 0x00, 0xAF, 0xF1, 0x00, 0x00, 0x00, 0x00
  0x00, 0x00, 0x00, 0x00, 0x00, 0x00, 0x00, 0x7F, 0xFF, 0x10, 0x00, 0x00, 0x00, 0x00, 0x00, 0x00, 0x00
  0x00, 0x00, 0x00, 0x4F, 0xFF, 0xF1, 0x00, 0x00, 0x00, 0x00, 0x00, 0x00, 0x00, 0x00, 0x00, 0x00, 0x2E
  0xFF, 0xFF, 0x10, 0x00, 0x00, 0x00, 0x00, 0x00, 0x00, 0x00, 0x00, 0x00, 0x0D, 0xFF, 0xFF, 0xF1, 0x00
  0x00, 0x00, 0x00, 0x00, 0x00, 0x00, 0x00, 0x00, 0x0A, 0xF8, 0xFF, 0xFF, 0x10, 0x00, 0x00, 0x00, 0x00
  0x00, 0x00, 0x00, 0x00, 0x07, 0xFB, 0x0F, 0xFF, 0xF1, 0x00, 0x00, 0x00, 0x00, 0x00, 0x00, 0x00, 0x00
  0x04, 0xFD, 0x00, 0xFF, 0xFF, 0x10, 0x00, 0x00, 0x00, 0x00, 0x00, 0x00, 0x00, 0x02, 0xEF, 0x20, 0x0F
  0xFF, 0xF1, 0x00, 0x00, 0x00, 0x00, 0x00, 0x00, 0x00, 0x00, 0xDF, 0x40, 0x00, 0xFF, 0xFF, 0x10, 0x00
  0x00, 0x00, 0x00, 0x00, 0x00, 0x00, 0xAF, 0x80, 0x00, 0x0F, 0xFF, 0xF1, 0x00, 0x00, 0x00, 0x00, 0x00
  0x00, 0x00, 0x7F, 0xB0, 0x00, 0x00, 0xFF, 0xFF, 0x10, 0x00, 0x00, 0x00, 0x00, 0x00, 0x00, 0x4F, 0xD0
  0x00, 0x00, 0x0F, 0xFF, 0xF1, 0x00, 0x00, 0x00, 0x00, 0x00, 0x00, 0x2E, 0xF2, 0x00, 0x00, 0x00, 0xFF
  0xFF, 0x10, 0x00, 0x00, 0x00, 0x00, 0x00, 0x0C, 0xF4, 0x00, 0x00, 0x00, 0x0F, 0xFF, 0xF1, 0x00, 0x00
  0x00, 0x00, 0x00, 0x0A, 0xF7, 0x00, 0x00, 0x00, 0x00, 0xFF, 0xFF, 0x10, 0x00, 0x00, 0x00, 0x00, 0x07
  0xFB, 0x00, 0x00, 0x00, 0x00, 0x0F, 0xFF, 0xF1, 0x00, 0x00, 0x00, 0x00, 0x04, 0xFD, 0x00, 0x00, 0x00
  0x00, 0x00, 0xFF, 0xFF, 0x10, 0x00, 0x00, 0x00, 0x01, 0xEF, 0x20, 0x00, 0x00, 0x00, 0x00, 0x0F, 0xFF
  0xF1, 0x00, 0x00, 0x00, 0x00, 0xCF, 0x40, 0x00, 0x00, 0x00, 0x00, 0x00, 0xFF, 0xFF, 0x10, 0x00, 0x00
  0x00, 0xAF, 0x70, 0x00, 0x00, 0x00, 0x00, 0x00, 0x0F, 0xFF, 0xF1, 0x00, 0x05, 0xC0, 0x7F, 0xFF, 0xFF
  0xFF, 0xFF, 0xFF, 0xFF, 0xFF, 0xFF, 0xFF, 0xFF, 0xFF, 0xF8, 0x4F, 0xFF, 0xFF, 0xFF, 0xFF, 0xFF, 0xFF
  0xFF, 0xFF, 0xFF, 0xFF, 0xFF, 0xFF, 0x4E, 0xFF, 0xFF, 0xFF, 0xFF, 0xFF, 0xFF, 0xFF, 0xFF, 0xFF, 0xFF
  0xFF, 0xFF, 0xF0, 0x00, 0x00, 0x00, 0x00, 0x00, 0x00, 0x00, 0x00, 0x0F, 0xFF, 0xF1, 0x00, 0x00, 0x00
  0x00, 0x00, 0x00, 0x00, 0x00, 0x00, 0x00, 0x00, 0xFF, 0xFF, 0x10, 0x00, 0x00, 0x00, 0x00, 0x00, 0x00
  0x00, 0x00, 0x00, 0x00, 0x0F, 0xFF, 0xF1, 0x00, 0x00, 0x00, 0x00, 0x00, 0x00, 0x00, 0x00, 0x00, 0x00
  0x00, 0xFF, 0xFF, 0x10, 0x00, 0x00, 0x00, 0x00, 0x00, 0x00, 0x00, 0x00, 0x00, 0x00, 0x0F, 0xFF, 0xF1
  0x00, 0x00, 0x00, 0x00, 0x00, 0x00, 0x00, 0x00, 0x00, 0x00, 0x00, 0xFF, 0xFF, 0x10, 0x00, 0x00, 0x00
  0x00, 0x00, 0x00, 0x00, 0x00, 0x00, 0x00, 0x0F, 0xFF, 0xF1, 0x00, 0x00, 0x00, 0x00, 0x00, 0x00, 0x00
  0x00, 0x00, 0x00, 0x00, 0xFF, 0xFF, 0x10, 0x00, 0x00, 0x00, 0x00, 0x00, 0x00, 0x00, 0x00, 0x00, 0x00
  0x0F, 0xFF, 0xF1, 0x00, 0x00, 0x00, 0x00, 0x00, 0x00, 0x00, 0x00, 0x00, 0x00, 0x00, 0xFF, 0xFF, 0x10
  0x00, 0x00, 0x00, 0x00, 0x00, 0x00, 0x00, 0x00, 0x00, 0x00, 0x0F, 0xFF, 0xF1, 0x00, 0x00, 0x00, 0x00
  0x00, 0x00, 0x00, 0x00, 0x00, 0x00, 0x03, 0xFF, 0xFF, 0x50, 0x00, 0x00, 0x00, 0x00, 0x00, 0x00, 0x00
  0x00, 0x00, 0x25, 0xEF, 0xFF, 0xFF, 0x62, 0x00, 0x00, 0x00, 0x00, 0x00, 0x00, 0x00, 0x00, 0x9F, 0xFF
  0xFF, 0xFF, 0xFF, 0xFA, 0x00, 0x00, 0x00, 0x00, 0x00, 0x00, 0x00, 0x00, 0x00, 0x00, 0x00, 0x50, 0x00
  0x00, 0x00, 0x00, 0x00, 0x00, 0x00, 0x00, 0x00, 0x5A, 0x00, 0x00, 0x00, 0x00, 0x00, 0x00, 0x00, 0x00
  0x02, 0x9F, 0x60, 0x00, 0x00, 0x23, 0x56, 0x78, 0xAB, 0xCE, 0xFF, 0xFF, 0xF1, 0x00, 0x00, 0x0F, 0xFF
  0xFF, 0xFF, 0xFF, 0xFF, 0xFF, 0xFD, 0x00, 0x00, 0x04, 0xFF, 0xFF, 0xFF, 0xFF, 0xFF, 0xFF, 0xFF, 0x80
  0x00, 0x00, 0x9F, 0xFF, 0xFF, 0xFF, 0xFF, 0xFF, 0xFF, 0xF4, 0x00, 0x00, 0x0D, 0xF1, 0x00, 0x00, 0x00
  0x00, 0x00, 0x00, 0x00, 0x00, 0x01, 0xFC, 0x00, 0x00, 0x00, 0x00, 0x00, 0x00, 0x00, 0x00, 0x00, 0x6F
  0x80, 0x00, 0x00, 0x00, 0x00, 0x00, 0x00, 0x00, 0x00, 0x0A, 0xF3, 0x00, 0x00, 0x00, 0x00, 0x00, 0x00
  0x00, 0x00, 0x00, 0xEF, 0x00, 0x00, 0x00, 0x00, 0x00, 0x00, 0x00, 0x00, 0x00, 0x3F, 0xA0, 0x00, 0x00
  0x00, 0x00, 0x00, 0x00, 0x00, 0x00, 0x08, 0xF6, 0x00, 0x00, 0x00, 0x00, 0x00, 0x00, 0x00, 0x00, 0x00
  0xCF, 0x20, 0x00, 0x00, 0x00, 0x00, 0x00, 0x00, 0x00, 0x00, 0x1F, 0xD0, 0x35, 0x67, 0x76, 0x41, 0x00
  0x00, 0x00, 0x00, 0x05, 0xFF, 0xFF, 0xFF, 0xFF, 0xFF, 0xFC, 0x60, 0x00, 0x00, 0x00, 0x9F, 0xFF, 0xFF
  0xFF, 0xFF, 0xFF, 0xFF, 0xE5, 0x00, 0x00, 0x0E, 0xFF, 0xDA, 0x88, 0x9A, 0xEF, 0xFF, 0xFF, 0xF9, 0x00
  0x00, 0x84, 0x00, 0x00, 0x00, 0x00, 0x29, 0xFF, 0xFF, 0xF8, 0x00, 0x00, 0x00, 0x00, 0x00, 0x00, 0x00
  0x02, 0xDF, 0xFF, 0xF4, 0x00, 0x00, 0x00, 0x00, 0x00, 0x00, 0x00, 0x01, 0xDF, 0xFF, 0xD0, 0x00, 0x00
  0x00, 0x00, 0x00, 0x00, 0x00, 0x03, 0xFF, 0xFF, 0x40, 0x00, 0x00, 0x00, 0x00, 0x00, 0x00, 0x00, 0x0B
  0xFF, 0xF9, 0x00, 0x00, 0x00, 0x00, 0x00, 0x00, 0x00, 0x00, 0x5F, 0xFF, 0xC0, 0x00, 0x00, 0x00, 0x00
  0x00, 0x00, 0x00, 0x03, 0xFF, 0xFE, 0x00, 0x00, 0x00, 0x00, 0x00, 0x00, 0x00, 0x00, 0x2F, 0xFF, 0xF0
  0x00, 0x00, 0x00, 0x00, 0x00, 0x00, 0x00, 0x02, 0xFF, 0xFF, 0x00, 0x00, 0x00, 0x00, 0x00, 0x00, 0x00
  0x00, 0x3F, 0xFF, 0xE0, 0x00, 0x00, 0x00, 0x00, 0x00, 0x00, 0x00, 0x06, 0xFF, 0xFD, 0x00, 0x00, 0x00
  0x00, 0x00, 0x00, 0x00, 0x00, 0xAF, 0xFF, 0xA0, 0x00, 0x00, 0x00, 0x00, 0x00, 0x00, 0x00, 0x0E, 0xFF
  0xF6, 0x00, 0x00, 0x00, 0x00, 0x00, 0x00, 0x00, 0x06, 0xFF, 0xFF, 0x10, 0x00, 0x00, 0x00, 0x00, 0x00
  0x00, 0x00, 0xEF, 0xFF, 0x90, 0x00, 0x00, 0x00, 0x00, 0x00, 0x00, 0x00, 0x8F, 0xFF, 0xE1, 0x00, 0x00
  0x00, 0x00, 0x00, 0x00, 0x00, 0x4F, 0xFF, 0xF3, 0x00, 0x00, 0x00, 0x00, 0x00, 0x00, 0x00, 0x3F, 0xFF
  0xF7, 0x00, 0x00, 0x00, 0x00, 0x00, 0x00, 0x00, 0x3E, 0xFF, 0xF7, 0x00, 0x00, 0x00, 0x00, 0x00, 0x00
  0x00, 0x5F, 0xFF, 0xF5, 0x00, 0x00, 0x00, 0x00, 0x00, 0x00, 0x01, 0xAF, 0xFF, 0xB2, 0x00, 0x00, 0x00
  0x00, 0x00, 0x00, 0x17, 0xFF, 0xFD, 0x50, 0x00, 0x00, 0x00, 0x00, 0x00, 0x03, 0x9F, 0xFF, 0xA4, 0x00
  0x00, 0x00, 0x00, 0x00, 0x39, 0xBE, 0xEB, 0x84, 0x00, 0x00, 0x00, 0x00, 0x00, 0x00, 0x00, 0x11, 0x00
  0x00, 0x00, 0x00, 0x00, 0x00, 0x00, 0x00, 0x00, 0x00, 0x00, 0x00, 0x00, 0x00, 0x00, 0x00, 0x00, 0x25
  0x30, 0x00, 0x00, 0x00, 0x00, 0x00, 0x00, 0x00, 0x00, 0x00, 0x39, 0xEC, 0x50, 0x00, 0x00, 0x00, 0x00
  0x00, 0x00, 0x00, 0x00, 0x04, 0xCF, 0xC3, 0x00, 0x00, 0x00, 0x00, 0x00, 0x00, 0x00, 0x00, 0x00, 0x1A
  0xFF, 0x70, 0x00, 0x00, 0x00, 0x00, 0x00, 0x00, 0x00, 0x00, 0x00, 0x2D, 0xFE, 0x30, 0x00, 0x00, 0x00
  0x00, 0x00, 0x00, 0x00, 0x00, 0x00, 0x3F, 0xFE, 0x20, 0x00, 0x00, 0x00, 0x00, 0x00, 0x00, 0x00, 0x00
  0x00, 0x3F, 0xFF, 0x30, 0x00, 0x00, 0x00, 0x00, 0x00, 0x00, 0x00, 0x00, 0x00, 0x1E, 0xFF, 0x50, 0x00
  0x00, 0x00, 0x00, 0x00, 0x00, 0x00, 0x00, 0x00, 0x0B, 0xFF, 0x90, 0x00, 0x00, 0x00, 0x00, 0x00, 0x00
  0x00, 0x00, 0x00, 0x06, 0xFF, 0xE1, 0x00, 0x00, 0x00, 0x00, 0x00, 0x00, 0x00, 0x00, 0x00, 0x01, 0xFF
  0xF7, 0x00, 0x00, 0x00, 0x00, 0x00, 0x00, 0x00, 0x00, 0x00, 0x00, 0x9F, 0xFF, 0x00, 0x00, 0x00, 0x00
  0x00, 0x00, 0x00, 0x00, 0x00, 0x00, 0x1F, 0xFF, 0x90, 0x00, 0x00, 0x00, 0x00, 0x00, 0x00, 0x00, 0x00
  0x00, 0x08, 0xFF, 0xF2, 0x00, 0x00, 0x00, 0x00, 0x00, 0x00, 0x00, 0x00, 0x00, 0x00, 0xEF, 0xFC, 0x00
  0x00, 0x00, 0x00, 0x00, 0x00, 0x00, 0x00, 0x00, 0x00, 0x4F, 0xFF, 0x80, 0x00, 0x00, 0x00, 0x00, 0x00
  0x00, 0x00, 0x00, 0x00, 0x09, 0xFF, 0xF3, 0x00, 0x00, 0x00, 0x00, 0x00, 0x00, 0x00, 0x00, 0x00, 0x00
  0xDF, 0xFF, 0x00, 0x00, 0x00, 0x00, 0x00, 0x00, 0x00, 0x00, 0x00, 0x00, 0x1F, 0xFF, 0xC0, 0x00, 0x00
  0x00, 0x00, 0x00, 0x00, 0x00, 0x00, 0x00, 0x05, 0xFF, 0xF9, 0x00, 0x00, 0x00, 0x6B, 0xEF, 0xFE, 0xA4
  0x00, 0x00, 0x00, 0x8F, 0xFF, 0x70, 0x00, 0x07, 0xEF, 0xFF, 0xFF, 0xFF, 0xFB, 0x10, 0x00, 0x0A, 0xFF
  0xF5, 0x00, 0x1B, 0xA5, 0x10, 0x13, 0x8F, 0xFF, 0xFE, 0x10, 0x00, 0xCF, 0xFF, 0x30, 0x1A, 0x20, 0x00
  0x00, 0x00, 0x2D, 0xFF, 0xFD, 0x00, 0x0E, 0xFF, 0xF2, 0x06, 0x10, 0x00, 0x00, 0x00, 0x00, 0x1D, 0xFF
  0xF7, 0x00, 0xFF, 0xFF, 0x20, 0x00, 0x00, 0x00, 0x00, 0x00, 0x00, 0x5F, 0xFF, 0xF0, 0x0F, 0xFF, 0xF1
  0x00, 0x00, 0x00, 0x00, 0x00, 0x00, 0x00, 0xDF, 0xFF, 0x50, 0xFF, 0xFF, 0x10, 0x00, 0x00, 0x00, 0x00
  0x00, 0x00, 0x08, 0xFF, 0xFA, 0x0F, 0xFF, 0xF2, 0x00, 0x00, 0x00, 0x00, 0x00, 0x00, 0x00, 0x3F, 0xFF
  0xC0, 0xEF, 0xFF, 0x30, 0x00, 0x00, 0x00, 0x00, 0x00, 0x00, 0x02, 0xFF, 0xFF, 0x0C, 0xFF, 0xF4, 0x00
  0x00, 0x00, 0x00, 0x00, 0x00, 0x00, 0x0F, 0xFF, 0xF0, 0xAF, 0xFF, 0x60, 0x00, 0x00, 0x00, 0x00, 0x00
  0x00, 0x00, 0xFF, 0xFF, 0x06, 0xFF, 0xF9, 0x00, 0x00, 0x00, 0x00, 0x00, 0x00, 0x00, 0x1F, 0xFF, 0xE0
  0x2F, 0xFF, 0xC0, 0x00, 0x00, 0x00, 0x00, 0x00, 0x00, 0x03, 0xFF, 0xFB, 0x00, 0xDF, 0xFF, 0x00, 0x00
  0x00, 0x00, 0x00, 0x00, 0x00, 0x6F, 0xFF, 0x60, 0x07, 0xFF, 0xF6, 0x00, 0x00, 0x00, 0x00, 0x00, 0x00
  0x0A, 0xFF, 0xF1, 0x00, 0x1E, 0xFF, 0xC0, 0x00, 0x00, 0x00, 0x00, 0x00, 0x01, 0xFF, 0xFA, 0x00, 0x00
  0x7F, 0xFF, 0x50, 0x00, 0x00, 0x00, 0x00, 0x00, 0x7F, 0xFF, 0x20, 0x00, 0x00, 0xBF, 0xFE, 0x10, 0x00
  0x00, 0x00, 0x00, 0x2E, 0xFF, 0x70, 0x00, 0x00, 0x01, 0xDF, 0xFC, 0x10, 0x00, 0x00, 0x00, 0x1D, 0xFF
  0xA0, 0x00, 0x00, 0x00, 0x01, 0xBF, 0xFE, 0x50, 0x00, 0x00, 0x4D, 0xFF, 0x90, 0x00, 0x00, 0x00, 0x00
  0x00, 0x6E, 0xFF, 0xFB, 0xAB, 0xEF, 0xFD, 0x50, 0x00, 0x00, 0x00, 0x00, 0x00, 0x00, 0x05, 0xAD, 0xFF
  0xFD, 0x95, 0x00, 0x00, 0x00, 0x00, 0x0A, 0xFF, 0xFF, 0xFF, 0xFF, 0xFF, 0xFF, 0xFF, 0xFF, 0xFF, 0xFF
  0xF4, 0x0E, 0xFF, 0xFF, 0xFF, 0xFF, 0xFF, 0xFF, 0xFF, 0xFF, 0xFF, 0xFF, 0xE0, 0x2F, 0xFF, 0xFF, 0xFF
  0xFF, 0xFF, 0xFF, 0xFF, 0xFF, 0xFF, 0xFF, 0x80, 0x6F, 0x82, 0x00, 0x00, 0x00, 0x00, 0x00, 0x00, 0x00
  0x01, 0xFF, 0x20, 0xA7, 0x00, 0x00, 0x00, 0x00, 0x00, 0x00, 0x00, 0x00, 0x07, 0xFC, 0x00, 0xB0, 0x00
  0x00, 0x00, 0x00, 0x00, 0x00, 0x00, 0x00, 0x0D, 0xF6, 0x00, 0x20, 0x00, 0x00, 0x00, 0x00, 0x00, 0x00
  0x00, 0x00, 0x3F, 0xF1, 0x00, 0x00, 0x00, 0x00, 0x00, 0x00, 0x00, 0x00, 0x00, 0x00, 0x9F, 0xA0, 0x00
  0x00, 0x00, 0x00, 0x00, 0x00, 0x00, 0x00, 0x00, 0x00, 0xFF, 0x40, 0x00, 0x00, 0x00, 0x00, 0x00, 0x00
  0x00, 0x00, 0x00, 0x05, 0xFE, 0x00, 0x00, 0x00, 0x00, 0x00, 0x00, 0x00, 0x00, 0x00, 0x00, 0x0B, 0xF8
  0x00, 0x00, 0x00, 0x00, 0x00, 0x00, 0x00, 0x00, 0x00, 0x00, 0x2F, 0xF2, 0x00, 0x00, 0x00, 0x00, 0x00
  0x00, 0x00, 0x00, 0x00, 0x00, 0x8F, 0xD0, 0x00, 0x00, 0x00, 0x00, 0x00, 0x00, 0x00, 0x00, 0x00, 0x00
  0xEF, 0x70, 0x00, 0x00, 0x00, 0x00, 0x00, 0x00, 0x00, 0x00, 0x00, 0x04, 0xFF, 0x10, 0x00, 0x00, 0x00
  0x00, 0x00, 0x00, 0x00, 0x00, 0x00, 0x0A, 0xFB, 0x00, 0x00, 0x00, 0x00, 0x00, 0x00, 0x00, 0x00, 0x00
  0x00, 0x1F, 0xF5, 0x00, 0x00, 0x00, 0x00, 0x00, 0x00, 0x00, 0x00, 0x00, 0x00, 0x6F, 0xF0, 0x00, 0x00
  0x00, 0x00, 0x00, 0x00, 0x00, 0x00, 0x00, 0x00, 0xDF, 0x90, 0x00, 0x00, 0x00, 0x00, 0x00, 0x00, 0x00
  0x00, 0x00, 0x03, 0xFF, 0x30, 0x00, 0x00, 0x00, 0x00, 0x00, 0x00, 0x00, 0x00, 0x00, 0x09, 0xFE, 0x00
  0x00, 0x00, 0x00, 0x00, 0x00, 0x00, 0x00, 0x00, 0x00, 0x0F, 0xF8, 0x00, 0x00, 0x00, 0x00, 0x00, 0x00
  0x00, 0x00, 0x00, 0x00, 0x6F, 0xF2, 0x00, 0x00, 0x00, 0x00, 0x00, 0x00, 0x00, 0x00, 0x00, 0x00, 0xCF
  0xD0, 0x00, 0x00, 0x00, 0x00, 0x00, 0x00, 0x00, 0x00, 0x00, 0x02, 0xFF, 0x70, 0x00, 0x00, 0x00, 0x00
  0x00, 0x00, 0x00, 0x00, 0x00, 0x09, 0xFF, 0x20, 0x00, 0x00, 0x00, 0x00, 0x00, 0x00, 0x00, 0x00, 0x00
  0x0E, 0xFC, 0x00, 0x00, 0x00, 0x00, 0x00, 0x00, 0x00, 0x00, 0x00, 0x00, 0x5F, 0xF7, 0x00, 0x00, 0x00
  0x00, 0x00, 0x00, 0x00, 0x00, 0x00, 0x00, 0xCF, 0xF2, 0x00, 0x00, 0x00, 0x00, 0x00, 0x00, 0x00, 0x00
  0x00, 0x02, 0xFF, 0xC0, 0x00, 0x00, 0x00, 0x00, 0x00, 0x00, 0x00, 0x00, 0x00, 0x08, 0xFF, 0x70, 0x00
  0x00, 0x00, 0x00, 0x00, 0x00, 0x00, 0x00, 0x00, 0x0E, 0xFF, 0x20, 0x00, 0x00, 0x00, 0x00, 0x00, 0x00
  0x00, 0x00, 0x00, 0x5F, 0xFD, 0x00, 0x00, 0x00, 0x00, 0x00, 0x00, 0x00, 0x00, 0x00, 0x00, 0xBF, 0xF8
  0x00, 0x00, 0x00, 0x00, 0x00, 0x00, 0x00, 0x00, 0x00, 0x02, 0xFF, 0xF3, 0x00, 0x00, 0x00, 0x00, 0x00
  0x00, 0x00, 0x00, 0x00, 0x08, 0xFF, 0xF0, 0x00, 0x00, 0x00, 0x00, 0x00, 0x00, 0x00, 0x00, 0x00, 0x0E
  0xFF, 0xA0, 0x00, 0x00, 0x00, 0x00, 0x00, 0x00, 0x00, 0x00, 0x00, 0x4F, 0xFF, 0x60, 0x00, 0x00, 0x00
  0x00, 0x00, 0x00, 0x00, 0x00, 0x00, 0x47, 0x77, 0x10, 0x00, 0x00, 0x00, 0x00, 0x00, 0x00, 0x00, 0x00
  0x00, 0x02, 0x8C, 0xEF, 0xFE, 0xC8, 0x20, 0x00, 0x00, 0x00, 0x00, 0x00, 0x01, 0xBF, 0xFF, 0xDB, 0xBD
  0xFF, 0xFA, 0x10, 0x00, 0x00, 0x00, 0x00, 0x3E, 0xFF, 0xC3, 0x00, 0x00, 0x3C, 0xFF, 0xE3, 0x00, 0x00
  0x00, 0x02, 0xFF, 0xFC, 0x00, 0x00, 0x00, 0x00, 0xCF, 0xFE, 0x10, 0x00, 0x00, 0x0C, 0xFF, 0xF2, 0x00
  0x00, 0x00, 0x00, 0x1F, 0xFF, 0xC0, 0x00, 0x00, 0x4F, 0xFF, 0x90, 0x00, 0x00, 0x00, 0x00, 0x09, 0xFF
  0xF4, 0x00, 0x00, 0xAF, 0xFF, 0x40, 0x00, 0x00, 0x00, 0x00, 0x05, 0xFF, 0xFA, 0x00, 0x00, 0xDF, 0xFF
  0x20, 0x00, 0x00, 0x00, 0x00, 0x02, 0xFF, 0xFD, 0x00, 0x00, 0xFF, 0xFF, 0x10, 0x00, 0x00, 0x00, 0x00
  0x01, 0xFF, 0xFF, 0x00, 0x00, 0xFF, 0xFF, 0x20, 0x00, 0x00, 0x00, 0x00, 0x01, 0xFF, 0xFF, 0x00, 0x00
  0xEF, 0xFF, 0x50, 0x00, 0x00, 0x00, 0x00, 0x03, 0xFF, 0xFE, 0x00, 0x00, 0xBF, 0xFF, 0x90, 0x00, 0x00
  0x00, 0x00, 0x06, 0xFF, 0xFC, 0x00, 0x00, 0x6F, 0xFF, 0xF1, 0x00, 0x00, 0x00, 0x00, 0x0B, 0xFF, 0xF7
  0x00, 0x00, 0x0E, 0xFF, 0xFA, 0x00, 0x00, 0x00, 0x00, 0x2F, 0xFF, 0xF2, 0x00, 0x00, 0x07, 0xFF, 0xFF
  0x70, 0x00, 0x00, 0x00, 0xBF, 0xFF, 0x90, 0x00, 0x00, 0x00, 0xBF, 0xFF, 0xF8, 0x00, 0x00, 0x06, 0xFF
  0xFD, 0x00, 0x00, 0x00, 0x00, 0x1D, 0xFF, 0xFF, 0xB2, 0x00, 0x5F, 0xFF, 0xD1, 0x00, 0x00, 0x00, 0x00
  0x01, 0xDF, 0xFF, 0xFF, 0x89, 0xFF, 0xF9, 0x10, 0x00, 0x00, 0x00, 0x00, 0x00, 0x0A, 0xFF, 0xFF, 0xFF
  0xFB, 0x30, 0x00, 0x00, 0x00, 0x00, 0x00, 0x00, 0x2A, 0xFF, 0xFF, 0xFF, 0xFF, 0x81, 0x00, 0x00, 0x00
  0x00, 0x00, 0x08, 0xFF, 0xF6, 0x9F, 0xFF, 0xFF, 0xFE, 0x60, 0x00, 0x00, 0x00, 0x02, 0xCF, 0xFD, 0x20
  0x02, 0xAF, 0xFF, 0xFF, 0xFB, 0x00, 0x00, 0x00, 0x2E, 0xFF, 0xE1, 0x00, 0x00, 0x02, 0xAF, 0xFF, 0xFF
  0xD1, 0x00, 0x01, 0xEF, 0xFF, 0x20, 0x00, 0x00, 0x00, 0x03, 0xDF, 0xFF, 0xFC, 0x00, 0x0A, 0xFF, 0xF6
  0x00, 0x00, 0x00, 0x00, 0x00, 0x0A, 0xFF, 0xFF, 0x90, 0x2F, 0xFF, 0xE0, 0x00, 0x00, 0x00, 0x00, 0x00
  0x00, 0xBF, 0xFF, 0xF2, 0x8F, 0xFF, 0x80, 0x00, 0x00, 0x00, 0x00, 0x00, 0x00, 0x1E, 0xFF, 0xF8, 0xCF
  0xFF, 0x40, 0x00, 0x00, 0x00, 0x00, 0x00, 0x00, 0x09, 0xFF, 0xFC, 0xFF, 0xFF, 0x20, 0x00, 0x00, 0x00
  0x00, 0x00, 0x00, 0x04, 0xFF, 0xFE, 0xFF, 0xFF, 0x10, 0x00, 0x00, 0x00, 0x00, 0x00, 0x00, 0x02, 0xFF
  0xFF, 0xEF, 0xFF, 0x10, 0x00, 0x00, 0x00, 0x00, 0x00, 0x00, 0x01, 0xFF, 0xFF, 0xCF, 0xFF, 0x30, 0x00
  0x00, 0x00, 0x00, 0x00, 0x00, 0x02, 0xFF, 0xFD, 0x8F, 0xFF, 0x60, 0x00, 0x00, 0x00, 0x00, 0x00, 0x00
  0x05, 0xFF, 0xF9, 0x3F, 0xFF, 0xA0, 0x00, 0x00, 0x00, 0x00, 0x00, 0x00, 0x0A, 0xFF, 0xF4, 0x0B, 0xFF
  0xF2, 0x00, 0x00, 0x00, 0x00, 0x00, 0x00, 0x2F, 0xFF, 0xC0, 0x02, 0xFF, 0xFC, 0x00, 0x00, 0x00, 0x00
  0x00, 0x00, 0xBF, 0xFF, 0x30, 0x00, 0x4F, 0xFF, 0xA0, 0x00, 0x00, 0x00, 0x00, 0x0A, 0xFF, 0xF5, 0x00
  0x00, 0x04, 0xEF, 0xFD, 0x50, 0x00, 0x00, 0x04, 0xCF, 0xFE, 0x40, 0x00, 0x00, 0x00, 0x18, 0xEF, 0xFF
  0xCB, 0xAC, 0xEF, 0xFF, 0x91, 0x00, 0x00, 0x00, 0x00, 0x00, 0x05, 0x9C, 0xEF, 0xFE, 0xDA, 0x61, 0x00
  0x00, 0x00, 0x00, 0x00, 0x00, 0x00, 0x47, 0x9A, 0x98, 0x51, 0x00, 0x00, 0x00, 0x00, 0x00, 0x00, 0x00
  0x18, 0xEF, 0xFF, 0xFF, 0xFF, 0xFA, 0x30, 0x00, 0x00, 0x00, 0x00, 0x00, 0x4E, 0xFF, 0xA4, 0x10, 0x14
  0xAF, 0xFF, 0x80, 0x00, 0x00, 0x00, 0x00, 0x6F, 0xFF, 0x40, 0x00, 0x00, 0x00, 0x3E, 0xFF, 0xB0, 0x00
  0x00, 0x00, 0x4F, 0xFF, 0x50, 0x00, 0x00, 0x00, 0x00, 0x2E, 0xFF, 0xA0, 0x00, 0x00, 0x1E, 0xFF, 0xA0
  0x00, 0x00, 0x00, 0x00, 0x00, 0x6F, 0xFF, 0x50, 0x00, 0x09, 0xFF, 0xF2, 0x00, 0x00, 0x00, 0x00, 0x00
  0x00, 0xDF, 0xFE, 0x00, 0x01, 0xFF, 0xFC, 0x00, 0x00, 0x00, 0x00, 0x00, 0x00, 0x06, 0xFF, 0xF6, 0x00
  0x5F, 0xFF, 0x80, 0x00, 0x00, 0x00, 0x00, 0x00, 0x00, 0x1F, 0xFF, 0xD0, 0x0A, 0xFF, 0xF4, 0x00, 0x00
  0x00, 0x00, 0x00, 0x00, 0x00, 0xCF, 0xFF, 0x30, 0xCF, 0xFF, 0x30, 0x00, 0x00, 0x00, 0x00, 0x00, 0x00
  0x08, 0xFF, 0xF6, 0x0E, 0xFF, 0xF1, 0x00, 0x00, 0x00, 0x00, 0x00, 0x00, 0x00, 0x6F, 0xFF, 0x90, 0xFF
  0xFF, 0x10, 0x00, 0x00, 0x00, 0x00, 0x00, 0x00, 0x03, 0xFF, 0xFC, 0x0F, 0xFF, 0xF2, 0x00, 0x00, 0x00
  0x00, 0x00, 0x00, 0x00, 0x2F, 0xFF, 0xE0, 0xEF, 0xFF, 0x30, 0x00, 0x00, 0x00, 0x00, 0x00, 0x00, 0x01
  0xFF, 0xFF, 0x0C, 0xFF, 0xF7, 0x00, 0x00, 0x00, 0x00, 0x00, 0x00, 0x00, 0x0F, 0xFF, 0xF0, 0x9F, 0xFF
  0xC0, 0x00, 0x00, 0x00, 0x00, 0x00, 0x00, 0x00, 0xFF, 0xFF, 0x04, 0xFF, 0xFF, 0x20, 0x00, 0x00, 0x00
  0x00, 0x00, 0x00, 0x0F, 0xFF, 0xF0, 0x0D, 0xFF, 0xFB, 0x00, 0x00, 0x00, 0x00, 0x00, 0x01, 0x01, 0xFF
  0xFF, 0x00, 0x4F, 0xFF, 0xF8, 0x00, 0x00, 0x00, 0x00, 0x04, 0x70, 0x2F, 0xFF, 0xE0, 0x00, 0x8F, 0xFF
  0xFA, 0x10, 0x00, 0x00, 0x19, 0x80, 0x03, 0xFF, 0xFC, 0x00, 0x00, 0x7F, 0xFF, 0xFF, 0xB9, 0x89, 0xCE
  0x50, 0x00, 0x5F, 0xFF, 0xA0, 0x00, 0x00, 0x2A, 0xFF, 0xFF, 0xFF, 0xE7, 0x10, 0x00, 0x07, 0xFF, 0xF7
  0x00, 0x00, 0x00, 0x01, 0x46, 0x65, 0x20, 0x00, 0x00, 0x00, 0xAF, 0xFF, 0x40, 0x00, 0x00, 0x00, 0x00
  0x00, 0x00, 0x00, 0x00, 0x00, 0x0C, 0xFF, 0xF0, 0x00, 0x00, 0x00, 0x00, 0x00, 0x00, 0x00, 0x00, 0x00
  0x00, 0xFF, 0xFC, 0x00, 0x00, 0x00, 0x00, 0x00, 0x00, 0x00, 0x00, 0x00, 0x00, 0x5F, 0xFF, 0x70, 0x00
  0x00, 0x00, 0x00, 0x00, 0x00, 0x00, 0x00, 0x00, 0x09, 0xFF, 0xF2, 0x00, 0x00, 0x00, 0x00, 0x00, 0x00
  0x00, 0x00, 0x00, 0x00, 0xDF, 0xFB, 0x00, 0x00, 0x00, 0x00, 0x00, 0x00, 0x00, 0x00, 0x00, 0x00, 0x4F
  0xFF, 0x50, 0x00, 0x00, 0x00, 0x00, 0x00, 0x00, 0x00, 0x00, 0x00, 0x0B, 0xFF, 0xD0, 0x00, 0x00, 0x00
  0x00, 0x00, 0x00, 0x00, 0x00, 0x00, 0x02, 0xFF, 0xF5, 0x00, 0x00, 0x00, 0x00, 0x00, 0x00, 0x00, 0x00
  0x00, 0x00, 0x9F, 0xFC, 0x00, 0x00, 0x00, 0x00, 0x00, 0x00, 0x00, 0x00, 0x00, 0x00, 0x3F, 0xFF, 0x20
  0x00, 0x00, 0x00, 0x00, 0x00, 0x00, 0x00, 0x00, 0x00, 0x0D, 0xFF, 0x60, 0x00, 0x00, 0x00, 0x00, 0x00
  0x00, 0x00, 0x00, 0x00, 0x09, 0xFF, 0x90, 0x00, 0x00, 0x00, 0x00, 0x00, 0x00, 0x00, 0x00, 0x00, 0x07
  0xFF, 0xB0, 0x00, 0x00, 0x00, 0x00, 0x00, 0x00, 0x00, 0x00, 0x00, 0x07, 0xFF, 0xA0, 0x00, 0x00, 0x00
  0x00, 0x00, 0x00, 0x00, 0x00, 0x00, 0x09, 0xFF, 0x70, 0x00, 0x00, 0x00, 0x00, 0x00, 0x00, 0x00, 0x00
  0x00, 0x4D, 0xFC, 0x20, 0x00, 0x00, 0x00, 0x00, 0x00, 0x00, 0x00, 0x00, 0x04, 0xBF, 0xB4, 0x00, 0x00
  0x00, 0x00, 0x00, 0x00, 0x00, 0x00, 0x00, 0x39, 0x85, 0x00, 0x00, 0x00, 0x00, 0x00, 0x00, 0x00, 0x00
  0x2B, 0xFB, 0x2C, 0xFF, 0xFB, 0xFF, 0xFF, 0xFB, 0xFF, 0xFB, 0x2B, 0xFC, 0x20, 0x00, 0x00, 0x00, 0x00
  0x00, 0x00, 0x00, 0x00, 0x00, 0x00, 0x00, 0x00, 0x00, 0x00, 0x00, 0x00, 0x00, 0x00, 0x00, 0x00, 0x00
  0x00, 0x00, 0x00, 0x00, 0x00, 0x00, 0x00, 0x00, 0x00, 0x00, 0x00, 0x00, 0x00, 0x00, 0x00, 0x00, 0x00
  0x00, 0x02, 0xBF, 0xB2, 0xBF, 0xFF, 0xBF, 0xFF, 0xFF, 0xCF, 0xFF, 0xB2, 0xBF, 0xC2, 0x1B, 0xFB, 0x10
  0xBF, 0xFF, 0xB0, 0xFF, 0xFF, 0xF0, 0xCF, 0xFF, 0xB0, 0x2B, 0xFC, 0x20, 0x00, 0x00, 0x00, 0x00, 0x00
  0x00, 0x00, 0x00, 0x00, 0x00, 0x00, 0x00, 0x00, 0x00, 0x00, 0x00, 0x00, 0x00, 0x00, 0x00, 0x00, 0x00
  0x00, 0x00, 0x00, 0x00, 0x00, 0x00, 0x00, 0x00, 0x00, 0x00, 0x00, 0x00, 0x00, 0x00, 0x00, 0x00, 0x00
  0x00, 0x00, 0x00, 0x00, 0x00, 0x00, 0x00, 0x00, 0x00, 0x00, 0x00, 0x00, 0x00, 0x00, 0x00, 0x1D, 0xFC
  0x10, 0x8F, 0xFF, 0xA0, 0x6F, 0xFF, 0xF0, 0x0B, 0xFF, 0xF3, 0x01, 0xEF, 0xF3, 0x00, 0x9F, 0xF0, 0x00
  0x8F, 0xA0, 0x00, 0xDE, 0x20, 0x1A, 0xD2, 0x00, 0x64, 0x00, 0x00, 0x00, 0x00, 0x00, 0x00, 0x00, 0x00
  0x00, 0x00, 0x00, 0x00, 0x3B, 0x00, 0x00, 0x00, 0x00, 0x00, 0x00, 0x00, 0x00, 0x00, 0x4C, 0xFF, 0x00
  0x00, 0x00, 0x00, 0x00, 0x00, 0x00, 0x00, 0x5C, 0xFF, 0xFE, 0x00, 0x00, 0x00, 0x00, 0x00, 0x00, 0x00
  0x5D, 0xFF, 0xFE, 0x60, 0x00, 0x00, 0x00, 0x00, 0x00, 0x00, 0x6D, 0xFF, 0xFE, 0x60, 0x00, 0x00, 0x00
  0x00, 0x00, 0x00, 0x6E, 0xFF, 0xFD, 0x60, 0x00, 0x00, 0x00, 0x00, 0x00, 0x00, 0x7E, 0xFF, 0xFD, 0x60
  0x00, 0x00, 0x00, 0x00, 0x00, 0x01, 0x8F, 0xFF, 0xFD, 0x60, 0x00, 0x00, 0x00, 0x00, 0x00, 0x01, 0x8F
  0xFF, 0xFD, 0x50, 0x00, 0x00, 0x00, 0x00, 0x00, 0x02, 0x9F, 0xFF, 0xFD, 0x50, 0x00, 0x00, 0x00, 0x00
  0x00, 0x00, 0xAF, 0xFF, 0xFD, 0x50, 0x00, 0x00, 0x00, 0x00, 0x00, 0x00, 0x00, 0xFF, 0xFE, 0x50, 0x00
  0x00, 0x00, 0x00, 0x00, 0x00, 0x00, 0x00, 0xFF, 0xFF, 0x92, 0x00, 0x00, 0x00, 0x00, 0x00, 0x00, 0x00
  0x00, 0x5D, 0xFF, 0xFF, 0x92, 0x00, 0x00, 0x00, 0x00, 0x00, 0x00, 0x00, 0x00, 0x5C, 0xFF, 0xFF, 0xA2
  0x00, 0x00, 0x00, 0x00, 0x00, 0x00, 0x00, 0x00, 0x4C, 0xFF, 0xFF, 0xA2, 0x00, 0x00, 0x00, 0x00, 0x00
  0x00, 0x00, 0x00, 0x3B, 0xFF, 0xFF, 0xA2, 0x00, 0x00, 0x00, 0x00, 0x00, 0x00, 0x00, 0x00, 0x3A, 0xFF
  0xFF, 0xA2, 0x00, 0x00, 0x00, 0x00, 0x00, 0x00, 0x00, 0x00, 0x2A, 0xFF, 0xFF, 0xA3, 0x00, 0x00, 0x00
  0x00, 0x00, 0x00, 0x00, 0x00, 0x29, 0xFF, 0xFF, 0xB3, 0x00, 0x00, 0x00, 0x00, 0x00, 0x00, 0x00, 0x00
  0x19, 0xFF, 0xFF, 0xB3, 0x00, 0x00, 0x00, 0x00, 0x00, 0x00, 0x00, 0x00, 0x18, 0xFF, 0xFF, 0x00, 0x00
  0x00, 0x00, 0x00, 0x00, 0x00, 0x00, 0x00, 0x17, 0xEF, 0x00, 0x00, 0x00, 0x00, 0x00, 0x00, 0x00, 0x00
  0x00, 0x00, 0x07, 0xFF, 0xFF, 0xFF, 0xFF, 0xFF, 0xFF, 0xFF, 0xFF, 0xFF, 0xFF, 0xFF, 0xFF, 0xFF, 0xFF
  0xFF, 0xFF, 0xFF, 0xFF, 0xFF, 0xFF, 0xFF, 0xFF, 0xDD, 0xDD, 0xDD, 0xDD, 0xDD, 0xDD, 0xDD, 0xDD, 0xDD
  0xDD, 0xDD, 0x00, 0x00, 0x00, 0x00, 0x00, 0x00, 0x00, 0x00, 0x00, 0x00, 0x00, 0x00, 0x00, 0x00, 0x00
  0x00, 0x00, 0x00, 0x00, 0x00, 0x00, 0x00, 0x00, 0x00, 0x00, 0x00, 0x00, 0x00, 0x00, 0x00, 0x00, 0x00
  0x00, 0x00, 0x00, 0x00, 0x00, 0x00, 0x00, 0x00, 0x00, 0x00, 0x00, 0x00, 0x00, 0x00, 0x00, 0x00, 0x00
  0x00, 0x00, 0x00, 0x00, 0x00, 0x00, 0x00, 0x00, 0x00, 0x00, 0x00, 0x00, 0x00, 0x00, 0x00, 0x00, 0x00
  0x22, 0x22, 0x22, 0x22, 0x22, 0x22, 0x22, 0x22, 0x22, 0x22, 0x22, 0xFF, 0xFF, 0xFF, 0xFF, 0xFF, 0xFF
  0xFF, 0xFF, 0xFF, 0xFF, 0xFF, 0xFF, 0xFF, 0xFF, 0xFF, 0xFF, 0xFF, 0xFF, 0xFF, 0xFF, 0xFF, 0xFF, 0xB3
  0x00, 0x00, 0x00, 0x00, 0x00, 0x00, 0x00, 0x00, 0x00, 0x00, 0xFF, 0xC4, 0x00, 0x00, 0x00, 0x00, 0x00
  0x00, 0x00, 0x00, 0x00, 0xEF, 0xFF, 0xC5, 0x00, 0x00, 0x00, 0x00, 0x00, 0x00, 0x00, 0x00, 0x06, 0xEF
  0xFF, 0xD5, 0x00, 0x00, 0x00, 0x00, 0x00, 0x00, 0x00, 0x00, 0x06, 0xEF, 0xFF, 0xD6, 0x00, 0x00, 0x00
  0x00, 0x00, 0x00, 0x00, 0x00, 0x06, 0xDF, 0xFF, 0xE6, 0x00, 0x00, 0x00, 0x00, 0x00, 0x00, 0x00, 0x00
  0x06, 0xDF, 0xFF, 0xE7, 0x00, 0x00, 0x00, 0x00, 0x00, 0x00, 0x00, 0x00, 0x06, 0xDF, 0xFF, 0xF8, 0x10
  0x00, 0x00, 0x00, 0x00, 0x00, 0x00, 0x00, 0x05, 0xDF, 0xFF, 0xF8, 0x10, 0x00, 0x00, 0x00, 0x00, 0x00
  0x00, 0x00, 0x05, 0xDF, 0xFF, 0xF9, 0x20, 0x00, 0x00, 0x00, 0x00, 0x00, 0x00, 0x00, 0x05, 0xDF, 0xFF
  0xFA, 0x00, 0x00, 0x00, 0x00, 0x00, 0x00, 0x00, 0x00, 0x05, 0xEF, 0xFF, 0x00, 0x00, 0x00, 0x00, 0x00
  0x00, 0x00, 0x00, 0x29, 0xFF, 0xFF, 0x00, 0x00, 0x00, 0x00, 0x00, 0x00, 0x00, 0x29, 0xFF, 0xFF, 0xD5
  0x00, 0x00, 0x00, 0x00, 0x00, 0x00, 0x2A, 0xFF, 0xFF, 0xC5, 0x00, 0x00, 0x00, 0x00, 0x00, 0x00, 0x2A
  0xFF, 0xFF, 0xC4, 0x00, 0x00, 0x00, 0x00, 0x00, 0x00, 0x2A, 0xFF, 0xFF, 0xB3, 0x00, 0x00, 0x00, 0x00
  0x00, 0x00, 0x2A, 0xFF, 0xFF, 0xA3, 0x00, 0x00, 0x00, 0x00, 0x00, 0x00, 0x3A, 0xFF, 0xFF, 0xA2, 0x00
  0x00, 0x00, 0x00, 0x00, 0x00, 0x3B, 0xFF, 0xFF, 0x92, 0x00, 0x00, 0x00, 0x00, 0x00, 0x00, 0x3B, 0xFF
  0xFF, 0x91, 0x00, 0x00, 0x00, 0x00, 0x00, 0x00, 0x00, 0xFF, 0xFF, 0x81, 0x00, 0x00, 0x00, 0x00, 0x00
  0x00, 0x00, 0x00, 0xFE, 0x70, 0x00, 0x00, 0x00, 0x00, 0x00, 0x00, 0x00, 0x00, 0x00, 0x70, 0x00, 0x00
  0x00, 0x00, 0x00, 0x00, 0x00, 0x00, 0x00, 0x00, 0x00, 0x00, 0x02, 0x69, 0xA9, 0x85, 0x10, 0x00, 0x00
  0x00, 0x00, 0x03, 0xBF, 0xFF, 0xFF, 0xFF, 0xFC, 0x50, 0x00, 0x00, 0x00, 0x5F, 0xFA, 0x41, 0x01, 0x4B
  0xFF, 0xFA, 0x10, 0x00, 0x05, 0xFE, 0x30, 0x00, 0x00, 0x00, 0x5F, 0xFF, 0xC0, 0x00, 0x1F, 0xF3, 0x00
  0x00, 0x00, 0x00, 0x07, 0xFF, 0xFA, 0x00, 0x7F, 0x90, 0x00, 0x00, 0x00, 0x00, 0x00, 0xDF, 0xFF, 0x30
  0x6F, 0x20, 0x00, 0x00, 0x00, 0x00, 0x00, 0x7F, 0xFF, 0x80, 0x4D, 0x00, 0x00, 0x00, 0x00, 0x00, 0x00
  0x3F, 0xFF, 0xD0, 0x3A, 0x00, 0x00, 0x00, 0x00, 0x00, 0x00, 0x1F, 0xFF, 0xF0, 0x18, 0x00, 0x00, 0x00
  0x00, 0x00, 0x00, 0x0F, 0xFF, 0xF0, 0x03, 0x00, 0x00, 0x00, 0x00, 0x00, 0x00, 0x1F, 0xFF, 0xF0, 0x00
  0x00, 0x00, 0x00, 0x00, 0x00, 0x00, 0x2F, 0xFF, 0xE0, 0x00, 0x00, 0x00, 0x00, 0x00, 0x00, 0x00, 0x7F
  0xFF, 0xA0, 0x00, 0x00, 0x00, 0x00, 0x00, 0x00, 0x00, 0xCF, 0xFF, 0x40, 0x00, 0x00, 0x00, 0x00, 0x00
  0x00, 0x04, 0xFF, 0xFC, 0x00, 0x00, 0x00, 0x00, 0x00, 0x00, 0x00, 0x0D, 0xFF, 0xF3, 0x00, 0x00, 0x00
  0x00, 0x00, 0x00, 0x00, 0x8F, 0xFF, 0x70, 0x00, 0x00, 0x00, 0x00, 0x00, 0x00, 0x04, 0xFF, 0xF9, 0x00
  0x00, 0x00, 0x00, 0x00, 0x00, 0x00, 0x2E, 0xFF, 0xA0, 0x00, 0x00, 0x00, 0x00, 0x00, 0x00, 0x00, 0xDF
  0xFA, 0x00, 0x00, 0x00, 0x00, 0x00, 0x00, 0x00, 0x09, 0xFF, 0xB0, 0x00, 0x00, 0x00, 0x00, 0x00, 0x00
  0x00, 0x4F, 0xFC, 0x00, 0x00, 0x00, 0x00, 0x00, 0x00, 0x00, 0x00, 0xCF, 0xF1, 0x00, 0x00, 0x00, 0x00
  0x00, 0x00, 0x00, 0x02, 0xFF, 0x70, 0x00, 0x00, 0x00, 0x00, 0x00, 0x00, 0x00, 0x05, 0xFF, 0x10, 0x00
  0x00, 0x00, 0x00, 0x00, 0x00, 0x00, 0x05, 0xFB, 0x00, 0x00, 0x00, 0x00, 0x00, 0x00, 0x00, 0x00, 0x03
  0xF8, 0x00, 0x00, 0x00, 0x00, 0x00, 0x00, 0x00, 0x00, 0x00, 0xE7, 0x00, 0x00, 0x00, 0x00, 0x00, 0x00
  0x00, 0x00, 0x00, 0x79, 0x00, 0x00, 0x00, 0x00, 0x00, 0x00, 0x00, 0x00, 0x00, 0x0A, 0x10, 0x00, 0x00
  0x00, 0x00, 0x00, 0x00, 0x00, 0x00, 0x00, 0x10, 0x00, 0x00, 0x00, 0x00, 0x00, 0x00, 0x00, 0x00, 0x00
  0x00, 0x00, 0x00, 0x00, 0x00, 0x00, 0x00, 0x00, 0x00, 0x00, 0x00, 0x00, 0x00, 0x00, 0x00, 0x00, 0x00
  0x00, 0x00, 0x00, 0x00, 0x00, 0x00, 0x00, 0x00, 0x00, 0x00, 0x00, 0x00, 0x00, 0x00, 0x00, 0x00, 0x00
  0x00, 0x00, 0x00, 0x00, 0x02, 0xBF, 0xB1, 0x00, 0x00, 0x00, 0x00, 0x00, 0x00, 0x00, 0x0B, 0xFF, 0xFB
  0x00, 0x00, 0x00, 0x00, 0x00, 0x00, 0x00, 0x0F, 0xFF, 0xFF, 0x00, 0x00, 0x00, 0x00, 0x00, 0x00, 0x00
  0x0C, 0xFF, 0xFB, 0x00, 0x00, 0x00, 0x00, 0x00, 0x00, 0x00, 0x02, 0xBF, 0xB2, 0x00, 0x00, 0x00, 0x00
  0x00, 0x00, 0x00, 0x00, 0x00, 0x00, 0x00, 0x00, 0x00, 0x00, 0x00, 0x02, 0x34, 0x54, 0x42, 0x10, 0x00
  0x00, 0x00, 0x00, 0x00, 0x00, 0x00, 0x00, 0x00, 0x00, 0x00, 0x00, 0x00, 0x00, 0x00, 0x00, 0x00, 0x16
  0xAD, 0xFF, 0xFF, 0xFF, 0xFF, 0xFE, 0xB8, 0x30, 0x00, 0x00, 0x00, 0x00, 0x00, 0x00, 0x00, 0x00, 0x00
  0x00, 0x00, 0x00, 0x00, 0x00, 0x6C, 0xFF, 0xFF, 0xEB, 0x87, 0x66, 0x67, 0x9B, 0xEF, 0xFE, 0x70, 0x00
  0x00, 0x00, 0x00, 0x00, 0x00, 0x00, 0x00, 0x00, 0x00, 0x00, 0x01, 0x8F, 0xFF, 0xFB, 0x62, 0x00, 0x00
  0x00, 0x00, 0x00, 0x03, 0x8E, 0xFF, 0x70, 0x00, 0x00, 0x00, 0x00, 0x00, 0x00, 0x00, 0x00, 0x00, 0x00
  0x6F, 0xFF, 0xF9, 0x20, 0x00, 0x00, 0x00, 0x00, 0x00, 0x00, 0x00, 0x00, 0x7F, 0xFC, 0x20, 0x00, 0x00
  0x00, 0x00, 0x00, 0x00, 0x00, 0x00, 0x2C, 0xFF, 0xFA, 0x10, 0x00, 0x00, 0x00, 0x00, 0x00, 0x00, 0x00
  0x00, 0x00, 0x02, 0xCF, 0xE3, 0x00, 0x00, 0x00, 0x00, 0x00, 0x00, 0x00, 0x05, 0xFF, 0xFE, 0x40, 0x00
  0x00, 0x00, 0x00, 0x00, 0x00, 0x00, 0x00, 0x00, 0x00, 0x00, 0x0C, 0xFF, 0x40, 0x00, 0x00, 0x00, 0x00
  0x00, 0x00, 0x7F, 0xFF, 0xC1, 0x00, 0x00, 0x00, 0x00, 0x00, 0x00, 0x00, 0x00, 0x00, 0x00, 0x00, 0x00
  0x00, 0xCF, 0xF2, 0x00, 0x00, 0x00, 0x00, 0x00, 0x08, 0xFF, 0xFA, 0x00, 0x00, 0x00, 0x00, 0x00, 0x00
  0x00, 0x00, 0x00, 0x00, 0x00, 0x00, 0x00, 0x00, 0x2E, 0xFD, 0x00, 0x00, 0x00, 0x00, 0x00, 0x7F, 0xFF
  0xA0, 0x00, 0x00, 0x00, 0x00, 0x00, 0x00, 0x00, 0x00, 0x80, 0x00, 0x00, 0x00, 0x00, 0x00, 0x06, 0xFF
  0x90, 0x00, 0x00, 0x00, 0x05, 0xFF, 0xFB, 0x00, 0x00, 0x00, 0x00, 0x00, 0x00, 0x00, 0x00, 0x05, 0xF0
  0x00, 0x00, 0x00, 0x00, 0x00, 0x00, 0xDF, 0xF2, 0x00, 0x00, 0x00, 0x2F, 0xFF, 0xE1, 0x00, 0x00, 0x00
  0x00, 0x00, 0x00, 0x00, 0x00, 0x1F, 0xF0, 0x00, 0x00, 0x00, 0x00, 0x00, 0x00, 0x7F, 0xF9, 0x00, 0x00
  0x00, 0xCF, 0xFF, 0x40, 0x00, 0x00, 0x00, 0x00, 0x00, 0x00, 0x00, 0x00, 0xEF, 0xF2, 0x00, 0x00, 0x00
  0x00, 0x00, 0x00, 0x1F, 0xFF, 0x10, 0x00, 0x07, 0xFF, 0xF8, 0x00, 0x00, 0x00, 0x00, 0x00, 0x00, 0x00
  0x00, 0x09, 0xFF, 0xF3, 0x00, 0x00, 0x00, 0x00, 0x00, 0x00, 0x0C, 0xFF, 0x60, 0x00, 0x1F, 0xFF, 0xE0
  0x00, 0x00, 0x00, 0x00, 0x00, 0x00, 0x00, 0x00, 0x5F, 0xDF, 0xF5, 0x00, 0x00, 0x00, 0x00, 0x00, 0x00
  0x08, 0xFF, 0xA0, 0x00, 0x9F, 0xFF, 0x60, 0x00, 0x00, 0x00, 0x00, 0x00, 0x00, 0x00, 0x02, 0xFA, 0x6F
  0xF6, 0x00, 0x00, 0x00, 0x00, 0x00, 0x00, 0x05, 0xFF, 0xE0, 0x01, 0xFF, 0xFD, 0x00, 0x00, 0x00, 0x00
  0x00, 0x00, 0x00, 0x00, 0x0C, 0xE1, 0x5F, 0xF8, 0x00, 0x00, 0x00, 0x00, 0x00, 0x00, 0x03, 0xFF, 0xF1
  0x08, 0xFF, 0xF6, 0x00, 0x00, 0x00, 0x00, 0x00, 0x00, 0x00, 0x00, 0x9F, 0x40, 0x4F, 0xF9, 0x00, 0x00
  0x00, 0x00, 0x00, 0x00, 0x02, 0xFF, 0xF2, 0x0E, 0xFF, 0xF0, 0x00, 0x00, 0x00, 0x00, 0x00, 0x00, 0x00
  0x05, 0xF8, 0x00, 0x3F, 0xFB, 0x00, 0x00, 0x00, 0x00, 0x00, 0x00, 0x01, 0xFF, 0xF3, 0x4F, 0xFF, 0x90
  0x00, 0x00, 0x00, 0x00, 0x00, 0x00, 0x00, 0x1E, 0xD0, 0x00, 0x2F, 0xFD, 0x00, 0x00, 0x00, 0x00, 0x00
  0x00, 0x01, 0xFF, 0xF4, 0x8F, 0xFF, 0x40, 0x00, 0x00, 0x00, 0x00, 0x00, 0x00, 0x00, 0xCF, 0x20, 0x00
  0x1F, 0xFE, 0x00, 0x00, 0x00, 0x00, 0x00, 0x00, 0x02, 0xFF, 0xF3, 0xBF, 0xFF, 0x00, 0x00, 0x00, 0x00
  0x00, 0x00, 0x00, 0x08, 0xF7, 0x00, 0x00, 0x0F, 0xFF, 0x00, 0x00, 0x00, 0x00, 0x00, 0x00, 0x03, 0xFF
  0xF2, 0xEF, 0xFB, 0x00, 0x00, 0x00, 0x00, 0x00, 0x00, 0x00, 0x4F, 0xB0, 0x00, 0x00, 0x0F, 0xFF, 0x10
  0x00, 0x00, 0x00, 0x00, 0x00, 0x05, 0xFF, 0xF0, 0xFF, 0xF8, 0x00, 0x00, 0x00, 0x00, 0x00, 0x00, 0x01
  0xEE, 0x10, 0x00, 0x00, 0x0F, 0xFF, 0x30, 0x00, 0x00, 0x00, 0x00, 0x00, 0x08, 0xFF, 0xE0, 0xFF, 0xF6
  0x00, 0x00, 0x00, 0x00, 0x00, 0x00, 0x0B, 0xF5, 0x00, 0x00, 0x00, 0x0E, 0xFF, 0x50, 0x00, 0x00, 0x00
  0x00, 0x00, 0x0B, 0xFF, 0xB0, 0xEF, 0xF4, 0x00, 0x00, 0x00, 0x00, 0x00, 0x00, 0x7F, 0xFF, 0xFF, 0xFF
  0xFF, 0xFF, 0xFF, 0x60, 0x00, 0x00, 0x00, 0x00, 0x00, 0x0F, 0xFF, 0x70, 0xDF, 0xF3, 0x00, 0x00, 0x00
  0x00, 0x00, 0x03, 0xFF, 0xBA, 0xAA, 0xAA, 0xAA, 0xAF, 0xFF, 0x80, 0x00, 0x00, 0x00, 0x00, 0x00, 0x3F
  0xFF, 0x40, 0xBF, 0xF3, 0x00, 0x00, 0x00, 0x00, 0x00, 0x1E, 0xF2, 0x00, 0x00, 0x00, 0x00, 0x0B, 0xFF
  0x90, 0x00, 0x00, 0x00, 0x00, 0x00, 0x8F, 0xFE, 0x00, 0x7F, 0xF4, 0x00, 0x00, 0x00, 0x00, 0x00, 0xCF
  0x60, 0x00, 0x00, 0x00, 0x00, 0x0B, 0xFF, 0xB0, 0x00, 0x00, 0x00, 0x00, 0x00, 0xDF, 0xFA, 0x00, 0x3F
  0xF8, 0x00, 0x00, 0x00, 0x00, 0x09, 0xF9, 0x00, 0x00, 0x00, 0x00, 0x00, 0x0A, 0xFF, 0xC0, 0x00, 0x00
  0x00, 0x00, 0x03, 0xFF, 0xF4, 0x00, 0x0D, 0xFC, 0x00, 0x00, 0x00, 0x00, 0x8F, 0xC0, 0x00, 0x00, 0x00
  0x00, 0x00, 0x09, 0xFF, 0xE0, 0x00, 0x00, 0x00, 0x00, 0x0A, 0xFF, 0xD0, 0x00, 0x04, 0xFF, 0x40, 0x00
  0x00, 0x09, 0xFD, 0x10, 0x00, 0x00, 0x00, 0x00, 0x00, 0x08, 0xFF, 0xF0, 0x00, 0x00, 0x00, 0x00, 0x2F
  0xFF, 0x60, 0x00, 0x00, 0x9F, 0xE2, 0x00, 0x03, 0xCF, 0xC1, 0x00, 0x00, 0x00, 0x00, 0x00, 0x00, 0x0F
  0xFF, 0xF4, 0x00, 0x00, 0x00, 0x00, 0xBF, 0xFE, 0x00, 0x00, 0x00, 0x09, 0xFF, 0xCA, 0xDF, 0xFA, 0x00
  0x00, 0x00, 0x00, 0x00, 0x00, 0x00, 0x6F, 0xFF, 0xFF, 0x10, 0x00, 0x00, 0x04, 0xFF, 0xF5, 0x00, 0x00
  0x00, 0x00, 0x4B, 0xEF, 0xEA, 0x30, 0x00, 0x00, 0x00, 0x00, 0x00, 0x00, 0x2E, 0xFF, 0xFF, 0xFF, 0xE7
  0x00, 0x00, 0x1E, 0xFF, 0xB0, 0x00, 0x00, 0x00, 0x00, 0x00, 0x00, 0x00, 0x00, 0x00, 0x00, 0x00, 0x00
  0x00, 0x00, 0x00, 0x00, 0x00, 0x00, 0x00, 0x00, 0x00, 0xBF, 0xFF, 0x20, 0x00, 0x00, 0x00, 0x00, 0x00
  0x00, 0x00, 0x00, 0x00, 0x00, 0x00, 0x00, 0x00, 0x00, 0x00, 0x00, 0x00, 0x00, 0x00, 0x00, 0x08, 0xFF
  0xF5, 0x00, 0x00, 0x00, 0x00, 0x00, 0x00, 0x00, 0x00, 0x00, 0x00, 0x00, 0x00, 0x00, 0x00, 0x00, 0x00
  0x00, 0x00, 0x00, 0x00, 0x00, 0x8F, 0xFF, 0x80, 0x00, 0x00, 0x00, 0x00, 0x00, 0x00, 0x00, 0x00, 0x00
  0x00, 0x00, 0x00, 0x00, 0x00, 0x00, 0x00, 0x00, 0x00, 0x00, 0x00, 0x09, 0xFF, 0xF9, 0x00, 0x00, 0x00
  0x00, 0x00, 0x00, 0x00, 0x00, 0x00, 0x00, 0x00, 0x00, 0x00, 0x00, 0x00, 0x00, 0x00, 0x00, 0x00, 0x00
  0x01, 0xBF, 0xFF, 0x90, 0x00, 0x00, 0x00, 0x00, 0x00, 0x00, 0x00, 0x00, 0x00, 0x00, 0x00, 0x00, 0x00
  0x00, 0x00, 0x00, 0x00, 0x00, 0x00, 0x00, 0x5E, 0xFF, 0xF7, 0x00, 0x00, 0x00, 0x00, 0x00, 0x00, 0x00
  0x00, 0x00, 0x00, 0x00, 0x00, 0x00, 0x00, 0x00, 0x00, 0x00, 0x00, 0x00, 0x00, 0x4C, 0xFF, 0xFE, 0x30
  0x00, 0x00, 0x00, 0x00, 0x00, 0x00, 0x00, 0x00, 0x05, 0x94, 0x00, 0x00, 0x00, 0x00, 0x00, 0x00, 0x00
  0x00, 0x01, 0x6C, 0xFF, 0xFF, 0x80, 0x00, 0x00, 0x00, 0x00, 0x00, 0x00, 0x00, 0x00, 0x00, 0x00, 0x06
  0xCA, 0x62, 0x00, 0x00, 0x00, 0x00, 0x01, 0x47, 0xBF, 0xFF, 0xFF, 0x92, 0x00, 0x00, 0x00, 0x00, 0x00
  0x00, 0x00, 0x00, 0x00, 0x00, 0x00, 0x00, 0x03, 0x8D, 0xFD, 0xCB, 0xAB, 0xBD, 0xEF, 0xFF, 0xFF, 0xFB
  0x61, 0x00, 0x00, 0x00, 0x00, 0x00, 0x00, 0x00, 0x00, 0x00, 0x00, 0x00, 0x00, 0x00, 0x00, 0x00, 0x25
  0x9C, 0xDE, 0xFF, 0xED, 0xCA, 0x74, 0x00, 0x00, 0x00, 0x00, 0x00, 0x00, 0x00, 0x00, 0x00, 0x00, 0x00
  0x00, 0x00, 0x00, 0x00, 0x00, 0x00, 0x00, 0x00, 0x01, 0x20, 0x00, 0x00, 0x00, 0x00, 0x00, 0x00, 0x00
  0x00, 0x00, 0x00, 0x00, 0x00, 0x00, 0x00, 0x00, 0x00, 0x00, 0x00, 0x00, 0x5F, 0x00, 0x00, 0x00, 0x00
  0x00, 0x00, 0x00, 0x00, 0x00, 0x00, 0x00, 0x00, 0x00, 0x00, 0x00, 0x00, 0x00, 0x00, 0x00, 0x0C, 0xF0
  0x00, 0x00, 0x00, 0x00, 0x00, 0x00, 0x00, 0x00, 0x00, 0x00, 0x00, 0x00, 0x00, 0x00, 0x00, 0x00, 0x00
  0x00, 0x00, 0xFF, 0x60, 0x00, 0x00, 0x00, 0x00, 0x00, 0x00, 0x00, 0x00, 0x00, 0x00, 0x00, 0x00, 0x00
  0x00, 0x00, 0x00, 0x00, 0x00, 0x6F, 0xFD, 0x00, 0x00, 0x00, 0x00, 0x00, 0x00, 0x00, 0x00, 0x00, 0x00
  0x00, 0x00, 0x00, 0x00, 0x00, 0x00, 0x00, 0x00, 0x0D, 0xFF, 0xF3, 0x00, 0x00, 0x00, 0x00, 0x00, 0x00
  0x00, 0x00, 0x00, 0x00, 0x00, 0x00, 0x00, 0x00, 0x00, 0x00, 0x00, 0x04, 0xFF, 0xFF, 0xA0, 0x00, 0x00
  0x00, 0x00, 0x00, 0x00, 0x00, 0x00, 0x00, 0x00, 0x00, 0x00, 0x00, 0x00, 0x00, 0x00, 0x00, 0xAF, 0xFF
  0xFF, 0x10, 0x00, 0x00, 0x00, 0x00, 0x00, 0x00, 0x00, 0x00, 0x00, 0x00, 0x00, 0x00, 0x00, 0x00, 0x00
  0x00, 0x1F, 0xF4, 0xEF, 0xF7, 0x00, 0x00, 0x00, 0x00, 0x00, 0x00, 0x00, 0x00, 0x00, 0x00, 0x00, 0x00
  0x00, 0x00, 0x00, 0x00, 0x08, 0xFD, 0x08, 0xFF, 0xE0, 0x00, 0x00, 0x00, 0x00, 0x00, 0x00, 0x00, 0x00
  0x00, 0x00, 0x00, 0x00, 0x00, 0x00, 0x00, 0x00, 0xEF, 0x70, 0x2F, 0xFF, 0x40, 0x00, 0x00, 0x00, 0x00
  0x00, 0x00, 0x00, 0x00, 0x00, 0x00, 0x00, 0x00, 0x00, 0x00, 0x00, 0x5F, 0xF1, 0x00, 0xCF, 0xFB, 0x00
  0x00, 0x00, 0x00, 0x00, 0x00, 0x00, 0x00, 0x00, 0x00, 0x00, 0x00, 0x00, 0x00, 0x00, 0x0C, 0xFB, 0x00
  0x06, 0xFF, 0xF2, 0x00, 0x00, 0x00, 0x00, 0x00, 0x00, 0x00, 0x00, 0x00, 0x00, 0x00, 0x00, 0x00, 0x00
  0x02, 0xFF, 0x50, 0x00, 0x1F, 0xFF, 0x80, 0x00, 0x00, 0x00, 0x00, 0x00, 0x00, 0x00, 0x00, 0x00, 0x00
  0x00, 0x00, 0x00, 0x00, 0x9F, 0xE0, 0x00, 0x00, 0xAF, 0xFE, 0x00, 0x00, 0x00, 0x00, 0x00, 0x00, 0x00
  0x00, 0x00, 0x00, 0x00, 0x00, 0x00, 0x00, 0x0F, 0xF9, 0x00, 0x00, 0x04, 0xFF, 0xF6, 0x00, 0x00, 0x00
  0x00, 0x00, 0x00, 0x00, 0x00, 0x00, 0x00, 0x00, 0x00, 0x00, 0x06, 0xFF, 0x20, 0x00, 0x00, 0x0E, 0xFF
  0xC0, 0x00, 0x00, 0x00, 0x00, 0x00, 0x00, 0x00, 0x00, 0x00, 0x00, 0x00, 0x00, 0x00, 0xDF, 0xC0, 0x00
  0x00, 0x00, 0x8F, 0xFF, 0x30, 0x00, 0x00, 0x00, 0x00, 0x00, 0x00, 0x00, 0x00, 0x00, 0x00, 0x00, 0x00
  0x3F, 0xF6, 0x00, 0x00, 0x00, 0x02, 0xFF, 0xFA, 0x00, 0x00, 0x00, 0x00, 0x00, 0x00, 0x00, 0x00, 0x00
  0x00, 0x00, 0x00, 0x0A, 0xFF, 0x10, 0x00, 0x00, 0x00, 0x0C, 0xFF, 0xF1, 0x00, 0x00, 0x00, 0x00, 0x00
  0x00, 0x00, 0x00, 0x00, 0x00, 0x00, 0x01, 0xFF, 0xA0, 0x00, 0x00, 0x00, 0x00, 0x6F, 0xFF, 0x70, 0x00
  0x00, 0x00, 0x00, 0x00, 0x00, 0x00, 0x00, 0x00, 0x00, 0x00, 0x7F, 0xF4, 0x00, 0x00, 0x00, 0x00, 0x01
  0xFF, 0xFD, 0x00, 0x00, 0x00, 0x00, 0x00, 0x00, 0x00, 0x00, 0x00, 0x00, 0x00, 0x0E, 0xFD, 0x00, 0x00
  0x00, 0x00, 0x00, 0x0A, 0xFF, 0xF4, 0x00, 0x00, 0x00, 0x00, 0x00, 0x00, 0x00, 0x00, 0x00, 0x00, 0x05
  0xFF, 0x70, 0x00, 0x00, 0x00, 0x00, 0x00, 0x4F, 0xFF, 0xB0, 0x00, 0x00, 0x00, 0x00, 0x00, 0x00, 0x00
  0x00, 0x00, 0x00, 0xBF, 0xF1, 0x00, 0x00, 0x00, 0x00, 0x00, 0x00, 0xEF, 0xFF, 0x20, 0x00, 0x00, 0x00
  0x00, 0x00, 0x00, 0x00, 0x00, 0x00, 0x2F, 0xFF, 0xFF, 0xFF, 0xFF, 0xFF, 0xFF, 0xFF, 0xFF, 0xFF, 0xF8
  0x00, 0x00, 0x00, 0x00, 0x00, 0x00, 0x00, 0x00, 0x00, 0x09, 0xFF, 0xFA, 0xAA, 0xAA, 0xAA, 0xAA, 0xAA
  0xAA, 0xDF, 0xFF, 0xE0, 0x00, 0x00, 0x00, 0x00, 0x00, 0x00, 0x00, 0x00, 0x00, 0xEF, 0xE0, 0x00, 0x00
  0x00, 0x00, 0x00, 0x00, 0x00, 0xDF, 0xFF, 0x50, 0x00, 0x00, 0x00, 0x00, 0x00, 0x00, 0x00, 0x00, 0x6F
  0xF8, 0x00, 0x00, 0x00, 0x00, 0x00, 0x00, 0x00, 0x07, 0xFF, 0xFC, 0x00, 0x00, 0x00, 0x00, 0x00, 0x00
  0x00, 0x00, 0x0C, 0xFF, 0x20, 0x00, 0x00, 0x00, 0x00, 0x00, 0x00, 0x00, 0x1F, 0xFF, 0xF3, 0x00, 0x00
  0x00, 0x00, 0x00, 0x00, 0x00, 0x03, 0xFF, 0xC0, 0x00, 0x00, 0x00, 0x00, 0x00, 0x00, 0x00, 0x00, 0xBF
  0xFF, 0x90, 0x00, 0x00, 0x00, 0x00, 0x00, 0x00, 0x00, 0xAF, 0xF6, 0x00, 0x00, 0x00, 0x00, 0x00, 0x00
  0x00, 0x00, 0x05, 0xFF, 0xFF, 0x10, 0x00, 0x00, 0x00, 0x00, 0x00, 0x00, 0x1F, 0xFF, 0x00, 0x00, 0x00
  0x00, 0x00, 0x00, 0x00, 0x00, 0x00, 0x0E, 0xFF, 0xF7, 0x00, 0x00, 0x00, 0x00, 0x00, 0x00, 0x07, 0xFF
  0xA0, 0x00, 0x00, 0x00, 0x00, 0x00, 0x00, 0x00, 0x00, 0x00, 0x9F, 0xFF, 0xD0, 0x00, 0x00, 0x00, 0x00
  0x00, 0x00, 0xDF, 0xF4, 0x00, 0x00, 0x00, 0x00, 0x00, 0x00, 0x00, 0x00, 0x00, 0x03, 0xFF, 0xFF, 0x40
  0x00, 0x00, 0x00, 0x00, 0x00, 0x4F, 0xFD, 0x00, 0x00, 0x00, 0x00, 0x00, 0x00, 0x00, 0x00, 0x00, 0x00
  0x0D, 0xFF, 0xFB, 0x00, 0x00, 0x00, 0x00, 0x00, 0x0F, 0xFF, 0xF0, 0x00, 0x00, 0x00, 0x00, 0x00, 0x00
  0x00, 0x00, 0x00, 0x00, 0xDF, 0xFF, 0xF7, 0x00, 0x00, 0x00, 0x00, 0x0D, 0xFF, 0xFA, 0x00, 0x00, 0x00
  0x00, 0x00, 0x00, 0x00, 0x00, 0x00, 0x00, 0x07, 0xFF, 0xFF, 0xF3, 0x00, 0x00, 0x02, 0x7D, 0xFF, 0xFF
  0xF6, 0x10, 0x00, 0x00, 0x00, 0x00, 0x00, 0x00, 0x00, 0x00, 0x15, 0xEF, 0xFF, 0xFF, 0xF9, 0x41, 0x0C
  0xFF, 0xFF, 0xFF, 0xFF, 0xFF, 0x30, 0x00, 0x00, 0x00, 0x00, 0x00, 0x00, 0x00, 0x1F, 0xFF, 0xFF, 0xFF
  0xFF, 0xFF, 0xF3, 0x2A, 0xAA, 0xAB, 0xFF, 0xFB, 0xAA, 0xA9, 0x75, 0x20, 0x00, 0x00, 0x00, 0x00, 0x01
  0x58, 0xEF, 0xFF, 0xFF, 0xFF, 0xFF, 0xFF, 0xFF, 0xD7, 0x10, 0x00, 0x00, 0x00, 0x00, 0x01, 0xCF, 0xFF
  0xF1, 0x00, 0x12, 0x5A, 0xFF, 0xFF, 0x60, 0x00, 0x00, 0x00, 0x00, 0x03, 0xFF, 0xFF, 0x10, 0x00, 0x00
  0x02, 0xCF, 0xFF, 0x80, 0x00, 0x00, 0x00, 0x00, 0x0F, 0xFF, 0xF1, 0x00, 0x00, 0x00, 0x00, 0xCF, 0xFF
  0x60, 0x00, 0x00, 0x00, 0x00, 0xFF, 0xFF, 0x10, 0x00, 0x00, 0x00, 0x02, 0xFF, 0xFF, 0x10, 0x00, 0x00
  0x00, 0x0F, 0xFF, 0xF1, 0x00, 0x00, 0x00, 0x00, 0x0A, 0xFF, 0xF7, 0x00, 0x00, 0x00, 0x00, 0xFF, 0xFF
  0x10, 0x00, 0x00, 0x00, 0x00, 0x5F, 0xFF, 0xC0, 0x00, 0x00, 0x00, 0x0F, 0xFF, 0xF1, 0x00, 0x00, 0x00
  0x00, 0x03, 0xFF, 0xFE, 0x00, 0x00, 0x00, 0x00, 0xFF, 0xFF, 0x10, 0x00, 0x00, 0x00, 0x00, 0x1F, 0xFF
  0xF0, 0x00, 0x00, 0x00, 0x0F, 0xFF, 0xF1, 0x00, 0x00, 0x00, 0x00, 0x02, 0xFF, 0xFE, 0x00, 0x00, 0x00
  0x00, 0xFF, 0xFF, 0x10, 0x00, 0x00, 0x00, 0x00, 0x3F, 0xFF, 0xC0, 0x00, 0x00, 0x00, 0x0F, 0xFF, 0xF1
  0x00, 0x00, 0x00, 0x00, 0x06, 0xFF, 0xF8, 0x00, 0x00, 0x00, 0x00, 0xFF, 0xFF, 0x10, 0x00, 0x00, 0x00
  0x00, 0xCF, 0xFF, 0x20, 0x00, 0x00, 0x00, 0x0F, 0xFF, 0xF1, 0x00, 0x00, 0x00, 0x00, 0x4F, 0xFF, 0x80
  0x00, 0x00, 0x00, 0x00, 0xFF, 0xFF, 0x10, 0x00, 0x00, 0x00, 0x2E, 0xFF, 0xB0, 0x00, 0x00, 0x00, 0x00
  0x0F, 0xFF, 0xF1, 0x00, 0x00, 0x00, 0x5E, 0xFF, 0xA0, 0x00, 0x00, 0x00, 0x00, 0x00, 0xFF, 0xFF, 0x10
  0x01, 0x48, 0xDF, 0xFB, 0x40, 0x00, 0x00, 0x00, 0x00, 0x00, 0x0F, 0xFF, 0xF1, 0x1F, 0xFF, 0xFF, 0xFF
  0xFC, 0x60, 0x00, 0x00, 0x00, 0x00, 0x00, 0xFF, 0xFF, 0x10, 0x01, 0x24, 0x8B, 0xFF, 0xFF, 0xE6, 0x00
  0x00, 0x00, 0x00, 0x0F, 0xFF, 0xF1, 0x00, 0x00, 0x00, 0x01, 0x8F, 0xFF, 0xF8, 0x00, 0x00, 0x00, 0x00
  0xFF, 0xFF, 0x10, 0x00, 0x00, 0x00, 0x00, 0x3D, 0xFF, 0xF9, 0x00, 0x00, 0x00, 0x0F, 0xFF, 0xF1, 0x00
  0x00, 0x00, 0x00, 0x00, 0x2E, 0xFF, 0xF4, 0x00, 0x00, 0x00, 0xFF, 0xFF, 0x10, 0x00, 0x00, 0x00, 0x00
  0x00, 0x4F, 0xFF, 0xD0, 0x00, 0x00, 0x0F, 0xFF, 0xF1, 0x00, 0x00, 0x00, 0x00, 0x00, 0x00, 0xCF, 0xFF
  0x40, 0x00, 0x00, 0xFF, 0xFF, 0x10, 0x00, 0x00, 0x00, 0x00, 0x00, 0x07, 0xFF, 0xF9, 0x00, 0x00, 0x0F
  0xFF, 0xF1, 0x00, 0x00, 0x00, 0x00, 0x00, 0x00, 0x3F, 0xFF, 0xD0, 0x00, 0x00, 0xFF, 0xFF, 0x10, 0x00
  0x00, 0x00, 0x00, 0x00, 0x01, 0xFF, 0xFF, 0x00, 0x00, 0x0F, 0xFF, 0xF1, 0x00, 0x00, 0x00, 0x00, 0x00
  0x00, 0x1F, 0xFF, 0xF0, 0x00, 0x00, 0xFF, 0xFF, 0x10, 0x00, 0x00, 0x00, 0x00, 0x00, 0x01, 0xFF, 0xFF
  0x00, 0x00, 0x0F, 0xFF, 0xF1, 0x00, 0x00, 0x00, 0x00, 0x00, 0x00, 0x3F, 0xFF, 0xD0, 0x00, 0x00, 0xFF
  0xFF, 0x10, 0x00, 0x00, 0x00, 0x00, 0x00, 0x06, 0xFF, 0xF9, 0x00, 0x00, 0x0F, 0xFF, 0xF1, 0x00, 0x00
  0x00, 0x00, 0x00, 0x00, 0xCF, 0xFF, 0x40, 0x00, 0x00, 0xFF, 0xFF, 0x10, 0x00, 0x00, 0x00, 0x00, 0x00
  0x4F, 0xFF, 0xC0, 0x00, 0x00, 0x0F, 0xFF, 0xF1, 0x00, 0x00, 0x00, 0x00, 0x00, 0x1E, 0xFF, 0xF3, 0x00
  0x00, 0x01, 0xFF, 0xFF, 0x10, 0x00, 0x00, 0x00, 0x00, 0x2D, 0xFF, 0xF5, 0x00, 0x00, 0x00, 0xAF, 0xFF
  0xF1, 0x00, 0x00, 0x00, 0x02, 0x8F, 0xFF, 0xE4, 0x00, 0x00, 0x13, 0xBF, 0xFF, 0xFF, 0xCB, 0xBB, 0xBB
  0xCE, 0xFF, 0xFE, 0x80, 0x00, 0x00, 0x3F, 0xFF, 0xFF, 0xFF, 0xFF, 0xFF, 0xFF, 0xEE, 0xDB, 0x84, 0x00
  0x00, 0x00, 0x00, 0x00, 0x00, 0x00, 0x00, 0x00, 0x00, 0x01, 0x69, 0xBD, 0xEF, 0xFF, 0xDC, 0x96, 0x20
  0x00, 0x00, 0x00, 0x00, 0x00, 0x00, 0x00, 0x00, 0x00, 0x07, 0xCF, 0xFF, 0xFD, 0xBA, 0xBC, 0xDF, 0xFF
  0xFD, 0x71, 0x00, 0x00, 0x00, 0x00, 0x00, 0x00, 0x00, 0x07, 0xEF, 0xFE, 0x83, 0x00, 0x00, 0x00, 0x00
  0x49, 0xFF, 0xFF, 0xA2, 0x00, 0x00, 0x00, 0x00, 0x00, 0x03, 0xDF, 0xFE, 0x60, 0x00, 0x00, 0x00, 0x00
  0x00, 0x00, 0x07, 0xFF, 0xFF, 0x90, 0x00, 0x00, 0x00, 0x00, 0x6F, 0xFF, 0xB1, 0x00, 0x00, 0x00, 0x00
  0x00, 0x00, 0x00, 0x00, 0x1C, 0xFF, 0xF2, 0x00, 0x00, 0x00, 0x07, 0xFF, 0xF8, 0x00, 0x00, 0x00, 0x00
  0x00, 0x00, 0x00, 0x00, 0x00, 0x00, 0xAF, 0xF5, 0x00, 0x00, 0x00, 0x6F, 0xFF, 0x90, 0x00, 0x00, 0x00
  0x00, 0x00, 0x00, 0x00, 0x00, 0x00, 0x00, 0x0C, 0xF7, 0x00, 0x00, 0x03, 0xFF, 0xFC, 0x00, 0x00, 0x00
  0x00, 0x00, 0x00, 0x00, 0x00, 0x00, 0x00, 0x00, 0x01, 0xF9, 0x00, 0x00, 0x0D, 0xFF, 0xF1, 0x00, 0x00
  0x00, 0x00, 0x00, 0x00, 0x00, 0x00, 0x00, 0x00, 0x00, 0x00, 0x7B, 0x00, 0x00, 0x7F, 0xFF, 0x70, 0x00
  0x00, 0x00, 0x00, 0x00, 0x00, 0x00, 0x00, 0x00, 0x00, 0x00, 0x00, 0x0D, 0x00, 0x00, 0xEF, 0xFE, 0x00
  0x00, 0x00, 0x00, 0x00, 0x00, 0x00, 0x00, 0x00, 0x00, 0x00, 0x00, 0x00, 0x0A, 0x00, 0x07, 0xFF, 0xF8
  0x00, 0x00, 0x00, 0x00, 0x00, 0x00, 0x00, 0x00, 0x00, 0x00, 0x00, 0x00, 0x00, 0x03, 0x10, 0x0C, 0xFF
  0xF2, 0x00, 0x00, 0x00, 0x00, 0x00, 0x00, 0x00, 0x00, 0x00, 0x00, 0x00, 0x00, 0x00, 0x00, 0x00, 0x1F
  0xFF, 0xE0, 0x00, 0x00, 0x00, 0x00, 0x00, 0x00, 0x00, 0x00, 0x00, 0x00, 0x00, 0x00, 0x00, 0x00, 0x00
  0x6F, 0xFF, 0xA0, 0x00, 0x00, 0x00, 0x00, 0x00, 0x00, 0x00, 0x00, 0x00, 0x00, 0x00, 0x00, 0x00, 0x00
  0x00, 0x9F, 0xFF, 0x70, 0x00, 0x00, 0x00, 0x00, 0x00, 0x00, 0x00, 0x00, 0x00, 0x00, 0x00, 0x00, 0x00
  0x00, 0x00, 0xCF, 0xFF, 0x40, 0x00, 0x00, 0x00, 0x00, 0x00, 0x00, 0x00, 0x00, 0x00, 0x00, 0x00, 0x00
  0x00, 0x00, 0x00, 0xDF, 0xFF, 0x20, 0x00, 0x00, 0x00, 0x00, 0x00, 0x00, 0x00, 0x00, 0x00, 0x00, 0x00
  0x00, 0x00, 0x00, 0x00, 0xEF, 0xFF, 0x20, 0x00, 0x00, 0x00, 0x00, 0x00, 0x00, 0x00, 0x00, 0x00, 0x00
  0x00, 0x00, 0x00, 0x00, 0x00, 0xFF, 0xFF, 0x10, 0x00, 0x00, 0x00, 0x00, 0x00, 0x00, 0x00, 0x00, 0x00
  0x00, 0x00, 0x00, 0x00, 0x00, 0x00, 0xFF, 0xFF, 0x10, 0x00, 0x00, 0x00, 0x00, 0x00, 0x00, 0x00, 0x00
  0x00, 0x00, 0x00, 0x00, 0x00, 0x00, 0x00, 0xEF, 0xFF, 0x20, 0x00, 0x00, 0x00, 0x00, 0x00, 0x00, 0x00
  0x00, 0x00, 0x00, 0x00, 0x00, 0x00, 0x00, 0x00, 0xDF, 0xFF, 0x20, 0x00, 0x00, 0x00, 0x00, 0x00, 0x00
  0x00, 0x00, 0x00, 0x00, 0x00, 0x00, 0x00, 0x00, 0x00, 0xBF, 0xFF, 0x50, 0x00, 0x00, 0x00, 0x00, 0x00
  0x00, 0x00, 0x00, 0x00, 0x00, 0x00, 0x00, 0x00, 0x00, 0x00, 0x9F, 0xFF, 0x70, 0x00, 0x00, 0x00, 0x00
  0x00, 0x00, 0x00, 0x00, 0x00, 0x00, 0x00, 0x00, 0x00, 0x00, 0x03, 0x6F, 0xFF, 0xA0, 0x00, 0x00, 0x00
  0x00, 0x00, 0x00, 0x00, 0x00, 0x00, 0x00, 0x00, 0x00, 0x00, 0x00, 0x05, 0x1F, 0xFF, 0xE0, 0x00, 0x00
  0x00, 0x00, 0x00, 0x00, 0x00, 0x00, 0x00, 0x00, 0x00, 0x00, 0x00, 0x00, 0x17, 0x0C, 0xFF, 0xF3, 0x00
  0x00, 0x00, 0x00, 0x00, 0x00, 0x00, 0x00, 0x00, 0x00, 0x00, 0x00, 0x00, 0x00, 0x58, 0x07, 0xFF, 0xF9
  0x00, 0x00, 0x00, 0x00, 0x00, 0x00, 0x00, 0x00, 0x00, 0x00, 0x00, 0x00, 0x00, 0x00, 0xA8, 0x00, 0xEF
  0xFF, 0x00, 0x00, 0x00, 0x00, 0x00, 0x00, 0x00, 0x00, 0x00, 0x00, 0x00, 0x00, 0x00, 0x01, 0xF8, 0x00
  0x7F, 0xFF, 0x80, 0x00, 0x00, 0x00, 0x00, 0x00, 0x00, 0x00, 0x00, 0x00, 0x00, 0x00, 0x00, 0x07, 0xF8
  0x00, 0x0D, 0xFF, 0xF2, 0x00, 0x00, 0x00, 0x00, 0x00, 0x00, 0x00, 0x00, 0x00, 0x00, 0x00, 0x00, 0x1F
  0xF7, 0x00, 0x03, 0xFF, 0xFC, 0x00, 0x00, 0x00, 0x00, 0x00, 0x00, 0x00, 0x00, 0x00, 0x00, 0x00, 0x00
  0xAF, 0xE1, 0x00, 0x00, 0x5F, 0xFF, 0x90, 0x00, 0x00, 0x00, 0x00, 0x00, 0x00, 0x00, 0x00, 0x00, 0x00
  0x07, 0xFF, 0x40, 0x00, 0x00, 0x07, 0xFF, 0xF9, 0x00, 0x00, 0x00, 0x00, 0x00, 0x00, 0x00, 0x00, 0x00
  0x00, 0x7F, 0xF6, 0x00, 0x00, 0x00, 0x00, 0x5F, 0xFF, 0xB1, 0x00, 0x00, 0x00, 0x00, 0x00, 0x00, 0x00
  0x00, 0x09, 0xFF, 0x60, 0x00, 0x00, 0x00, 0x00, 0x03, 0xDF, 0xFE, 0x60, 0x00, 0x00, 0x00, 0x00, 0x00
  0x00, 0x06, 0xEF, 0xE4, 0x00, 0x00, 0x00, 0x00, 0x00, 0x00, 0x07, 0xEF, 0xFE, 0x83, 0x00, 0x00, 0x00
  0x00, 0x48, 0xEF, 0xF9, 0x10, 0x00, 0x00, 0x00, 0x00, 0x00, 0x00, 0x00, 0x06, 0xCF, 0xFF, 0xFC, 0xBA
  0xBB, 0xDF, 0xFF, 0xF9, 0x10, 0x00, 0x00, 0x00, 0x00, 0x00, 0x00, 0x00, 0x00, 0x00, 0x01, 0x69, 0xCD
  0xEF, 0xFF, 0xDB, 0x84, 0x00, 0x00, 0x00, 0x00, 0x00, 0x3F, 0xFF, 0xFF, 0xFF, 0xFF, 0xFF, 0xFF, 0xFF
  0xFF, 0xFF, 0xFE, 0xDA, 0x73, 0x00, 0x00, 0x00, 0x00, 0x00, 0x00, 0x00, 0x00, 0x3A, 0xFF, 0xFF, 0xFB
  0xAA, 0xAA, 0xAA, 0xAA, 0xAA, 0xBC, 0xEF, 0xFF, 0xE9, 0x20, 0x00, 0x00, 0x00, 0x00, 0x00, 0x00, 0x00
  0x9F, 0xFF, 0xF1, 0x00, 0x00, 0x00, 0x00, 0x00, 0x00, 0x02, 0x6C, 0xFF, 0xFA, 0x20, 0x00, 0x00, 0x00
  0x00, 0x00, 0x00, 0x2F, 0xFF, 0xF1, 0x00, 0x00, 0x00, 0x00, 0x00, 0x00, 0x00, 0x00, 0x4C, 0xFF, 0xF7
  0x00, 0x00, 0x00, 0x00, 0x00, 0x00, 0x0F, 0xFF, 0xF1, 0x00, 0x00, 0x00, 0x00, 0x00, 0x00, 0x00, 0x00
  0x00, 0x8F, 0xFF, 0xA0, 0x00, 0x00, 0x00, 0x00, 0x00, 0x0F, 0xFF, 0xF1, 0x00, 0x00, 0x00, 0x00, 0x00
  0x00, 0x00, 0x00, 0x00, 0x05, 0xFF, 0xFB, 0x00, 0x00, 0x00, 0x00, 0x00, 0x0F, 0xFF, 0xF1, 0x00, 0x00
  0x00, 0x00, 0x00, 0x00, 0x00, 0x00, 0x00, 0x00, 0x5F, 0xFF, 0xA0, 0x00, 0x00, 0x00, 0x00, 0x0F, 0xFF
  0xF1, 0x00, 0x00, 0x00, 0x00, 0x00, 0x00, 0x00, 0x00, 0x00, 0x00, 0x08, 0xFF, 0xF7, 0x00, 0x00, 0x00
  0x00, 0x0F, 0xFF, 0xF1, 0x00, 0x00, 0x00, 0x00, 0x00, 0x00, 0x00, 0x00, 0x00, 0x00, 0x00, 0xDF, 0xFF
  0x20, 0x00, 0x00, 0x00, 0x0F, 0xFF, 0xF1, 0x00, 0x00, 0x00, 0x00, 0x00, 0x00, 0x00, 0x00, 0x00, 0x00
  0x00, 0x4F, 0xFF, 0xB0, 0x00, 0x00, 0x00, 0x0F, 0xFF, 0xF1, 0x00, 0x00, 0x00, 0x00, 0x00, 0x00, 0x00
  0x00, 0x00, 0x00, 0x00, 0x0C, 0xFF, 0xF3, 0x00, 0x00, 0x00, 0x0F, 0xFF, 0xF1, 0x00, 0x00, 0x00, 0x00
  0x00, 0x00, 0x00, 0x00, 0x00, 0x00, 0x00, 0x06, 0xFF, 0xFA, 0x00, 0x00, 0x00, 0x0F, 0xFF, 0xF1, 0x00
  0x00, 0x00, 0x00, 0x00, 0x00, 0x00, 0x00, 0x00, 0x00, 0x00, 0x00, 0xFF, 0xFF, 0x00, 0x00, 0x00, 0x0F
  0xFF, 0xF1, 0x00, 0x00, 0x00, 0x00, 0x00, 0x00, 0x00, 0x00, 0x00, 0x00, 0x00, 0x00, 0xBF, 0xFF, 0x40
  0x00, 0x00, 0x0F, 0xFF, 0xF1, 0x00, 0x00, 0x00, 0x00, 0x00, 0x00, 0x00, 0x00, 0x00, 0x00, 0x00, 0x00
  0x7F, 0xFF, 0x80, 0x00, 0x00, 0x0F, 0xFF, 0xF1, 0x00, 0x00, 0x00, 0x00, 0x00, 0x00, 0x00, 0x00, 0x00
  0x00, 0x00, 0x00, 0x5F, 0xFF, 0xB0, 0x00, 0x00, 0x0F, 0xFF, 0xF1, 0x00, 0x00, 0x00, 0x00, 0x00, 0x00
  0x00, 0x00, 0x00, 0x00, 0x00, 0x00, 0x2F, 0xFF, 0xD0, 0x00, 0x00, 0x0F, 0xFF, 0xF1, 0x00, 0x00, 0x00
  0x00, 0x00, 0x00, 0x00, 0x00, 0x00, 0x00, 0x00, 0x00, 0x1F, 0xFF, 0xF0, 0x00, 0x00, 0x0F, 0xFF, 0xF1
  0x00, 0x00, 0x00, 0x00, 0x00, 0x00, 0x00, 0x00, 0x00, 0x00, 0x00, 0x00, 0x0F, 0xFF, 0xF0, 0x00, 0x00
  0x0F, 0xFF, 0xF1, 0x00, 0x00, 0x00, 0x00, 0x00, 0x00, 0x00, 0x00, 0x00, 0x00, 0x00, 0x00, 0x0F, 0xFF
  0xF0, 0x00, 0x00, 0x0F, 0xFF, 0xF1, 0x00, 0x00, 0x00, 0x00, 0x00, 0x00, 0x00, 0x00, 0x00, 0x00, 0x00
  0x00, 0x0F, 0xFF, 0xF0, 0x00, 0x00, 0x0F, 0xFF, 0xF1, 0x00, 0x00, 0x00, 0x00, 0x00, 0x00, 0x00, 0x00
  0x00, 0x00, 0x00, 0x00, 0x1F, 0xFF, 0xF0, 0x00, 0x00, 0x0F, 0xFF, 0xF1, 0x00, 0x00, 0x00, 0x00, 0x00
  0x00, 0x00, 0x00, 0x00, 0x00, 0x00, 0x00, 0x3F, 0xFF, 0xD0, 0x00, 0x00, 0x0F, 0xFF, 0xF1, 0x00, 0x00
  0x00, 0x00, 0x00, 0x00, 0x00, 0x00, 0x00, 0x00, 0x00, 0x00, 0x5F, 0xFF, 0xB0, 0x00, 0x00, 0x0F, 0xFF
  0xF1, 0x00, 0x00, 0x00, 0x00, 0x00, 0x00, 0x00, 0x00, 0x00, 0x00, 0x00, 0x00, 0x8F, 0xFF, 0x80, 0x00
  0x00, 0x0F, 0xFF, 0xF1, 0x00, 0x00, 0x00, 0x00, 0x00, 0x00, 0x00, 0x00, 0x00, 0x00, 0x00, 0x00, 0xCF
  0xFF, 0x40, 0x00, 0x00, 0x0F, 0xFF, 0xF1, 0x00, 0x00, 0x00, 0x00, 0x00, 0x00, 0x00, 0x00, 0x00, 0x00
  0x00, 0x00, 0xFF, 0xFE, 0x00, 0x00, 0x00, 0x0F, 0xFF, 0xF1, 0x00, 0x00, 0x00, 0x00, 0x00, 0x00, 0x00
  0x00, 0x00, 0x00, 0x00, 0x06, 0xFF, 0xF9, 0x00, 0x00, 0x00, 0x0F, 0xFF, 0xF1, 0x00, 0x00, 0x00, 0x00
  0x00, 0x00, 0x00, 0x00, 0x00, 0x00, 0x00, 0x0C, 0xFF, 0xF2, 0x00, 0x00, 0x00, 0x0F, 0xFF, 0xF1, 0x00
  0x00, 0x00, 0x00, 0x00, 0x00, 0x00, 0x00, 0x00, 0x00, 0x00, 0x4F, 0xFF, 0xA0, 0x00, 0x00, 0x00, 0x0F
  0xFF, 0xF1, 0x00, 0x00, 0x00, 0x00, 0x00, 0x00, 0x00, 0x00, 0x00, 0x00, 0x00, 0xDF, 0xFF, 0x10, 0x00
  0x00, 0x00, 0x0F, 0xFF, 0xF1, 0x00, 0x00, 0x00, 0x00, 0x00, 0x00, 0x00, 0x00, 0x00, 0x00, 0x09, 0xFF
  0xF6, 0x00, 0x00, 0x00, 0x00, 0x0F, 0xFF, 0xF1, 0x00, 0x00, 0x00, 0x00, 0x00, 0x00, 0x00, 0x00, 0x00
  0x00, 0x5F, 0xFF, 0x90, 0x00, 0x00, 0x00, 0x00, 0x0F, 0xFF, 0xF1, 0x00, 0x00, 0x00, 0x00, 0x00, 0x00
  0x00, 0x00, 0x00, 0x05, 0xFF, 0xFA, 0x00, 0x00, 0x00, 0x00, 0x00, 0x0F, 0xFF, 0xF1, 0x00, 0x00, 0x00
  0x00, 0x00, 0x00, 0x00, 0x00, 0x00, 0x8F, 0xFF, 0x90, 0x00, 0x00, 0x00, 0x00, 0x00, 0x2F, 0xFF, 0xF1
  0x00, 0x00, 0x00, 0x00, 0x00, 0x00, 0x00, 0x00, 0x4D, 0xFF, 0xE5, 0x00, 0x00, 0x00, 0x00, 0x00, 0x00
  0xBF, 0xFF, 0xF1, 0x00, 0x00, 0x00, 0x00, 0x00, 0x00, 0x02, 0x7D, 0xFF, 0xF9, 0x10, 0x00, 0x00, 0x00
  0x00, 0x01, 0x3B, 0xFF, 0xFF, 0xFC, 0xBB, 0xBB, 0xBB, 0xBB, 0xBB, 0xCD, 0xFF, 0xFF, 0xD8, 0x10, 0x00
  0x00, 0x00, 0x00, 0x00, 0x3F, 0xFF, 0xFF, 0xFF, 0xFF, 0xFF, 0xFF, 0xFF, 0xFF, 0xFE, 0xED, 0xC9, 0x62
  0x00, 0x00, 0x00, 0x00, 0x00, 0x00, 0x00, 0x00, 0x00, 0x00, 0x00, 0x00, 0x00, 0x00, 0x00, 0x00, 0x00
  0x01, 0x48, 0x00, 0x00, 0x2A, 0xAA, 0xAB, 0xAA, 0xBB, 0xAA, 0xAA, 0xAA, 0xAD, 0xFF, 0xFF, 0xFF, 0x00
  0x00, 0x15, 0x8E, 0xFF, 0xFF, 0xFF, 0xFF, 0xFF, 0xFF, 0xFF, 0xFF, 0xFF, 0xFF, 0x00, 0x00, 0x00, 0x01
  0xCF, 0xFF, 0xF1, 0x00, 0x00, 0x00, 0x00, 0x00, 0x29, 0xFF, 0x00, 0x00, 0x00, 0x00, 0x4F, 0xFF, 0xF1
  0x00, 0x00, 0x00, 0x00, 0x00, 0x00, 0x9F, 0x00, 0x00, 0x00, 0x00, 0x0F, 0xFF, 0xF1, 0x00, 0x00, 0x00
  0x00, 0x00, 0x00, 0x2F, 0x00, 0x00, 0x00, 0x00, 0x0F, 0xFF, 0xF1, 0x00, 0x00, 0x00, 0x00, 0x00, 0x00
  0x0F, 0x00, 0x00, 0x00, 0x00, 0x0F, 0xFF, 0xF1, 0x00, 0x00, 0x00, 0x00, 0x00, 0x00, 0x03, 0x00, 0x00
  0x00, 0x00, 0x0F, 0xFF, 0xF1, 0x00, 0x00, 0x00, 0x00, 0x00, 0x00, 0x00, 0x00, 0x00, 0x00, 0x00, 0x0F
  0xFF, 0xF1, 0x00, 0x00, 0x00, 0x00, 0x00, 0x00, 0x00, 0x00, 0x00, 0x00, 0x00, 0x0F, 0xFF, 0xF1, 0x00
  0x00, 0x00, 0x00, 0x00, 0x00, 0x00, 0x00, 0x00, 0x00, 0x00, 0x0F, 0xFF, 0xF1, 0x00, 0x00, 0x00, 0x00
  0x00, 0x00, 0x00, 0x00, 0x00, 0x00, 0x00, 0x0F, 0xFF, 0xF1, 0x00, 0x00, 0x00, 0x00, 0x00, 0x00, 0x00
  0x00, 0x00, 0x00, 0x00, 0x0F, 0xFF, 0xF1, 0x00, 0x00, 0x00, 0x00, 0x00, 0x00, 0x00, 0x00, 0x00, 0x00
  0x00, 0x0F, 0xFF, 0xF1, 0x00, 0x00, 0x00, 0x00, 0x00, 0x00, 0x00, 0x00, 0x00, 0x00, 0x00, 0x0F, 0xFF
  0xF1, 0x00, 0x00, 0x00, 0x00, 0x00, 0x00, 0x00, 0x00, 0x00, 0x00, 0x00, 0x0F, 0xFF, 0xF1, 0x00, 0x00
  0x00, 0x00, 0x00, 0x80, 0x00, 0x00, 0x00, 0x00, 0x00, 0x0F, 0xFF, 0xF1, 0x00, 0x00, 0x00, 0x00, 0x00
  0xF0, 0x00, 0x00, 0x00, 0x00, 0x00, 0x0F, 0xFF, 0xF1, 0x00, 0x00, 0x00, 0x00, 0x05, 0xF0, 0x00, 0x00
  0x00, 0x00, 0x00, 0x0F, 0xFF, 0xF1, 0x00, 0x00, 0x00, 0x00, 0x4E, 0xF0, 0x00, 0x00, 0x00, 0x00, 0x00
  0x0F, 0xFF, 0xFF, 0xFF, 0xFF, 0xFF, 0xFF, 0xFF, 0xF0, 0x00, 0x00, 0x00, 0x00, 0x00, 0x0F, 0xFF, 0xFB
  0xAA, 0xAA, 0xAA, 0xAB, 0xFF, 0xF0, 0x00, 0x00, 0x00, 0x00, 0x00, 0x0F, 0xFF, 0xF1, 0x00, 0x00, 0x00
  0x00, 0x0C, 0xF0, 0x00, 0x00, 0x00, 0x00, 0x00, 0x0F, 0xFF, 0xF1, 0x00, 0x00, 0x00, 0x00, 0x03, 0xF0
  0x00, 0x00, 0x00, 0x00, 0x00, 0x0F, 0xFF, 0xF1, 0x00, 0x00, 0x00, 0x00, 0x00, 0xF0, 0x00, 0x00, 0x00
  0x00, 0x00, 0x0F, 0xFF, 0xF1, 0x00, 0x00, 0x00, 0x00, 0x00, 0x30, 0x00, 0x00, 0x00, 0x00, 0x00, 0x0F
  0xFF, 0xF1, 0x00, 0x00, 0x00, 0x00, 0x00, 0x00, 0x00, 0x00, 0x00, 0x00, 0x00, 0x0F, 0xFF, 0xF1, 0x00
  0x00, 0x00, 0x00, 0x00, 0x00, 0x00, 0x00, 0x00, 0x00, 0x00, 0x0F, 0xFF, 0xF1, 0x00, 0x00, 0x00, 0x00
  0x00, 0x00, 0x00, 0x00, 0x00, 0x00, 0x00, 0x0F, 0xFF, 0xF1, 0x00, 0x00, 0x00, 0x00, 0x00, 0x00, 0x00
  0x00, 0x00, 0x00, 0x00, 0x0F, 0xFF, 0xF1, 0x00, 0x00, 0x00, 0x00, 0x00, 0x00, 0x00, 0x00, 0x00, 0x00
  0x00, 0x0F, 0xFF, 0xF1, 0x00, 0x00, 0x00, 0x00, 0x00, 0x00, 0x00, 0x00, 0x72, 0x00, 0x00, 0x0F, 0xFF
  0xF1, 0x00, 0x00, 0x00, 0x00, 0x00, 0x00, 0x00, 0x00, 0xB0, 0x00, 0x00, 0x0F, 0xFF, 0xF1, 0x00, 0x00
  0x00, 0x00, 0x00, 0x00, 0x00, 0x08, 0x70, 0x00, 0x00, 0x0F, 0xFF, 0xF1, 0x00, 0x00, 0x00, 0x00, 0x00
  0x00, 0x00, 0x3F, 0x10, 0x00, 0x00, 0x0F, 0xFF, 0xF1, 0x00, 0x00, 0x00, 0x00, 0x00, 0x00, 0x02, 0xEC
  0x00, 0x00, 0x00, 0x2F, 0xFF, 0xF1, 0x00, 0x00, 0x00, 0x00, 0x00, 0x00, 0x5E, 0xF6, 0x00, 0x00, 0x00
  0xBF, 0xFF, 0xF1, 0x00, 0x00, 0x00, 0x00, 0x00, 0x4B, 0xFF, 0xF1, 0x00, 0x01, 0x3B, 0xFF, 0xFF, 0xFC
  0xBB, 0xBB, 0xBD, 0xFF, 0xFF, 0xFF, 0xFF, 0xA0, 0x00, 0x3F, 0xFF, 0xFF, 0xFF, 0xFF, 0xFF, 0xFF, 0xFF
  0xFF, 0xFF, 0xFF, 0xFF, 0x50, 0x00, 0x00, 0x00, 0x00, 0x00, 0x00, 0x00, 0x00, 0x00, 0x00, 0x00, 0x01
  0x48, 0x2A, 0xAA, 0xAB, 0xAA, 0xBB, 0xAA, 0xAA, 0xAA, 0xAD, 0xFF, 0xFF, 0xFF, 0x15, 0x8E, 0xFF, 0xFF
  0xFF, 0xFF, 0xFF, 0xFF, 0xFF, 0xFF, 0xFF, 0xFF, 0x00, 0x01, 0xCF, 0xFF, 0xF1, 0x00, 0x00, 0x00, 0x00
  0x00, 0x05, 0xEF, 0x00, 0x00, 0x4F, 0xFF, 0xF1, 0x00, 0x00, 0x00, 0x00, 0x00, 0x00, 0x5F, 0x00, 0x00
  0x0F, 0xFF, 0xF1, 0x00, 0x00, 0x00, 0x00, 0x00, 0x00, 0x0F, 0x00, 0x00, 0x0F, 0xFF, 0xF1, 0x00, 0x00
  0x00, 0x00, 0x00, 0x00, 0x08, 0x00, 0x00, 0x0F, 0xFF, 0xF1, 0x00, 0x00, 0x00, 0x00, 0x00, 0x00, 0x00
  0x00, 0x00, 0x0F, 0xFF, 0xF1, 0x00, 0x00, 0x00, 0x00, 0x00, 0x00, 0x00, 0x00, 0x00, 0x0F, 0xFF, 0xF1
  0x00, 0x00, 0x00, 0x00, 0x00, 0x00, 0x00, 0x00, 0x00, 0x0F, 0xFF, 0xF1, 0x00, 0x00, 0x00, 0x00, 0x00
  0x00, 0x00, 0x00, 0x00, 0x0F, 0xFF, 0xF1, 0x00, 0x00, 0x00, 0x00, 0x00, 0x00, 0x00, 0x00, 0x00, 0x0F
  0xFF, 0xF1, 0x00, 0x00, 0x00, 0x00, 0x00, 0x00, 0x00, 0x00, 0x00, 0x0F, 0xFF, 0xF1, 0x00, 0x00, 0x00
  0x00, 0x00, 0x00, 0x00, 0x00, 0x00, 0x0F, 0xFF, 0xF1, 0x00, 0x00, 0x00, 0x00, 0x00, 0x00, 0x00, 0x00
  0x00, 0x0F, 0xFF, 0xF1, 0x00, 0x00, 0x00, 0x00, 0x00, 0x00, 0x00, 0x00, 0x00, 0x0F, 0xFF, 0xF1, 0x00
  0x00, 0x00, 0x00, 0x00, 0x80, 0x00, 0x00, 0x00, 0x0F, 0xFF, 0xF1, 0x00, 0x00, 0x00, 0x00, 0x00, 0xF0
  0x00, 0x00, 0x00, 0x0F, 0xFF, 0xF1, 0x00, 0x00, 0x00, 0x00, 0x05, 0xF0, 0x00, 0x00, 0x00, 0x0F, 0xFF
  0xF1, 0x00, 0x00, 0x00, 0x00, 0x4E, 0xF0, 0x00, 0x00, 0x00, 0x0F, 0xFF, 0xFF, 0xFF, 0xFF, 0xFF, 0xFF
  0xFF, 0xF0, 0x00, 0x00, 0x00, 0x0F, 0xFF, 0xFB, 0xAA, 0xAA, 0xAA, 0xAB, 0xEF, 0xF0, 0x00, 0x00, 0x00
  0x0F, 0xFF, 0xF1, 0x00, 0x00, 0x00, 0x00, 0x0B, 0xF0, 0x00, 0x00, 0x00, 0x0F, 0xFF, 0xF1, 0x00, 0x00
  0x00, 0x00, 0x02, 0xF0, 0x00, 0x00, 0x00, 0x0F, 0xFF, 0xF1, 0x00, 0x00, 0x00, 0x00, 0x00, 0xF0, 0x00
  0x00, 0x00, 0x0F, 0xFF, 0xF1, 0x00, 0x00, 0x00, 0x00, 0x00, 0x10, 0x00, 0x00, 0x00, 0x0F, 0xFF, 0xF1
  0x00, 0x00, 0x00, 0x00, 0x00, 0x00, 0x00, 0x00, 0x00, 0x0F, 0xFF, 0xF1, 0x00, 0x00, 0x00, 0x00, 0x00
  0x00, 0x00, 0x00, 0x00, 0x0F, 0xFF, 0xF1, 0x00, 0x00, 0x00, 0x00, 0x00, 0x00, 0x00, 0x00, 0x00, 0x0F
  0xFF, 0xF1, 0x00, 0x00, 0x00, 0x00, 0x00, 0x00, 0x00, 0x00, 0x00, 0x0F, 0xFF, 0xF1, 0x00, 0x00, 0x00
  0x00, 0x00, 0x00, 0x00, 0x00, 0x00, 0x0F, 0xFF, 0xF1, 0x00, 0x00, 0x00, 0x00, 0x00, 0x00, 0x00, 0x00
  0x00, 0x0F, 0xFF, 0xF1, 0x00, 0x00, 0x00, 0x00, 0x00, 0x00, 0x00, 0x00, 0x00, 0x0F, 0xFF, 0xF1, 0x00
  0x00, 0x00, 0x00, 0x00, 0x00, 0x00, 0x00, 0x00, 0x0F, 0xFF, 0xF1, 0x00, 0x00, 0x00, 0x00, 0x00, 0x00
  0x00, 0x00, 0x00, 0x0F, 0xFF, 0xF1, 0x00, 0x00, 0x00, 0x00, 0x00, 0x00, 0x00, 0x00, 0x00, 0x2F, 0xFF
  0xF4, 0x00, 0x00, 0x00, 0x00, 0x00, 0x00, 0x00, 0x00, 0x00, 0xBF, 0xFF, 0xFC, 0x00, 0x00, 0x00, 0x00
  0x00, 0x00, 0x00, 0x01, 0x3B, 0xFF, 0xFF, 0xFF, 0xB3, 0x10, 0x00, 0x00, 0x00, 0x00, 0x00, 0x3F, 0xFF
  0xFF, 0xFF, 0xFF, 0xFF, 0xE0, 0x00, 0x00, 0x00, 0x00, 0x00, 0x00, 0x00, 0x00, 0x00, 0x00, 0x00, 0x01
  0x69, 0xCD, 0xEF, 0xFE, 0xEC, 0x97, 0x30, 0x00, 0x00, 0x00, 0x00, 0x00, 0x00, 0x00, 0x00, 0x00, 0x00
  0x00, 0x06, 0xCF, 0xFF, 0xFD, 0xBA, 0xBB, 0xDF, 0xFF, 0xFF, 0xA4, 0x00, 0x00, 0x00, 0x00, 0x00, 0x00
  0x00, 0x00, 0x00, 0x07, 0xEF, 0xFE, 0x83, 0x00, 0x00, 0x00, 0x00, 0x38, 0xDF, 0xFF, 0xD5, 0x00, 0x00
  0x00, 0x00, 0x00, 0x00, 0x00, 0x03, 0xDF, 0xFF, 0x70, 0x00, 0x00, 0x00, 0x00, 0x00, 0x00, 0x06, 0xEF
  0xFF, 0xC1, 0x00, 0x00, 0x00, 0x00, 0x00, 0x00, 0x5F, 0xFF, 0xC1, 0x00, 0x00, 0x00, 0x00, 0x00, 0x00
  0x00, 0x00, 0x09, 0xFF, 0xF5, 0x00, 0x00, 0x00, 0x00, 0x00, 0x06, 0xFF, 0xFA, 0x00, 0x00, 0x00, 0x00
  0x00, 0x00, 0x00, 0x00, 0x00, 0x00, 0x7F, 0xF8, 0x00, 0x00, 0x00, 0x00, 0x00, 0x5F, 0xFF, 0xA0, 0x00
  0x00, 0x00, 0x00, 0x00, 0x00, 0x00, 0x00, 0x00, 0x00, 0x08, 0xFA, 0x00, 0x00, 0x00, 0x00, 0x02, 0xFF
  0xFD, 0x00, 0x00, 0x00, 0x00, 0x00, 0x00, 0x00, 0x00, 0x00, 0x00, 0x00, 0x00, 0xCD, 0x00, 0x00, 0x00
  0x00, 0x0C, 0xFF, 0xF2, 0x00, 0x00, 0x00, 0x00, 0x00, 0x00, 0x00, 0x00, 0x00, 0x00, 0x00, 0x00, 0x3F
  0x00, 0x00, 0x00, 0x00, 0x7F, 0xFF, 0x80, 0x00, 0x00, 0x00, 0x00, 0x00, 0x00, 0x00, 0x00, 0x00, 0x00
  0x00, 0x00, 0x0C, 0x10, 0x00, 0x00, 0x00, 0xEF, 0xFF, 0x10, 0x00, 0x00, 0x00, 0x00, 0x00, 0x00, 0x00
  0x00, 0x00, 0x00, 0x00, 0x00, 0x06, 0x40, 0x00, 0x00, 0x06, 0xFF, 0xF9, 0x00, 0x00, 0x00, 0x00, 0x00
  0x00, 0x00, 0x00, 0x00, 0x00, 0x00, 0x00, 0x00, 0x00, 0x00, 0x00, 0x00, 0x0C, 0xFF, 0xF3, 0x00, 0x00
  0x00, 0x00, 0x00, 0x00, 0x00, 0x00, 0x00, 0x00, 0x00, 0x00, 0x00, 0x00, 0x00, 0x00, 0x00, 0x1F, 0xFF
  0xE0, 0x00, 0x00, 0x00, 0x00, 0x00, 0x00, 0x00, 0x00, 0x00, 0x00, 0x00, 0x00, 0x00, 0x00, 0x00, 0x00
  0x00, 0x6F, 0xFF, 0xA0, 0x00, 0x00, 0x00, 0x00, 0x00, 0x00, 0x00, 0x00, 0x00, 0x00, 0x00, 0x00, 0x00
  0x00, 0x00, 0x00, 0x00, 0x9F, 0xFF, 0x70, 0x00, 0x00, 0x00, 0x00, 0x00, 0x00, 0x00, 0x00, 0x00, 0x00
  0x00, 0x00, 0x00, 0x00, 0x00, 0x00, 0x00, 0xBF, 0xFF, 0x40, 0x00, 0x00, 0x00, 0x00, 0x00, 0x00, 0x00
  0x00, 0x00, 0x00, 0x00, 0x00, 0x00, 0x00, 0x00, 0x00, 0x00, 0xDF, 0xFF, 0x20, 0x00, 0x00, 0x00, 0x00
  0x00, 0x00, 0x00, 0x00, 0x00, 0x00, 0x00, 0x00, 0x00, 0x00, 0x00, 0x00, 0x00, 0xEF, 0xFF, 0x20, 0x00
  0x00, 0x00, 0x00, 0x00, 0x00, 0x00, 0x00, 0x00, 0x00, 0x00, 0x00, 0x00, 0x00, 0x00, 0x00, 0x00, 0xFF
  0xFF, 0x10, 0x00, 0x00, 0x00, 0x00, 0x00, 0x00, 0x00, 0x00, 0x00, 0x00, 0x00, 0x00, 0x00, 0x00, 0x00
  0x00, 0x00, 0xFF, 0xFF, 0x10, 0x00, 0x00, 0x00, 0x00, 0x00, 0x00, 0x00, 0x00, 0x00, 0x00, 0x00, 0xAF
  0xFF, 0xFF, 0xFF, 0xFF, 0xFA, 0xEF, 0xFF, 0x20, 0x00, 0x00, 0x00, 0x00, 0x00, 0x00, 0x00, 0x00, 0x00
  0x00, 0x00, 0x00, 0x4D, 0xFF, 0xFF, 0xD3, 0x00, 0xDF, 0xFF, 0x20, 0x00, 0x00, 0x00, 0x00, 0x00, 0x00
  0x00, 0x00, 0x00, 0x00, 0x00, 0x00, 0x04, 0xFF, 0xFF, 0x30, 0x00, 0xBF, 0xFF, 0x40, 0x00, 0x00, 0x00
  0x00, 0x00, 0x00, 0x00, 0x00, 0x00, 0x00, 0x00, 0x00, 0x01, 0xFF, 0xFF, 0x00, 0x00, 0x9F, 0xFF, 0x70
  0x00, 0x00, 0x00, 0x00, 0x00, 0x00, 0x00, 0x00, 0x00, 0x00, 0x00, 0x00, 0x01, 0xFF, 0xFF, 0x00, 0x00
  0x6F, 0xFF, 0xA0, 0x00, 0x00, 0x00, 0x00, 0x00, 0x00, 0x00, 0x00, 0x00, 0x00, 0x00, 0x00, 0x01, 0xFF
  0xFF, 0x00, 0x00, 0x1F, 0xFF, 0xE0, 0x00, 0x00, 0x00, 0x00, 0x00, 0x00, 0x00, 0x00, 0x00, 0x00, 0x00
  0x00, 0x01, 0xFF, 0xFF, 0x00, 0x00, 0x0C, 0xFF, 0xF2, 0x00, 0x00, 0x00, 0x00, 0x00, 0x00, 0x00, 0x00
  0x00, 0x00, 0x00, 0x00, 0x01, 0xFF, 0xFF, 0x00, 0x00, 0x06, 0xFF, 0xF9, 0x00, 0x00, 0x00, 0x00, 0x00
  0x00, 0x00, 0x00, 0x00, 0x00, 0x00, 0x00, 0x01, 0xFF, 0xFF, 0x00, 0x00, 0x00, 0xEF, 0xFE, 0x00, 0x00
  0x00, 0x00, 0x00, 0x00, 0x00, 0x00, 0x00, 0x00, 0x00, 0x00, 0x01, 0xFF, 0xFF, 0x00, 0x00, 0x00, 0x7F
  0xFF, 0x80, 0x00, 0x00, 0x00, 0x00, 0x00, 0x00, 0x00, 0x00, 0x00, 0x00, 0x00, 0x01, 0xFF, 0xFF, 0x00
  0x00, 0x00, 0x0C, 0xFF, 0xF1, 0x00, 0x00, 0x00, 0x00, 0x00, 0x00, 0x00, 0x00, 0x00, 0x00, 0x00, 0x01
  0xFF, 0xFF, 0x00, 0x00, 0x00, 0x03, 0xFF, 0xFC, 0x00, 0x00, 0x00, 0x00, 0x00, 0x00, 0x00, 0x00, 0x00
  0x00, 0x00, 0x01, 0xFF, 0xFF, 0x00, 0x00, 0x00, 0x00, 0x5F, 0xFF, 0x90, 0x00, 0x00, 0x00, 0x00, 0x00
  0x00, 0x00, 0x00, 0x00, 0x00, 0x03, 0xFF, 0xF5, 0x00, 0x00, 0x00, 0x00, 0x06, 0xFF, 0xF8, 0x00, 0x00
  0x00, 0x00, 0x00, 0x00, 0x00, 0x00, 0x00, 0x00, 0x5F, 0xFF, 0x60, 0x00, 0x00, 0x00, 0x00, 0x00, 0x5F
  0xFF, 0xB1, 0x00, 0x00, 0x00, 0x00, 0x00, 0x00, 0x00, 0x00, 0x19, 0xFF, 0xF5, 0x00, 0x00, 0x00, 0x00
  0x00, 0x00, 0x03, 0xCF, 0xFE, 0x60, 0x00, 0x00, 0x00, 0x00, 0x00, 0x00, 0x07, 0xEF, 0xFC, 0x20, 0x00
  0x00, 0x00, 0x00, 0x00, 0x00, 0x00, 0x07, 0xEF, 0xFD, 0x83, 0x00, 0x00, 0x00, 0x01, 0x5A, 0xFF, 0xFE
  0x70, 0x00, 0x00, 0x00, 0x00, 0x00, 0x00, 0x00, 0x00, 0x00, 0x06, 0xCF, 0xFF, 0xFC, 0xBA, 0xBC, 0xEF
  0xFF, 0xFC, 0x50, 0x00, 0x00, 0x00, 0x00, 0x00, 0x00, 0x00, 0x00, 0x00, 0x00, 0x00, 0x01, 0x69, 0xBD
  0xEF, 0xFF, 0xEC, 0x96, 0x20, 0x00, 0x00, 0x00, 0x00, 0x00, 0x00, 0x3F, 0xFF, 0xFF, 0xFF, 0xFF, 0xFF
  0xF3, 0x00, 0x00, 0x00, 0x00, 0x00, 0x00, 0x3F, 0xFF, 0xFF, 0xFF, 0xFF, 0xFF, 0xF3, 0x00, 0x2B, 0xFF
  0xFF, 0xFF, 0x92, 0x00, 0x00, 0x00, 0x00, 0x00, 0x00, 0x00, 0x00, 0x3B, 0xFF, 0xFF, 0xFF, 0x92, 0x00
  0x00, 0x00, 0xCF, 0xFF, 0xFA, 0x00, 0x00, 0x00, 0x00, 0x00, 0x00, 0x00, 0x00, 0x00, 0x00, 0xDF, 0xFF
  0xF8, 0x00, 0x00, 0x00, 0x00, 0x4F, 0xFF, 0xF2, 0x00, 0x00, 0x00, 0x00, 0x00, 0x00, 0x00, 0x00, 0x00
  0x00, 0x6F, 0xFF, 0xF0, 0x00, 0x00, 0x00, 0x00, 0x1F, 0xFF, 0xF1, 0x00, 0x00, 0x00, 0x00, 0x00, 0x00
  0x00, 0x00, 0x00, 0x00, 0x2F, 0xFF, 0xF0, 0x00, 0x00, 0x00, 0x00, 0x0F, 0xFF, 0xF1, 0x00, 0x00, 0x00
  0x00, 0x00, 0x00, 0x00, 0x00, 0x00, 0x00, 0x1F, 0xFF, 0xF0, 0x00, 0x00, 0x00, 0x00, 0x0F, 0xFF, 0xF1
  0x00, 0x00, 0x00, 0x00, 0x00, 0x00, 0x00, 0x00, 0x00, 0x00, 0x1F, 0xFF, 0xF0, 0x00, 0x00, 0x00, 0x00
  0x0F, 0xFF, 0xF1, 0x00, 0x00, 0x00, 0x00, 0x00, 0x00, 0x00, 0x00, 0x00, 0x00, 0x1F, 0xFF, 0xF0, 0x00
  0x00, 0x00, 0x00, 0x0F, 0xFF, 0xF1, 0x00, 0x00, 0x00, 0x00, 0x00, 0x00, 0x00, 0x00, 0x00, 0x00, 0x1F
  0xFF, 0xF0, 0x00, 0x00, 0x00, 0x00, 0x0F, 0xFF, 0xF1, 0x00, 0x00, 0x00, 0x00, 0x00, 0x00, 0x00, 0x00
  0x00, 0x00, 0x1F, 0xFF, 0xF0, 0x00, 0x00, 0x00, 0x00, 0x0F, 0xFF, 0xF1, 0x00, 0x00, 0x00, 0x00, 0x00
  0x00, 0x00, 0x00, 0x00, 0x00, 0x1F, 0xFF, 0xF0, 0x00, 0x00, 0x00, 0x00, 0x0F, 0xFF, 0xF1, 0x00, 0x00
  0x00, 0x00, 0x00, 0x00, 0x00, 0x00, 0x00, 0x00, 0x1F, 0xFF, 0xF0, 0x00, 0x00, 0x00, 0x00, 0x0F, 0xFF
  0xF1, 0x00, 0x00, 0x00, 0x00, 0x00, 0x00, 0x00, 0x00, 0x00, 0x00, 0x1F, 0xFF, 0xF0, 0x00, 0x00, 0x00
  0x00, 0x0F, 0xFF, 0xF1, 0x00, 0x00, 0x00, 0x00, 0x00, 0x00, 0x00, 0x00, 0x00, 0x00, 0x1F, 0xFF, 0xF0
  0x00, 0x00, 0x00, 0x00, 0x0F, 0xFF, 0xF1, 0x00, 0x00, 0x00, 0x00, 0x00, 0x00, 0x00, 0x00, 0x00, 0x00
  0x1F, 0xFF, 0xF0, 0x00, 0x00, 0x00, 0x00, 0x0F, 0xFF, 0xF1, 0x00, 0x00, 0x00, 0x00, 0x00, 0x00, 0x00
  0x00, 0x00, 0x00, 0x1F, 0xFF, 0xF0, 0x00, 0x00, 0x00, 0x00, 0x0F, 0xFF, 0xF1, 0x00, 0x00, 0x00, 0x00
  0x00, 0x00, 0x00, 0x00, 0x00, 0x00, 0x1F, 0xFF, 0xF0, 0x00, 0x00, 0x00, 0x00, 0x0F, 0xFF, 0xF1, 0x00
  0x00, 0x00, 0x00, 0x00, 0x00, 0x00, 0x00, 0x00, 0x00, 0x1F, 0xFF, 0xF0, 0x00, 0x00, 0x00, 0x00, 0x0F
  0xFF, 0xF1, 0x00, 0x00, 0x00, 0x00, 0x00, 0x00, 0x00, 0x00, 0x00, 0x00, 0x1F, 0xFF, 0xF0, 0x00, 0x00
  0x00, 0x00, 0x0F, 0xFF, 0xFF, 0xFF, 0xFF, 0xFF, 0xFF, 0xFF, 0xFF, 0xFF, 0xFF, 0xFF, 0xFF, 0xFF, 0xFF
  0xF0, 0x00, 0x00, 0x00, 0x00, 0x0F, 0xFF, 0xFB, 0xAA, 0xAA, 0xAA, 0xAA, 0xAA, 0xAA, 0xAA, 0xAA, 0xAA
  0xAA, 0xBF, 0xFF, 0xF0, 0x00, 0x00, 0x00, 0x00, 0x0F, 0xFF, 0xF1, 0x00, 0x00, 0x00, 0x00, 0x00, 0x00
  0x00, 0x00, 0x00, 0x00, 0x1F, 0xFF, 0xF0, 0x00, 0x00, 0x00, 0x00, 0x0F, 0xFF, 0xF1, 0x00, 0x00, 0x00
  0x00, 0x00, 0x00, 0x00, 0x00, 0x00, 0x00, 0x1F, 0xFF, 0xF0, 0x00, 0x00, 0x00, 0x00, 0x0F, 0xFF, 0xF1
  0x00, 0x00, 0x00, 0x00, 0x00, 0x00, 0x00, 0x00, 0x00, 0x00, 0x1F, 0xFF, 0xF0, 0x00, 0x00, 0x00, 0x00
  0x0F, 0xFF, 0xF1, 0x00, 0x00, 0x00, 0x00, 0x00, 0x00, 0x00, 0x00, 0x00, 0x00, 0x1F, 0xFF, 0xF0, 0x00
  0x00, 0x00, 0x00, 0x0F, 0xFF, 0xF1, 0x00, 0x00, 0x00, 0x00, 0x00, 0x00, 0x00, 0x00, 0x00, 0x00, 0x1F
  0xFF, 0xF0, 0x00, 0x00, 0x00, 0x00, 0x0F, 0xFF, 0xF1, 0x00, 0x00, 0x00, 0x00, 0x00, 0x00, 0x00, 0x00
  0x00, 0x00, 0x1F, 0xFF, 0xF0, 0x00, 0x00, 0x00, 0x00, 0x0F, 0xFF, 0xF1, 0x00, 0x00, 0x00, 0x00, 0x00
  0x00, 0x00, 0x00, 0x00, 0x00, 0x1F, 0xFF, 0xF0, 0x00, 0x00, 0x00, 0x00, 0x0F, 0xFF, 0xF1, 0x00, 0x00
  0x00, 0x00, 0x00, 0x00, 0x00, 0x00, 0x00, 0x00, 0x1F, 0xFF, 0xF0, 0x00, 0x00, 0x00, 0x00, 0x0F, 0xFF
  0xF1, 0x00, 0x00, 0x00, 0x00, 0x00, 0x00, 0x00, 0x00, 0x00, 0x00, 0x1F, 0xFF, 0xF0, 0x00, 0x00, 0x00
  0x00, 0x0F, 0xFF, 0xF1, 0x00, 0x00, 0x00, 0x00, 0x00, 0x00, 0x00, 0x00, 0x00, 0x00, 0x1F, 0xFF, 0xF0
  0x00, 0x00, 0x00, 0x00, 0x0F, 0xFF, 0xF1, 0x00, 0x00, 0x00, 0x00, 0x00, 0x00, 0x00, 0x00, 0x00, 0x00
  0x1F, 0xFF, 0xF0, 0x00, 0x00, 0x00, 0x00, 0x0F, 0xFF, 0xF1, 0x00, 0x00, 0x00, 0x00, 0x00, 0x00, 0x00
  0x00, 0x00, 0x00, 0x1F, 0xFF, 0xF0, 0x00, 0x00, 0x00, 0x00, 0x0F, 0xFF, 0xF1, 0x00, 0x00, 0x00, 0x00
  0x00, 0x00, 0x00, 0x00, 0x00, 0x00, 0x1F, 0xFF, 0xF0, 0x00, 0x00, 0x00, 0x00, 0x0F, 0xFF, 0xF1, 0x00
  0x00, 0x00, 0x00, 0x00, 0x00, 0x00, 0x00, 0x00, 0x00, 0x1F, 0xFF, 0xF0, 0x00, 0x00, 0x00, 0x00, 0x2F
  0xFF, 0xF5, 0x00, 0x00, 0x00, 0x00, 0x00, 0x00, 0x00, 0x00, 0x00, 0x00, 0x3F, 0xFF, 0xF3, 0x00, 0x00
  0x00, 0x00, 0xBF, 0xFF, 0xFD, 0x00, 0x00, 0x00, 0x00, 0x00, 0x00, 0x00, 0x00, 0x00, 0x00, 0xCF, 0xFF
  0xFB, 0x00, 0x00, 0x01, 0x3B, 0xFF, 0xFF, 0xFF, 0xC4, 0x10, 0x00, 0x00, 0x00, 0x00, 0x00, 0x00, 0x01
  0x3B, 0xFF, 0xFF, 0xFF, 0xC4, 0x10, 0x3F, 0xFF, 0xFF, 0xFF, 0xFF, 0xFF, 0xF2, 0x00, 0x00, 0x00, 0x00
  0x00, 0x00, 0x2F, 0xFF, 0xFF, 0xFF, 0xFF, 0xFF, 0xF3, 0x3F, 0xFF, 0xFF, 0xFF, 0xFF, 0xFF, 0xF4, 0x00
  0x3B, 0xFF, 0xFF, 0xFF, 0xA2, 0x00, 0x00, 0x00, 0xCF, 0xFF, 0xFB, 0x00, 0x00, 0x00, 0x00, 0x4F, 0xFF
  0xF2, 0x00, 0x00, 0x00, 0x00, 0x0F, 0xFF, 0xF1, 0x00, 0x00, 0x00, 0x00, 0x0F, 0xFF, 0xF1, 0x00, 0x00
  0x00, 0x00, 0x0F, 0xFF, 0xF1, 0x00, 0x00, 0x00, 0x00, 0x0F, 0xFF, 0xF1, 0x00, 0x00, 0x00, 0x00, 0x0F
  0xFF, 0xF1, 0x00, 0x00, 0x00, 0x00, 0x0F, 0xFF, 0xF1, 0x00, 0x00, 0x00, 0x00, 0x0F, 0xFF, 0xF1, 0x00
  0x00, 0x00, 0x00, 0x0F, 0xFF, 0xF1, 0x00, 0x00, 0x00, 0x00, 0x0F, 0xFF, 0xF1, 0x00, 0x00, 0x00, 0x00
  0x0F, 0xFF, 0xF1, 0x00, 0x00, 0x00, 0x00, 0x0F, 0xFF, 0xF1, 0x00, 0x00, 0x00, 0x00, 0x0F, 0xFF, 0xF1
  0x00, 0x00, 0x00, 0x00, 0x0F, 0xFF, 0xF1, 0x00, 0x00, 0x00, 0x00, 0x0F, 0xFF, 0xF1, 0x00, 0x00, 0x00
  0x00, 0x0F, 0xFF, 0xF1, 0x00, 0x00, 0x00, 0x00, 0x0F, 0xFF, 0xF1, 0x00, 0x00, 0x00, 0x00, 0x0F, 0xFF
  0xF1, 0x00, 0x00, 0x00, 0x00, 0x0F, 0xFF, 0xF1, 0x00, 0x00, 0x00, 0x00, 0x0F, 0xFF, 0xF1, 0x00, 0x00
  0x00, 0x00, 0x0F, 0xFF, 0xF1, 0x00, 0x00, 0x00, 0x00, 0x0F, 0xFF, 0xF1, 0x00, 0x00, 0x00, 0x00, 0x0F
  0xFF, 0xF1, 0x00, 0x00, 0x00, 0x00, 0x0F, 0xFF, 0xF1, 0x00, 0x00, 0x00, 0x00, 0x0F, 0xFF, 0xF1, 0x00
  0x00, 0x00, 0x00, 0x0F, 0xFF, 0xF1, 0x00, 0x00, 0x00, 0x00, 0x0F, 0xFF, 0xF1, 0x00, 0x00, 0x00, 0x00
  0x0F, 0xFF, 0xF1, 0x00, 0x00, 0x00, 0x00, 0x0F, 0xFF, 0xF1, 0x00, 0x00, 0x00, 0x00, 0x0F, 0xFF, 0xF1
  0x00, 0x00, 0x00, 0x00, 0x0F, 0xFF, 0xF1, 0x00, 0x00, 0x00, 0x00, 0x0F, 0xFF, 0xF1, 0x00, 0x00, 0x00
  0x00, 0x2F, 0xFF, 0xF5, 0x00, 0x00, 0x00, 0x00, 0xBF, 0xFF, 0xFD, 0x00, 0x00, 0x01, 0x3B, 0xFF, 0xFF
  0xFF, 0xC4, 0x10, 0x3F, 0xFF, 0xFF, 0xFF, 0xFF, 0xFF, 0xF4, 0x00, 0x3E, 0xEE, 0xEF, 0xEE, 0xEE, 0xEE
  0xE4, 0x00, 0x00, 0x2A, 0xFF, 0xFF, 0xFF, 0xB2, 0x00, 0x00, 0x00, 0x00, 0xBF, 0xFF, 0xFC, 0x00, 0x00
  0x00, 0x00, 0x00, 0x3F, 0xFF, 0xF4, 0x00, 0x00, 0x00, 0x00, 0x00, 0x0F, 0xFF, 0xF1, 0x00, 0x00, 0x00
  0x00, 0x00, 0x0F, 0xFF, 0xF1, 0x00, 0x00, 0x00, 0x00, 0x00, 0x0F, 0xFF, 0xF1, 0x00, 0x00, 0x00, 0x00
  0x00, 0x0F, 0xFF, 0xF1, 0x00, 0x00, 0x00, 0x00, 0x00, 0x0F, 0xFF, 0xF1, 0x00, 0x00, 0x00, 0x00, 0x00
  0x0F, 0xFF, 0xF1, 0x00, 0x00, 0x00, 0x00, 0x00, 0x0F, 0xFF, 0xF1, 0x00, 0x00, 0x00, 0x00, 0x00, 0x0F
  0xFF, 0xF1, 0x00, 0x00, 0x00, 0x00, 0x00, 0x0F, 0xFF, 0xF1, 0x00, 0x00, 0x00, 0x00, 0x00, 0x0F, 0xFF
  0xF1, 0x00, 0x00, 0x00, 0x00, 0x00, 0x0F, 0xFF, 0xF1, 0x00, 0x00, 0x00, 0x00, 0x00, 0x0F, 0xFF, 0xF1
  0x00, 0x00, 0x00, 0x00, 0x00, 0x0F, 0xFF, 0xF1, 0x00, 0x00, 0x00, 0x00, 0x00, 0x0F, 0xFF, 0xF1, 0x00
  0x00, 0x00, 0x00, 0x00, 0x0F, 0xFF, 0xF1, 0x00, 0x00, 0x00, 0x00, 0x00, 0x0F, 0xFF, 0xF1, 0x00, 0x00
  0x00, 0x00, 0x00, 0x0F, 0xFF, 0xF1, 0x00, 0x00, 0x00, 0x00, 0x00, 0x0F, 0xFF, 0xF1, 0x00, 0x00, 0x00
  0x00, 0x00, 0x0F, 0xFF, 0xF1, 0x00, 0x00, 0x00, 0x00, 0x00, 0x0F, 0xFF, 0xF1, 0x00, 0x00, 0x00, 0x00
  0x00, 0x0F, 0xFF, 0xF1, 0x00, 0x00, 0x00, 0x00, 0x00, 0x0F, 0xFF, 0xF1, 0x00, 0x00, 0x00, 0x00, 0x00
  0x0F, 0xFF, 0xF1, 0x00, 0x00, 0x00, 0x00, 0x00, 0x0F, 0xFF, 0xF1, 0x00, 0x00, 0x00, 0x00, 0x00, 0x0F
  0xFF, 0xF1, 0x00, 0x00, 0x00, 0x00, 0x00, 0x0F, 0xFF, 0xF1, 0x00, 0x00, 0x00, 0x00, 0x00, 0x0F, 0xFF
  0xF1, 0x00, 0x00, 0x00, 0x00, 0x00, 0x0F, 0xFF, 0xF1, 0x00, 0x00, 0x00, 0x00, 0x00, 0x0F, 0xFF, 0xF1
  0x00, 0x00, 0x00, 0x00, 0x00, 0x0F, 0xFF, 0xF1, 0x00, 0x00, 0x00, 0x00, 0x00, 0x0F, 0xFF, 0xF1, 0x00
  0x00, 0x00, 0x00, 0x00, 0x0F, 0xFF, 0xF1, 0x00, 0x00, 0x00, 0x00, 0x00, 0x0F, 0xFF, 0xF1, 0x00, 0x00
  0x00, 0x00, 0x00, 0x0F, 0xFF, 0xF1, 0x00, 0x00, 0x00, 0x00, 0x00, 0x0F, 0xFF, 0xF1, 0x00, 0x00, 0x00
  0x00, 0x00, 0x0F, 0xFF, 0xF0, 0x00, 0x00, 0x00, 0x00, 0x00, 0x2F, 0xFF, 0xF0, 0x00, 0x00, 0x00, 0x00
  0x00, 0x3F, 0xFF, 0xD0, 0x00, 0x00, 0x00, 0x00, 0x00, 0x7F, 0xFF, 0x90, 0x00, 0x00, 0x00, 0x00, 0x00
  0xCF, 0xFF, 0x40, 0x00, 0x00, 0x00, 0x00, 0x03, 0xFF, 0xFD, 0x00, 0x00, 0x00, 0x00, 0x00, 0x0A, 0xFF
  0xF5, 0x00, 0x00, 0x00, 0x00, 0x00, 0x4F, 0xFF, 0x90, 0x00, 0x00, 0x00, 0x00, 0x02, 0xEF, 0xFB, 0x00
  0x00, 0x00, 0x00, 0x00, 0x2E, 0xFF, 0x80, 0x00, 0x00, 0x00, 0x00, 0x07, 0xFF, 0xA2, 0x00, 0x00, 0x00
  0x00, 0x00, 0x36, 0x40, 0x00, 0x00, 0x00, 0x00, 0x00, 0x00, 0x3F, 0xFF, 0xFF, 0xFF, 0xFF, 0xFF, 0xF4
  0x00, 0x00, 0x00, 0x01, 0xFF, 0xFF, 0xFF, 0xFF, 0xFF, 0xF8, 0x00, 0x02, 0xAF, 0xFF, 0xFF, 0xFA, 0x20
  0x00, 0x00, 0x00, 0x00, 0x00, 0x4F, 0xFF, 0xFF, 0xB6, 0x21, 0x00, 0x00, 0x00, 0x9F, 0xFF, 0xFB, 0x00
  0x00, 0x00, 0x00, 0x00, 0x00, 0x01, 0xFF, 0xFF, 0x30, 0x00, 0x00, 0x00, 0x00, 0x02, 0xFF, 0xFF, 0x20
  0x00, 0x00, 0x00, 0x00, 0x00, 0x00, 0xAF, 0xFD, 0x00, 0x00, 0x00, 0x00, 0x00, 0x00, 0x0F, 0xFF, 0xF1
  0x00, 0x00, 0x00, 0x00, 0x00, 0x00, 0x7F, 0xFE, 0x10, 0x00, 0x00, 0x00, 0x00, 0x00, 0x00, 0xFF, 0xFF
  0x10, 0x00, 0x00, 0x00, 0x00, 0x00, 0x4F, 0xFF, 0x30, 0x00, 0x00, 0x00, 0x00, 0x00, 0x00, 0x0F, 0xFF
  0xF1, 0x00, 0x00, 0x00, 0x00, 0x00, 0x2E, 0xFF, 0x40, 0x00, 0x00, 0x00, 0x00, 0x00, 0x00, 0x00, 0xFF
  0xFF, 0x10, 0x00, 0x00, 0x00, 0x00, 0x0D, 0xFF, 0x60, 0x00, 0x00, 0x00, 0x00, 0x00, 0x00, 0x00, 0x0F
  0xFF, 0xF1, 0x00, 0x00, 0x00, 0x00, 0x0A, 0xFF, 0x90, 0x00, 0x00, 0x00, 0x00, 0x00, 0x00, 0x00, 0x00
  0xFF, 0xFF, 0x10, 0x00, 0x00, 0x00, 0x07, 0xFF, 0xB0, 0x00, 0x00, 0x00, 0x00, 0x00, 0x00, 0x00, 0x00
  0x0F, 0xFF, 0xF1, 0x00, 0x00, 0x00, 0x03, 0xFF, 0xC0, 0x00, 0x00, 0x00, 0x00, 0x00, 0x00, 0x00, 0x00
  0x00, 0xFF, 0xFF, 0x10, 0x00, 0x00, 0x01, 0xEF, 0xE1, 0x00, 0x00, 0x00, 0x00, 0x00, 0x00, 0x00, 0x00
  0x00, 0x0F, 0xFF, 0xF1, 0x00, 0x00, 0x00, 0xCF, 0xF2, 0x00, 0x00, 0x00, 0x00, 0x00, 0x00, 0x00, 0x00
  0x00, 0x00, 0xFF, 0xFF, 0x10, 0x00, 0x00, 0x9F, 0xF4, 0x00, 0x00, 0x00, 0x00, 0x00, 0x00, 0x00, 0x00
  0x00, 0x00, 0x0F, 0xFF, 0xF1, 0x00, 0x00, 0x6F, 0xF6, 0x00, 0x00, 0x00, 0x00, 0x00, 0x00, 0x00, 0x00
  0x00, 0x00, 0x00, 0xFF, 0xFF, 0x10, 0x00, 0x3F, 0xF8, 0x00, 0x00, 0x00, 0x00, 0x00, 0x00, 0x00, 0x00
  0x00, 0x00, 0x00, 0x0F, 0xFF, 0xF1, 0x00, 0x1E, 0xFA, 0x00, 0x00, 0x00, 0x00, 0x00, 0x00, 0x00, 0x00
  0x00, 0x00, 0x00, 0x00, 0xFF, 0xFF, 0x10, 0x0C, 0xFF, 0x00, 0x00, 0x00, 0x00, 0x00, 0x00, 0x00, 0x00
  0x00, 0x00, 0x00, 0x00, 0x0F, 0xFF, 0xF1, 0x0C, 0xFF, 0xF1, 0x00, 0x00, 0x00, 0x00, 0x00, 0x00, 0x00
  0x00, 0x00, 0x00, 0x00, 0x00, 0xFF, 0xFF, 0x10, 0xFF, 0xFF, 0xB0, 0x00, 0x00, 0x00, 0x00, 0x00, 0x00
  0x00, 0x00, 0x00, 0x00, 0x00, 0x0F, 0xFF, 0xF1, 0x03, 0xFF, 0xFF, 0x90, 0x00, 0x00, 0x00, 0x00, 0x00
  0x00, 0x00, 0x00, 0x00, 0x00, 0x00, 0xFF, 0xFF, 0x10, 0x05, 0xFF, 0xFF, 0x70, 0x00, 0x00, 0x00, 0x00
  0x00, 0x00, 0x00, 0x00, 0x00, 0x00, 0x0F, 0xFF, 0xF1, 0x00, 0x08, 0xFF, 0xFF, 0x40, 0x00, 0x00, 0x00
  0x00, 0x00, 0x00, 0x00, 0x00, 0x00, 0x00, 0xFF, 0xFF, 0x10, 0x00, 0x0A, 0xFF, 0xFF, 0x30, 0x00, 0x00
  0x00, 0x00, 0x00, 0x00, 0x00, 0x00, 0x00, 0x0F, 0xFF, 0xF1, 0x00, 0x00, 0x0D, 0xFF, 0xFE, 0x10, 0x00
  0x00, 0x00, 0x00, 0x00, 0x00, 0x00, 0x00, 0x00, 0xFF, 0xFF, 0x10, 0x00, 0x00, 0x2E, 0xFF, 0xFC, 0x00
  0x00, 0x00, 0x00, 0x00, 0x00, 0x00, 0x00, 0x00, 0x0F, 0xFF, 0xF1, 0x00, 0x00, 0x00, 0x4F, 0xFF, 0xFA
  0x00, 0x00, 0x00, 0x00, 0x00, 0x00, 0x00, 0x00, 0x00, 0xFF, 0xFF, 0x10, 0x00, 0x00, 0x00, 0x6F, 0xFF
  0xF8, 0x00, 0x00, 0x00, 0x00, 0x00, 0x00, 0x00, 0x00, 0x0F, 0xFF, 0xF1, 0x00, 0x00, 0x00, 0x00, 0x9F
  0xFF, 0xF5, 0x00, 0x00, 0x00, 0x00, 0x00, 0x00, 0x00, 0x00, 0xFF, 0xFF, 0x10, 0x00, 0x00, 0x00, 0x00
  0xCF, 0xFF, 0xF3, 0x00, 0x00, 0x00, 0x00, 0x00, 0x00, 0x00, 0x0F, 0xFF, 0xF1, 0x00, 0x00, 0x00, 0x00
  0x01, 0xEF, 0xFF, 0xE2, 0x00, 0x00, 0x00, 0x00, 0x00, 0x00, 0x00, 0xFF, 0xFF, 0x10, 0x00, 0x00, 0x00
  0x00, 0x02, 0xFF, 0xFF, 0xD1, 0x00, 0x00, 0x00, 0x00, 0x00, 0x00, 0x0F, 0xFF, 0xF1, 0x00, 0x00, 0x00
  0x00, 0x00, 0x05, 0xFF, 0xFF, 0xB0, 0x00, 0x00, 0x00, 0x00, 0x00, 0x00, 0xFF, 0xFF, 0x10, 0x00, 0x00
  0x00, 0x00, 0x00, 0x07, 0xFF, 0xFF, 0x90, 0x00, 0x00, 0x00, 0x00, 0x00, 0x0F, 0xFF, 0xF1, 0x00, 0x00
  0x00, 0x00, 0x00, 0x00, 0x0A, 0xFF, 0xFF, 0x70, 0x00, 0x00, 0x00, 0x00, 0x02, 0xFF, 0xFF, 0x50, 0x00
  0x00, 0x00, 0x00, 0x00, 0x00, 0x0C, 0xFF, 0xFF, 0x40, 0x00, 0x00, 0x00, 0x00, 0xBF, 0xFF, 0xFD, 0x00
  0x00, 0x00, 0x00, 0x00, 0x00, 0x00, 0x0A, 0xFF, 0xFF, 0x60, 0x00, 0x00, 0x13, 0xBF, 0xFF, 0xFF, 0xFC
  0x41, 0x00, 0x00, 0x00, 0x00, 0x00, 0x00, 0x04, 0xBF, 0xFF, 0xC6, 0x21, 0x3F, 0xFF, 0xFF, 0xFF, 0xFF
  0xFF, 0xF4, 0x00, 0x00, 0x00, 0x00, 0x00, 0x00, 0x00, 0x28, 0xBE, 0xEF, 0xA0, 0x3F, 0xFF, 0xFF, 0xFF
  0xFF, 0xFF, 0xF3, 0x00, 0x00, 0x00, 0x00, 0x00, 0x00, 0x00, 0x02, 0xBF, 0xFF, 0xFF, 0xF9, 0x20, 0x00
  0x00, 0x00, 0x00, 0x00, 0x00, 0x00, 0x00, 0x00, 0xCF, 0xFF, 0xFB, 0x00, 0x00, 0x00, 0x00, 0x00, 0x00
  0x00, 0x00, 0x00, 0x00, 0x04, 0xFF, 0xFF, 0x20, 0x00, 0x00, 0x00, 0x00, 0x00, 0x00, 0x00, 0x00, 0x00
  0x00, 0x1F, 0xFF, 0xF1, 0x00, 0x00, 0x00, 0x00, 0x00, 0x00, 0x00, 0x00, 0x00, 0x00, 0x00, 0xFF, 0xFF
  0x10, 0x00, 0x00, 0x00, 0x00, 0x00, 0x00, 0x00, 0x00, 0x00, 0x00, 0x0F, 0xFF, 0xF1, 0x00, 0x00, 0x00
  0x00, 0x00, 0x00, 0x00, 0x00, 0x00, 0x00, 0x00, 0xFF, 0xFF, 0x10, 0x00, 0x00, 0x00, 0x00, 0x00, 0x00
  0x00, 0x00, 0x00, 0x00, 0x0F, 0xFF, 0xF1, 0x00, 0x00, 0x00, 0x00, 0x00, 0x00, 0x00, 0x00, 0x00, 0x00
  0x00, 0xFF, 0xFF, 0x10, 0x00, 0x00, 0x00, 0x00, 0x00, 0x00, 0x00, 0x00, 0x00, 0x00, 0x0F, 0xFF, 0xF1
  0x00, 0x00, 0x00, 0x00, 0x00, 0x00, 0x00, 0x00, 0x00, 0x00, 0x00, 0xFF, 0xFF, 0x10, 0x00, 0x00, 0x00
  0x00, 0x00, 0x00, 0x00, 0x00, 0x00, 0x00, 0x0F, 0xFF, 0xF1, 0x00, 0x00, 0x00, 0x00, 0x00, 0x00, 0x00
  0x00, 0x00, 0x00, 0x00, 0xFF, 0xFF, 0x10, 0x00, 0x00, 0x00, 0x00, 0x00, 0x00, 0x00, 0x00, 0x00, 0x00
  0x0F, 0xFF, 0xF1, 0x00, 0x00, 0x00, 0x00, 0x00, 0x00, 0x00, 0x00, 0x00, 0x00, 0x00, 0xFF, 0xFF, 0x10
  0x00, 0x00, 0x00, 0x00, 0x00, 0x00, 0x00, 0x00, 0x00, 0x00, 0x0F, 0xFF, 0xF1, 0x00, 0x00, 0x00, 0x00
  0x00, 0x00, 0x00, 0x00, 0x00, 0x00, 0x00, 0xFF, 0xFF, 0x10, 0x00, 0x00, 0x00, 0x00, 0x00, 0x00, 0x00
  0x00, 0x00, 0x00, 0x0F, 0xFF, 0xF1, 0x00, 0x00, 0x00, 0x00, 0x00, 0x00, 0x00, 0x00, 0x00, 0x00, 0x00
  0xFF, 0xFF, 0x10, 0x00, 0x00, 0x00, 0x00, 0x00, 0x00, 0x00, 0x00, 0x00, 0x00, 0x0F, 0xFF, 0xF1, 0x00
  0x00, 0x00, 0x00, 0x00, 0x00, 0x00, 0x00, 0x00, 0x00, 0x00, 0xFF, 0xFF, 0x10, 0x00, 0x00, 0x00, 0x00
  0x00, 0x00, 0x00, 0x00, 0x00, 0x00, 0x0F, 0xFF, 0xF1, 0x00, 0x00, 0x00, 0x00, 0x00, 0x00, 0x00, 0x00
  0x00, 0x00, 0x00, 0xFF, 0xFF, 0x10, 0x00, 0x00, 0x00, 0x00, 0x00, 0x00, 0x00, 0x00, 0x00, 0x00, 0x0F
  0xFF, 0xF1, 0x00, 0x00, 0x00, 0x00, 0x00, 0x00, 0x00, 0x00, 0x00, 0x00, 0x00, 0xFF, 0xFF, 0x10, 0x00
  0x00, 0x00, 0x00, 0x00, 0x00, 0x00, 0x00, 0x00, 0x00, 0x0F, 0xFF, 0xF1, 0x00, 0x00, 0x00, 0x00, 0x00
  0x00, 0x00, 0x00, 0x00, 0x00, 0x00, 0xFF, 0xFF, 0x10, 0x00, 0x00, 0x00, 0x00, 0x00, 0x00, 0x00, 0x00
  0x00, 0x00, 0x0F, 0xFF, 0xF1, 0x00, 0x00, 0x00, 0x00, 0x00, 0x00, 0x00, 0x00, 0x00, 0x00, 0x00, 0xFF
  0xFF, 0x10, 0x00, 0x00, 0x00, 0x00, 0x00, 0x00, 0x00, 0x00, 0x00, 0x00, 0x0F, 0xFF, 0xF1, 0x00, 0x00
  0x00, 0x00, 0x00, 0x00, 0x00, 0x00, 0x80, 0x00, 0x00, 0xFF, 0xFF, 0x10, 0x00, 0x00, 0x00, 0x00, 0x00
  0x00, 0x00, 0x55, 0x00, 0x00, 0x0F, 0xFF, 0xF1, 0x00, 0x00, 0x00, 0x00, 0x00, 0x00, 0x00, 0x0C, 0x00
  0x00, 0x00, 0xFF, 0xFF, 0x10, 0x00, 0x00, 0x00, 0x00, 0x00, 0x00, 0x08, 0xA0, 0x00, 0x00, 0x0F, 0xFF
  0xF1, 0x00, 0x00, 0x00, 0x00, 0x00, 0x00, 0x04, 0xF4, 0x00, 0x00, 0x02, 0xFF, 0xFF, 0x10, 0x00, 0x00
  0x00, 0x00, 0x00, 0x05, 0xFE, 0x00, 0x00, 0x00, 0xBF, 0xFF, 0xF1, 0x00, 0x00, 0x00, 0x00, 0x00, 0x4B
  0xFF, 0x80, 0x00, 0x13, 0xBF, 0xFF, 0xFF, 0xCB, 0xBB, 0xBB, 0xBF, 0xFF, 0xFF, 0xFF, 0xF3, 0x00, 0x3F
  0xFF, 0xFF, 0xFF, 0xFF, 0xFF, 0xFF, 0xFF, 0xFF, 0xFF, 0xFF, 0xFF, 0x00, 0x00, 0x00, 0x00, 0x00, 0x00
  0x00, 0x90, 0x00, 0x00, 0x00, 0x00, 0x00, 0x00, 0x00, 0x00, 0x00, 0x00, 0x00, 0x00, 0x00, 0x00, 0x90
  0x00, 0x00, 0x00, 0x00, 0x00, 0x00, 0x00, 0x00, 0x00, 0x0F, 0x50, 0x00, 0x00, 0x00, 0x00, 0x00, 0x00
  0x00, 0x00, 0x00, 0x00, 0x00, 0x00, 0x00, 0x1F, 0x00, 0x00, 0x00, 0x00, 0x00, 0x00, 0x00, 0x00, 0x00
  0x00, 0xFF, 0x00, 0x00, 0x00, 0x00, 0x00, 0x00, 0x00, 0x00, 0x00, 0x00, 0x00, 0x00, 0x00, 0x08, 0xF2
  0x00, 0x00, 0x00, 0x00, 0x00, 0x00, 0x00, 0x00, 0x00, 0x2F, 0xF0, 0x00, 0x00, 0x00, 0x00, 0x00, 0x00
  0x00, 0x00, 0x00, 0x00, 0x00, 0x00, 0x00, 0xFF, 0x60, 0x00, 0x00, 0x00, 0x00, 0x00, 0x00, 0x00, 0x00
  0x06, 0xFF, 0x50, 0x00, 0x00, 0x00, 0x00, 0x00, 0x00, 0x00, 0x00, 0x00, 0x00, 0x00, 0x00, 0x2F, 0xF7
  0x00, 0x00, 0x00, 0x00, 0x00, 0x00, 0x00, 0x00, 0x00, 0xBF, 0xFC, 0x00, 0x00, 0x00, 0x00, 0x00, 0x00
  0x00, 0x00, 0x00, 0x00, 0x00, 0x00, 0x0F, 0xFF, 0x70, 0x00, 0x00, 0x00, 0x00, 0x00, 0x00, 0x00, 0x00
  0x0F, 0xFF, 0xF3, 0x00, 0x00, 0x00, 0x00, 0x00, 0x00, 0x00, 0x00, 0x00, 0x00, 0x00, 0x00, 0xFF, 0xF9
  0x00, 0x00, 0x00, 0x00, 0x00, 0x00, 0x00, 0x00, 0x00, 0xCF, 0xFF, 0xB0, 0x00, 0x00, 0x00, 0x00, 0x00
  0x00, 0x00, 0x00, 0x00, 0x00, 0x00, 0x6F, 0xFF, 0xB0, 0x00, 0x00, 0x00, 0x00, 0x00, 0x00, 0x00, 0x00
  0x0B, 0xFF, 0xFF, 0x20, 0x00, 0x00, 0x00, 0x00, 0x00, 0x00, 0x00, 0x00, 0x00, 0x00, 0x0D, 0xFF, 0xFD
  0x00, 0x00, 0x00, 0x00, 0x00, 0x00, 0x00, 0x00, 0x00, 0xDF, 0xFF, 0xF9, 0x00, 0x00, 0x00, 0x00, 0x00
  0x00, 0x00, 0x00, 0x00, 0x00, 0x04, 0xFF, 0xFF, 0xF0, 0x00, 0x00, 0x00, 0x00, 0x00, 0x00, 0x00, 0x00
  0x0F, 0xFF, 0xFF, 0xF1, 0x00, 0x00, 0x00, 0x00, 0x00, 0x00, 0x00, 0x00, 0x00, 0x00, 0xBF, 0xBF, 0xFF
  0x10, 0x00, 0x00, 0x00, 0x00, 0x00, 0x00, 0x00, 0x00, 0xFF, 0x8F, 0xFF, 0x80, 0x00, 0x00, 0x00, 0x00
  0x00, 0x00, 0x00, 0x00, 0x00, 0x2F, 0xE3, 0xFF, 0xF3, 0x00, 0x00, 0x00, 0x00, 0x00, 0x00, 0x00, 0x00
  0x3F, 0xF1, 0xEF, 0xFF, 0x00, 0x00, 0x00, 0x00, 0x00, 0x00, 0x00, 0x00, 0x00, 0x09, 0xF8, 0x1F, 0xFF
  0x50, 0x00, 0x00, 0x00, 0x00, 0x00, 0x00, 0x00, 0x05, 0xFF, 0x07, 0xFF, 0xF7, 0x00, 0x00, 0x00, 0x00
  0x00, 0x00, 0x00, 0x00, 0x01, 0xFF, 0x10, 0xFF, 0xF7, 0x00, 0x00, 0x00, 0x00, 0x00, 0x00, 0x00, 0x00
  0x7F, 0xE0, 0x0F, 0xFF, 0xE0, 0x00, 0x00, 0x00, 0x00, 0x00, 0x00, 0x00, 0x00, 0x8F, 0x90, 0x0E, 0xFF
  0x90, 0x00, 0x00, 0x00, 0x00, 0x00, 0x00, 0x00, 0x09, 0xFC, 0x00, 0x8F, 0xFF, 0x50, 0x00, 0x00, 0x00
  0x00, 0x00, 0x00, 0x00, 0x0E, 0xF2, 0x00, 0xCF, 0xFB, 0x00, 0x00, 0x00, 0x00, 0x00, 0x00, 0x00, 0x00
  0xBF, 0xA0, 0x01, 0xFF, 0xFD, 0x00, 0x00, 0x00, 0x00, 0x00, 0x00, 0x00, 0x06, 0xFB, 0x00, 0x0A, 0xFF
  0xD0, 0x00, 0x00, 0x00, 0x00, 0x00, 0x00, 0x00, 0x0D, 0xF9, 0x00, 0x09, 0xFF, 0xF4, 0x00, 0x00, 0x00
  0x00, 0x00, 0x00, 0x00, 0xDF, 0x40, 0x00, 0x9F, 0xFF, 0x00, 0x00, 0x00, 0x00, 0x00, 0x00, 0x00, 0x00
  0xFF, 0x70, 0x00, 0x2F, 0xFF, 0xB0, 0x00, 0x00, 0x00, 0x00, 0x00, 0x00, 0x5F, 0xD0, 0x00, 0x07, 0xFF
  0xF1, 0x00, 0x00, 0x00, 0x00, 0x00, 0x00, 0x00, 0x0F, 0xF6, 0x00, 0x00, 0xBF, 0xFF, 0x30, 0x00, 0x00
  0x00, 0x00, 0x00, 0x0C, 0xF6, 0x00, 0x00, 0x5F, 0xFF, 0x30, 0x00, 0x00, 0x00, 0x00, 0x00, 0x00, 0x03
  0xFF, 0x40, 0x00, 0x04, 0xFF, 0xFA, 0x00, 0x00, 0x00, 0x00, 0x00, 0x03, 0xFE, 0x00, 0x00, 0x04, 0xFF
  0xF5, 0x00, 0x00, 0x00, 0x00, 0x00, 0x00, 0x00, 0x5F, 0xF2, 0x00, 0x00, 0x0C, 0xFF, 0xF2, 0x00, 0x00
  0x00, 0x00, 0x00, 0xAF, 0x80, 0x00, 0x00, 0x2F, 0xFF, 0x70, 0x00, 0x00, 0x00, 0x00, 0x00, 0x00, 0x07
  0xFF, 0x10, 0x00, 0x00, 0x5F, 0xFF, 0x90, 0x00, 0x00, 0x00, 0x00, 0x1F, 0xF1, 0x00, 0x00, 0x00, 0xFF
  0xF9, 0x00, 0x00, 0x00, 0x00, 0x00, 0x00, 0x00, 0x9F, 0xF0, 0x00, 0x00, 0x00, 0xDF, 0xFF, 0x10, 0x00
  0x00, 0x00, 0x08, 0xF9, 0x00, 0x00, 0x00, 0x0F, 0xFF, 0xB0, 0x00, 0x00, 0x00, 0x00, 0x00, 0x00, 0x0B
  0xFE, 0x00, 0x00, 0x00, 0x06, 0xFF, 0xF8, 0x00, 0x00, 0x00, 0x00, 0xFF, 0x20, 0x00, 0x00, 0x00, 0xDF
  0xFD, 0x00, 0x00, 0x00, 0x00, 0x00, 0x00, 0x00, 0xDF, 0xC0, 0x00, 0x00, 0x00, 0x0E, 0xFF, 0xE0, 0x00
  0x00, 0x00, 0x7F, 0xB0, 0x00, 0x00, 0x00, 0x0B, 0xFF, 0xF0, 0x00, 0x00, 0x00, 0x00, 0x00, 0x00, 0x0F
  0xFA, 0x00, 0x00, 0x00, 0x00, 0x8F, 0xFF, 0x60, 0x00, 0x00, 0x0E, 0xF4, 0x00, 0x00, 0x00, 0x00, 0xAF
  0xFF, 0x10, 0x00, 0x00, 0x00, 0x00, 0x00, 0x00, 0xFF, 0x90, 0x00, 0x00, 0x00, 0x01, 0xFF, 0xFD, 0x00
  0x00, 0x05, 0xFD, 0x00, 0x00, 0x00, 0x00, 0x08, 0xFF, 0xF3, 0x00, 0x00, 0x00, 0x00, 0x00, 0x00, 0x3F
  0xF7, 0x00, 0x00, 0x00, 0x00, 0x09, 0xFF, 0xF5, 0x00, 0x00, 0xCF, 0x60, 0x00, 0x00, 0x00, 0x00, 0x7F
  0xFF, 0x50, 0x00, 0x00, 0x00, 0x00, 0x00, 0x05, 0xFF, 0x50, 0x00, 0x00, 0x00, 0x00, 0x2F, 0xFF, 0xC0
  0x00, 0x4F, 0xE0, 0x00, 0x00, 0x00, 0x00, 0x05, 0xFF, 0xF7, 0x00, 0x00, 0x00, 0x00, 0x00, 0x00, 0x7F
  0xF4, 0x00, 0x00, 0x00, 0x00, 0x00, 0xAF, 0xFF, 0x40, 0x0B, 0xF7, 0x00, 0x00, 0x00, 0x00, 0x00, 0x3F
  0xFF, 0x90, 0x00, 0x00, 0x00, 0x00, 0x00, 0x09, 0xFF, 0x20, 0x00, 0x00, 0x00, 0x00, 0x03, 0xFF, 0xFB
  0x02, 0xFF, 0x10, 0x00, 0x00, 0x00, 0x00, 0x02, 0xFF, 0xFB, 0x00, 0x00, 0x00, 0x00, 0x00, 0x00, 0xBF
  0xF1, 0x00, 0x00, 0x00, 0x00, 0x00, 0x0C, 0xFF, 0xF2, 0x9F, 0x90, 0x00, 0x00, 0x00, 0x00, 0x00, 0x0F
  0xFF, 0xD0, 0x00, 0x00, 0x00, 0x00, 0x00, 0x0D, 0xFF, 0x00, 0x00, 0x00, 0x00, 0x00, 0x00, 0x4F, 0xFF
  0xBF, 0xF2, 0x00, 0x00, 0x00, 0x00, 0x00, 0x00, 0xEF, 0xFF, 0x00, 0x00, 0x00, 0x00, 0x00, 0x00, 0xFF
  0xD0, 0x00, 0x00, 0x00, 0x00, 0x00, 0x00, 0xDF, 0xFF, 0xFB, 0x00, 0x00, 0x00, 0x00, 0x00, 0x00, 0x0D
  0xFF, 0xF1, 0x00, 0x00, 0x00, 0x00, 0x00, 0x1F, 0xFC, 0x00, 0x00, 0x00, 0x00, 0x00, 0x00, 0x06, 0xFF
  0xFF, 0x40, 0x00, 0x00, 0x00, 0x00, 0x00, 0x00, 0xBF, 0xFF, 0x40, 0x00, 0x00, 0x00, 0x00, 0x09, 0xFF
  0xF0, 0x00, 0x00, 0x00, 0x00, 0x00, 0x00, 0x0E, 0xFF, 0xD0, 0x00, 0x00, 0x00, 0x00, 0x00, 0x00, 0x0F
  0xFF, 0xFD, 0x00, 0x00, 0x00, 0x00, 0x02, 0xFF, 0xFF, 0x40, 0x00, 0x00, 0x00, 0x00, 0x00, 0x00, 0x7F
  0xF7, 0x00, 0x00, 0x00, 0x00, 0x00, 0x00, 0x03, 0xFF, 0xFF, 0xF3, 0x00, 0x00, 0x03, 0x59, 0xFF, 0xFF
  0xFE, 0x63, 0x00, 0x00, 0x00, 0x00, 0x00, 0x00, 0xFF, 0x10, 0x00, 0x00, 0x00, 0x00, 0x00, 0x35, 0xEF
  0xFF, 0xFF, 0xF9, 0x53, 0x00, 0xCC, 0xCC, 0xFF, 0xDF, 0xCC, 0xB0, 0x00, 0x00, 0x00, 0x00, 0x00, 0x0C
  0xF0, 0x00, 0x00, 0x00, 0x00, 0x00, 0x0A, 0xCC, 0xFC, 0xCF, 0xFC, 0xCC, 0xC1, 0x00, 0x00, 0x00, 0x00
  0x00, 0x00, 0x00, 0x00, 0x00, 0x00, 0x00, 0x00, 0x29, 0x00, 0x00, 0x00, 0x00, 0x00, 0x00, 0x00, 0x00
  0x00, 0x00, 0x00, 0x00, 0x00, 0x00, 0x00, 0x43, 0x00, 0x00, 0x00, 0x00, 0x00, 0x00, 0x00, 0x00, 0x00
  0x00, 0x00, 0x00, 0x00, 0x00, 0x00, 0x00, 0x00, 0x00, 0x00, 0x00, 0x05, 0xF3, 0x00, 0x00, 0x00, 0x00
  0x00, 0x00, 0x00, 0x00, 0x00, 0x00, 0x00, 0x07, 0xFF, 0xFF, 0xFF, 0xFF, 0xFF, 0xF2, 0x00, 0x00, 0x4F
  0xF2, 0x00, 0x00, 0x00, 0x00, 0x00, 0x00, 0x00, 0x00, 0x00, 0x00, 0x00, 0x00, 0x2A, 0xFF, 0xFF, 0xF7
  0x10, 0x00, 0x00, 0x02, 0xFF, 0xF2, 0x00, 0x00, 0x00, 0x00, 0x00, 0x00, 0x00, 0x00, 0x00, 0x00, 0x00
  0x00, 0x0A, 0xFF, 0xF5, 0x00, 0x00, 0x00, 0x00, 0x1F, 0xFF, 0xD1, 0x00, 0x00, 0x00, 0x00, 0x00, 0x00
  0x00, 0x00, 0x00, 0x00, 0x00, 0x00, 0x2F, 0xFF, 0x00, 0x00, 0x00, 0x00, 0x00, 0xFF, 0xFF, 0xD1, 0x00
  0x00, 0x00, 0x00, 0x00, 0x00, 0x00, 0x00, 0x00, 0x00, 0x00, 0x00, 0xFF, 0xD0, 0x00, 0x00, 0x00, 0x00
  0x0F, 0xFF, 0xFF, 0xC0, 0x00, 0x00, 0x00, 0x00, 0x00, 0x00, 0x00, 0x00, 0x00, 0x00, 0x00, 0x0F, 0xFD
  0x00, 0x00, 0x00, 0x00, 0x00, 0xFF, 0xFF, 0xFF, 0xB0, 0x00, 0x00, 0x00, 0x00, 0x00, 0x00, 0x00, 0x00
  0x00, 0x00, 0x00, 0xFF, 0xD0, 0x00, 0x00, 0x00, 0x00, 0x0F, 0xFB, 0xFF, 0xFF, 0xA0, 0x00, 0x00, 0x00
  0x00, 0x00, 0x00, 0x00, 0x00, 0x00, 0x00, 0x0F, 0xFD, 0x00, 0x00, 0x00, 0x00, 0x00, 0xFF, 0x39, 0xFF
  0xFF, 0x90, 0x00, 0x00, 0x00, 0x00, 0x00, 0x00, 0x00, 0x00, 0x00, 0x00, 0xFF, 0xD0, 0x00, 0x00, 0x00
  0x00, 0x0F, 0xF3, 0x0A, 0xFF, 0xFF, 0x80, 0x00, 0x00, 0x00, 0x00, 0x00, 0x00, 0x00, 0x00, 0x00, 0x0F
  0xFD, 0x00, 0x00, 0x00, 0x00, 0x00, 0xFF, 0x30, 0x0B, 0xFF, 0xFF, 0x70, 0x00, 0x00, 0x00, 0x00, 0x00
  0x00, 0x00, 0x00, 0x00, 0xFF, 0xD0, 0x00, 0x00, 0x00, 0x00, 0x0F, 0xF3, 0x00, 0x0B, 0xFF, 0xFF, 0x60
  0x00, 0x00, 0x00, 0x00, 0x00, 0x00, 0x00, 0x00, 0x0F, 0xFD, 0x00, 0x00, 0x00, 0x00, 0x00, 0xFF, 0x30
  0x00, 0x0C, 0xFF, 0xFF, 0x50, 0x00, 0x00, 0x00, 0x00, 0x00, 0x00, 0x00, 0x00, 0xFF, 0xD0, 0x00, 0x00
  0x00, 0x00, 0x0F, 0xF3, 0x00, 0x00, 0x1D, 0xFF, 0xFF, 0x40, 0x00, 0x00, 0x00, 0x00, 0x00, 0x00, 0x00
  0x0F, 0xFD, 0x00, 0x00, 0x00, 0x00, 0x00, 0xFF, 0x30, 0x00, 0x00, 0x1D, 0xFF, 0xFF, 0x30, 0x00, 0x00
  0x00, 0x00, 0x00, 0x00, 0x00, 0xFF, 0xD0, 0x00, 0x00, 0x00, 0x00, 0x0F, 0xF3, 0x00, 0x00, 0x00, 0x2E
  0xFF, 0xFF, 0x30, 0x00, 0x00, 0x00, 0x00, 0x00, 0x00, 0x0F, 0xFD, 0x00, 0x00, 0x00, 0x00, 0x00, 0xFF
  0x30, 0x00, 0x00, 0x00, 0x2E, 0xFF, 0xFE, 0x20, 0x00, 0x00, 0x00, 0x00, 0x00, 0x00, 0xFF, 0xD0, 0x00
  0x00, 0x00, 0x00, 0x0F, 0xF3, 0x00, 0x00, 0x00, 0x00, 0x3F, 0xFF, 0xFE, 0x10, 0x00, 0x00, 0x00, 0x00
  0x00, 0x0F, 0xFD, 0x00, 0x00, 0x00, 0x00, 0x00, 0xFF, 0x30, 0x00, 0x00, 0x00, 0x00, 0x4F, 0xFF, 0xFD
  0x10, 0x00, 0x00, 0x00, 0x00, 0x00, 0xFF, 0xD0, 0x00, 0x00, 0x00, 0x00, 0x0F, 0xF3, 0x00, 0x00, 0x00
  0x00, 0x00, 0x5F, 0xFF, 0xFC, 0x00, 0x00, 0x00, 0x00, 0x00, 0x0F, 0xFD, 0x00, 0x00, 0x00, 0x00, 0x00
  0xFF, 0x30, 0x00, 0x00, 0x00, 0x00, 0x00, 0x6F, 0xFF, 0xFC, 0x00, 0x00, 0x00, 0x00, 0x00, 0xFF, 0xD0
  0x00, 0x00, 0x00, 0x00, 0x0F, 0xF3, 0x00, 0x00, 0x00, 0x00, 0x00, 0x00, 0x7F, 0xFF, 0xFB, 0x00, 0x00
  0x00, 0x00, 0x0F, 0xFD, 0x00, 0x00, 0x00, 0x00, 0x00, 0xFF, 0x30, 0x00, 0x00, 0x00, 0x00, 0x00, 0x00
  0x8F, 0xFF, 0xFA, 0x00, 0x00, 0x00, 0x00, 0xFF, 0xD0, 0x00, 0x00, 0x00, 0x00, 0x0F, 0xF3, 0x00, 0x00
  0x00, 0x00, 0x00, 0x00, 0x00, 0x9F, 0xFF, 0xF9, 0x00, 0x00, 0x00, 0x0F, 0xFD, 0x00, 0x00, 0x00, 0x00
  0x00, 0xFF, 0x30, 0x00, 0x00, 0x00, 0x00, 0x00, 0x00, 0x00, 0xAF, 0xFF, 0xF8, 0x00, 0x00, 0x00, 0xFF
  0xD0, 0x00, 0x00, 0x00, 0x00, 0x0F, 0xF3, 0x00, 0x00, 0x00, 0x00, 0x00, 0x00, 0x00, 0x00, 0xBF, 0xFF
  0xF6, 0x00, 0x00, 0x0F, 0xFD, 0x00, 0x00, 0x00, 0x00, 0x00, 0xFF, 0x30, 0x00, 0x00, 0x00, 0x00, 0x00
  0x00, 0x00, 0x00, 0xCF, 0xFF, 0xF5, 0x00, 0x00, 0xFF, 0xD0, 0x00, 0x00, 0x00, 0x00, 0x0F, 0xF3, 0x00
  0x00, 0x00, 0x00, 0x00, 0x00, 0x00, 0x00, 0x00, 0xCF, 0xFF, 0xF5, 0x00, 0x0F, 0xFD, 0x00, 0x00, 0x00
  0x00, 0x00, 0xFF, 0x30, 0x00, 0x00, 0x00, 0x00, 0x00, 0x00, 0x00, 0x00, 0x01, 0xDF, 0xFF, 0xF4, 0x00
  0xFF, 0xD0, 0x00, 0x00, 0x00, 0x00, 0x0F, 0xF3, 0x00, 0x00, 0x00, 0x00, 0x00, 0x00, 0x00, 0x00, 0x00
  0x01, 0xEF, 0xFF, 0xF3, 0x0F, 0xFD, 0x00, 0x00, 0x00, 0x00, 0x00, 0xFF, 0x30, 0x00, 0x00, 0x00, 0x00
  0x00, 0x00, 0x00, 0x00, 0x00, 0x02, 0xEF, 0xFF, 0xE2, 0xFF, 0xD0, 0x00, 0x00, 0x00, 0x00, 0x0F, 0xF3
  0x00, 0x00, 0x00, 0x00, 0x00, 0x00, 0x00, 0x00, 0x00, 0x00, 0x03, 0xFF, 0xFF, 0xEF, 0xFD, 0x00, 0x00
  0x00, 0x00, 0x00, 0xFF, 0x30, 0x00, 0x00, 0x00, 0x00, 0x00, 0x00, 0x00, 0x00, 0x00, 0x00, 0x03, 0xFF
  0xFF, 0xFF, 0xD0, 0x00, 0x00, 0x00, 0x00, 0x0F, 0xF3, 0x00, 0x00, 0x00, 0x00, 0x00, 0x00, 0x00, 0x00
  0x00, 0x00, 0x00, 0x04, 0xFF, 0xFF, 0xFE, 0x00, 0x00, 0x00, 0x00, 0x00, 0xFF, 0x40, 0x00, 0x00, 0x00
  0x00, 0x00, 0x00, 0x00, 0x00, 0x00, 0x00, 0x00, 0x05, 0xFF, 0xFF, 0xF0, 0x00, 0x00, 0x00, 0x00, 0x1F
  0xF9, 0x00, 0x00, 0x00, 0x00, 0x00, 0x00, 0x00, 0x00, 0x00, 0x00, 0x00, 0x00, 0x06, 0xFF, 0xFF, 0x00
  0x00, 0x00, 0x00, 0x09, 0xFF, 0xF1, 0x00, 0x00, 0x00, 0x00, 0x00, 0x00, 0x00, 0x00, 0x00, 0x00, 0x00
  0x00, 0x07, 0xFF, 0xF0, 0x00, 0x00, 0x01, 0x3A, 0xFF, 0xFF, 0xD5, 0x10, 0x00, 0x00, 0x00, 0x00, 0x00
  0x00, 0x00, 0x00, 0x00, 0x00, 0x00, 0x0B, 0xFF, 0x00, 0x00, 0x06, 0xFF, 0xFF, 0xFF, 0xFF, 0xFF, 0xA0
  0x00, 0x00, 0x00, 0x00, 0x00, 0x00, 0x00, 0x00, 0x00, 0x00, 0x00, 0x0F, 0xF0, 0x00, 0x00, 0x00, 0x00
  0x00, 0x00, 0x00, 0x00, 0x00, 0x00, 0x00, 0x00, 0x00, 0x00, 0x00, 0x00, 0x00, 0x00, 0x00, 0x00, 0x0F
  0x00, 0x00, 0x00, 0x00, 0x00, 0x00, 0x00, 0x00, 0x00, 0x02, 0x7A, 0xCE, 0xFF, 0xFE, 0xCA, 0x73, 0x00
  0x00, 0x00, 0x00, 0x00, 0x00, 0x00, 0x00, 0x00, 0x00, 0x00, 0x00, 0x18, 0xDF, 0xFF, 0xFC, 0xBA, 0xBC
  0xFF, 0xFF, 0xE8, 0x10, 0x00, 0x00, 0x00, 0x00, 0x00, 0x00, 0x00, 0x00, 0x00, 0x09, 0xFF, 0xFD, 0x72
  0x00, 0x00, 0x00, 0x02, 0x7D, 0xFF, 0xF9, 0x10, 0x00, 0x00, 0x00, 0x00, 0x00, 0x00, 0x00, 0x04, 0xEF
  0xFE, 0x50, 0x00, 0x00, 0x00, 0x00, 0x00, 0x00, 0x5D, 0xFF, 0xE5, 0x00, 0x00, 0x00, 0x00, 0x00, 0x00
  0x00, 0x7F, 0xFF, 0xA0, 0x00, 0x00, 0x00, 0x00, 0x00, 0x00, 0x00, 0x00, 0xAF, 0xFF, 0x80, 0x00, 0x00
  0x00, 0x00, 0x00, 0x08, 0xFF, 0xF8, 0x00, 0x00, 0x00, 0x00, 0x00, 0x00, 0x00, 0x00, 0x00, 0x07, 0xFF
  0xF9, 0x00, 0x00, 0x00, 0x00, 0x00, 0x6F, 0xFF, 0x80, 0x00, 0x00, 0x00, 0x00, 0x00, 0x00, 0x00, 0x00
  0x00, 0x00, 0x8F, 0xFF, 0x70, 0x00, 0x00, 0x00, 0x03, 0xFF, 0xFC, 0x00, 0x00, 0x00, 0x00, 0x00, 0x00
  0x00, 0x00, 0x00, 0x00, 0x00, 0x0B, 0xFF, 0xF4, 0x00, 0x00, 0x00, 0x0D, 0xFF, 0xF1, 0x00, 0x00, 0x00
  0x00, 0x00, 0x00, 0x00, 0x00, 0x00, 0x00, 0x00, 0x01, 0xEF, 0xFE, 0x00, 0x00, 0x00, 0x8F, 0xFF, 0x70
  0x00, 0x00, 0x00, 0x00, 0x00, 0x00, 0x00, 0x00, 0x00, 0x00, 0x00, 0x00, 0x7F, 0xFF, 0x80, 0x00, 0x00
  0xEF, 0xFE, 0x00, 0x00, 0x00, 0x00, 0x00, 0x00, 0x00, 0x00, 0x00, 0x00, 0x00, 0x00, 0x00, 0x0E, 0xFF
  0xF1, 0x00, 0x07, 0xFF, 0xF8, 0x00, 0x00, 0x00, 0x00, 0x00, 0x00, 0x00, 0x00, 0x00, 0x00, 0x00, 0x00
  0x00, 0x08, 0xFF, 0xF8, 0x00, 0x0C, 0xFF, 0xF2, 0x00, 0x00, 0x00, 0x00, 0x00, 0x00, 0x00, 0x00, 0x00
  0x00, 0x00, 0x00, 0x00, 0x02, 0xFF, 0xFD, 0x00, 0x1F, 0xFF, 0xE0, 0x00, 0x00, 0x00, 0x00, 0x00, 0x00
  0x00, 0x00, 0x00, 0x00, 0x00, 0x00, 0x00, 0x00, 0xDF, 0xFF, 0x20, 0x6F, 0xFF, 0xA0, 0x00, 0x00, 0x00
  0x00, 0x00, 0x00, 0x00, 0x00, 0x00, 0x00, 0x00, 0x00, 0x00, 0x00, 0x9F, 0xFF, 0x70, 0x9F, 0xFF, 0x70
  0x00, 0x00, 0x00, 0x00, 0x00, 0x00, 0x00, 0x00, 0x00, 0x00, 0x00, 0x00, 0x00, 0x00, 0x6F, 0xFF, 0xA0
  0xBF, 0xFF, 0x40, 0x00, 0x00, 0x00, 0x00, 0x00, 0x00, 0x00, 0x00, 0x00, 0x00, 0x00, 0x00, 0x00, 0x00
  0x3F, 0xFF, 0xC0, 0xDF, 0xFF, 0x20, 0x00, 0x00, 0x00, 0x00, 0x00, 0x00, 0x00, 0x00, 0x00, 0x00, 0x00
  0x00, 0x00, 0x00, 0x1F, 0xFF, 0xE0, 0xEF, 0xFF, 0x20, 0x00, 0x00, 0x00, 0x00, 0x00, 0x00, 0x00, 0x00
  0x00, 0x00, 0x00, 0x00, 0x00, 0x00, 0x1F, 0xFF, 0xF0, 0xFF, 0xFF, 0x10, 0x00, 0x00, 0x00, 0x00, 0x00
  0x00, 0x00, 0x00, 0x00, 0x00, 0x00, 0x00, 0x00, 0x00, 0x0F, 0xFF, 0xF0, 0xFF, 0xFF, 0x10, 0x00, 0x00
  0x00, 0x00, 0x00, 0x00, 0x00, 0x00, 0x00, 0x00, 0x00, 0x00, 0x00, 0x00, 0x0F, 0xFF, 0xF0, 0xEF, 0xFF
  0x20, 0x00, 0x00, 0x00, 0x00, 0x00, 0x00, 0x00, 0x00, 0x00, 0x00, 0x00, 0x00, 0x00, 0x00, 0x1F, 0xFF
  0xF0, 0xDF, 0xFF, 0x20, 0x00, 0x00, 0x00, 0x00, 0x00, 0x00, 0x00, 0x00, 0x00, 0x00, 0x00, 0x00, 0x00
  0x00, 0x1F, 0xFF, 0xE0, 0xBF, 0xFF, 0x40, 0x00, 0x00, 0x00, 0x00, 0x00, 0x00, 0x00, 0x00, 0x00, 0x00
  0x00, 0x00, 0x00, 0x00, 0x3F, 0xFF, 0xC0, 0x9F, 0xFF, 0x70, 0x00, 0x00, 0x00, 0x00, 0x00, 0x00, 0x00
  0x00, 0x00, 0x00, 0x00, 0x00, 0x00, 0x00, 0x6F, 0xFF, 0xA0, 0x6F, 0xFF, 0xA0, 0x00, 0x00, 0x00, 0x00
  0x00, 0x00, 0x00, 0x00, 0x00, 0x00, 0x00, 0x00, 0x00, 0x00, 0x9F, 0xFF, 0x70, 0x1F, 0xFF, 0xE0, 0x00
  0x00, 0x00, 0x00, 0x00, 0x00, 0x00, 0x00, 0x00, 0x00, 0x00, 0x00, 0x00, 0x00, 0xDF, 0xFF, 0x20, 0x0D
  0xFF, 0xF2, 0x00, 0x00, 0x00, 0x00, 0x00, 0x00, 0x00, 0x00, 0x00, 0x00, 0x00, 0x00, 0x00, 0x02, 0xFF
  0xFD, 0x00, 0x07, 0xFF, 0xF8, 0x00, 0x00, 0x00, 0x00, 0x00, 0x00, 0x00, 0x00, 0x00, 0x00, 0x00, 0x00
  0x00, 0x08, 0xFF, 0xF8, 0x00, 0x00, 0xFF, 0xFE, 0x00, 0x00, 0x00, 0x00, 0x00, 0x00, 0x00, 0x00, 0x00
  0x00, 0x00, 0x00, 0x00, 0x0E, 0xFF, 0xF1, 0x00, 0x00, 0x8F, 0xFF, 0x70, 0x00, 0x00, 0x00, 0x00, 0x00
  0x00, 0x00, 0x00, 0x00, 0x00, 0x00, 0x00, 0x6F, 0xFF, 0x90, 0x00, 0x00, 0x0D, 0xFF, 0xF1, 0x00, 0x00
  0x00, 0x00, 0x00, 0x00, 0x00, 0x00, 0x00, 0x00, 0x00, 0x01, 0xEF, 0xFE, 0x00, 0x00, 0x00, 0x04, 0xFF
  0xFB, 0x00, 0x00, 0x00, 0x00, 0x00, 0x00, 0x00, 0x00, 0x00, 0x00, 0x00, 0x0B, 0xFF, 0xF4, 0x00, 0x00
  0x00, 0x00, 0x6F, 0xFF, 0x80, 0x00, 0x00, 0x00, 0x00, 0x00, 0x00, 0x00, 0x00, 0x00, 0x00, 0x7F, 0xFF
  0x70, 0x00, 0x00, 0x00, 0x00, 0x08, 0xFF, 0xF8, 0x00, 0x00, 0x00, 0x00, 0x00, 0x00, 0x00, 0x00, 0x00
  0x07, 0xFF, 0xF9, 0x00, 0x00, 0x00, 0x00, 0x00, 0x00, 0x7F, 0xFF, 0xA0, 0x00, 0x00, 0x00, 0x00, 0x00
  0x00, 0x00, 0x00, 0xAF, 0xFF, 0x80, 0x00, 0x00, 0x00, 0x00, 0x00, 0x00, 0x04, 0xEF, 0xFE, 0x50, 0x00
  0x00, 0x00, 0x00, 0x00, 0x00, 0x5D, 0xFF, 0xE5, 0x00, 0x00, 0x00, 0x00, 0x00, 0x00, 0x00, 0x00, 0x09
  0xFF, 0xFD, 0x72, 0x00, 0x00, 0x00, 0x02, 0x7D, 0xFF, 0xF9, 0x10, 0x00, 0x00, 0x00, 0x00, 0x00, 0x00
  0x00, 0x00, 0x00, 0x18, 0xDF, 0xFF, 0xFC, 0xBA, 0xBC, 0xFF, 0xFF, 0xE8, 0x10, 0x00, 0x00, 0x00, 0x00
  0x00, 0x00, 0x00, 0x00, 0x00, 0x00, 0x00, 0x03, 0x7A, 0xCE, 0xFF, 0xFE, 0xCA, 0x73, 0x00, 0x00, 0x00
  0x00, 0x00, 0x00, 0x00, 0x3F, 0xFF, 0xFF, 0xFF, 0xFF, 0xFF, 0xFF, 0xFF, 0xED, 0xA5, 0x00, 0x00, 0x00
  0x00, 0x03, 0xAF, 0xFF, 0xFF, 0xBA, 0xAA, 0xAA, 0xBD, 0xFF, 0xFE, 0x70, 0x00, 0x00, 0x00, 0x00, 0x9F
  0xFF, 0xF1, 0x00, 0x00, 0x00, 0x01, 0x9F, 0xFF, 0xB0, 0x00, 0x00, 0x00, 0x02, 0xFF, 0xFF, 0x10, 0x00
  0x00, 0x00, 0x00, 0x5F, 0xFF, 0xB0, 0x00, 0x00, 0x00, 0x0F, 0xFF, 0xF1, 0x00, 0x00, 0x00, 0x00, 0x00
  0x8F, 0xFF, 0x70, 0x00, 0x00, 0x00, 0xFF, 0xFF, 0x10, 0x00, 0x00, 0x00, 0x00, 0x00, 0xEF, 0xFF, 0x10
  0x00, 0x00, 0x0F, 0xFF, 0xF1, 0x00, 0x00, 0x00, 0x00, 0x00, 0x08, 0xFF, 0xF6, 0x00, 0x00, 0x00, 0xFF
  0xFF, 0x10, 0x00, 0x00, 0x00, 0x00, 0x00, 0x4F, 0xFF, 0xB0, 0x00, 0x00, 0x0F, 0xFF, 0xF1, 0x00, 0x00
  0x00, 0x00, 0x00, 0x01, 0xFF, 0xFE, 0x00, 0x00, 0x00, 0xFF, 0xFF, 0x10, 0x00, 0x00, 0x00, 0x00, 0x00
  0x0F, 0xFF, 0xF0, 0x00, 0x00, 0x0F, 0xFF, 0xF1, 0x00, 0x00, 0x00, 0x00, 0x00, 0x00, 0xFF, 0xFF, 0x00
  0x00, 0x00, 0xFF, 0xFF, 0x10, 0x00, 0x00, 0x00, 0x00, 0x00, 0x1F, 0xFF, 0xF0, 0x00, 0x00, 0x0F, 0xFF
  0xF1, 0x00, 0x00, 0x00, 0x00, 0x00, 0x03, 0xFF, 0xFD, 0x00, 0x00, 0x00, 0xFF, 0xFF, 0x10, 0x00, 0x00
  0x00, 0x00, 0x00, 0x6F, 0xFF, 0xA0, 0x00, 0x00, 0x0F, 0xFF, 0xF1, 0x00, 0x00, 0x00, 0x00, 0x00, 0x0B
  0xFF, 0xF5, 0x00, 0x00, 0x00, 0xFF, 0xFF, 0x10, 0x00, 0x00, 0x00, 0x00, 0x03, 0xFF, 0xFD, 0x00, 0x00
  0x00, 0x0F, 0xFF, 0xF1, 0x00, 0x00, 0x00, 0x00, 0x00, 0xCF, 0xFF, 0x40, 0x00, 0x00, 0x00, 0xFF, 0xFF
  0x10, 0x00, 0x00, 0x00, 0x00, 0xBF, 0xFF, 0x80, 0x00, 0x00, 0x00, 0x0F, 0xFF, 0xF1, 0x00, 0x00, 0x00
  0x05, 0xDF, 0xFF, 0x90, 0x00, 0x00, 0x00, 0x00, 0xFF, 0xFF, 0x11, 0x98, 0x78, 0xAE, 0xFF, 0xFE, 0x50
  0x00, 0x00, 0x00, 0x00, 0x0F, 0xFF, 0xF1, 0x02, 0x9D, 0xFF, 0xFF, 0xB6, 0x00, 0x00, 0x00, 0x00, 0x00
  0x00, 0xFF, 0xFF, 0x10, 0x00, 0x00, 0x11, 0x00, 0x00, 0x00, 0x00, 0x00, 0x00, 0x00, 0x0F, 0xFF, 0xF1
  0x00, 0x00, 0x00, 0x00, 0x00, 0x00, 0x00, 0x00, 0x00, 0x00, 0x00, 0xFF, 0xFF, 0x10, 0x00, 0x00, 0x00
  0x00, 0x00, 0x00, 0x00, 0x00, 0x00, 0x00, 0x0F, 0xFF, 0xF1, 0x00, 0x00, 0x00, 0x00, 0x00, 0x00, 0x00
  0x00, 0x00, 0x00, 0x00, 0xFF, 0xFF, 0x10, 0x00, 0x00, 0x00, 0x00, 0x00, 0x00, 0x00, 0x00, 0x00, 0x00
  0x0F, 0xFF, 0xF1, 0x00, 0x00, 0x00, 0x00, 0x00, 0x00, 0x00, 0x00, 0x00, 0x00, 0x00, 0xFF, 0xFF, 0x10
  0x00, 0x00, 0x00, 0x00, 0x00, 0x00, 0x00, 0x00, 0x00, 0x00, 0x0F, 0xFF, 0xF1, 0x00, 0x00, 0x00, 0x00
  0x00, 0x00, 0x00, 0x00, 0x00, 0x00, 0x00, 0xFF, 0xFF, 0x10, 0x00, 0x00, 0x00, 0x00, 0x00, 0x00, 0x00
  0x00, 0x00, 0x00, 0x0F, 0xFF, 0xF1, 0x00, 0x00, 0x00, 0x00, 0x00, 0x00, 0x00, 0x00, 0x00, 0x00, 0x00
  0xFF, 0xFF, 0x10, 0x00, 0x00, 0x00, 0x00, 0x00, 0x00, 0x00, 0x00, 0x00, 0x00, 0x0F, 0xFF, 0xF1, 0x00
  0x00, 0x00, 0x00, 0x00, 0x00, 0x00, 0x00, 0x00, 0x00, 0x00, 0xFF, 0xFF, 0x10, 0x00, 0x00, 0x00, 0x00
  0x00, 0x00, 0x00, 0x00, 0x00, 0x00, 0x0F, 0xFF, 0xF1, 0x00, 0x00, 0x00, 0x00, 0x00, 0x00, 0x00, 0x00
  0x00, 0x00, 0x02, 0xFF, 0xFF, 0x50, 0x00, 0x00, 0x00, 0x00, 0x00, 0x00, 0x00, 0x00, 0x00, 0x00, 0xBF
  0xFF, 0xFD, 0x00, 0x00, 0x00, 0x00, 0x00, 0x00, 0x00, 0x00, 0x00, 0x13, 0xBF, 0xFF, 0xFF, 0xFB, 0x31
  0x00, 0x00, 0x00, 0x00, 0x00, 0x00, 0x00, 0x3F, 0xFF, 0xFF, 0xFF, 0xFF, 0xFF, 0xF0, 0x00, 0x00, 0x00
  0x00, 0x00, 0x00, 0x00, 0x00, 0x00, 0x00, 0x00, 0x00, 0x00, 0x02, 0x79, 0xCE, 0xFF, 0xFE, 0xCA, 0x73
  0x00, 0x00, 0x00, 0x00, 0x00, 0x00, 0x00, 0x00, 0x00, 0x00, 0x00, 0x00, 0x00, 0x00, 0x00, 0x00, 0x00
  0x00, 0x00, 0x00, 0x00, 0x00, 0x00, 0x00, 0x00, 0x00, 0x00, 0x18, 0xDF, 0xFF, 0xFC, 0xBA, 0xBC, 0xFF
  0xFF, 0xE8, 0x10, 0x00, 0x00, 0x00, 0x00, 0x00, 0x00, 0x00, 0x00, 0x00, 0x00, 0x00, 0x00, 0x00, 0x00
  0x00, 0x00, 0x00, 0x00, 0x00, 0x00, 0x00, 0x00, 0x00, 0x00, 0x08, 0xFF, 0xFD, 0x72, 0x00, 0x00, 0x00
  0x02, 0x7D, 0xFF, 0xF9, 0x10, 0x00, 0x00, 0x00, 0x00, 0x00, 0x00, 0x00, 0x00, 0x00, 0x00, 0x00, 0x00
  0x00, 0x00, 0x00, 0x00, 0x00, 0x00, 0x00, 0x00, 0x00, 0x00, 0x04, 0xDF, 0xFE, 0x50, 0x00, 0x00, 0x00
  0x00, 0x00, 0x00, 0x5D, 0xFF, 0xE4, 0x00, 0x00, 0x00, 0x00, 0x00, 0x00, 0x00, 0x00, 0x00, 0x00, 0x00
  0x00, 0x00, 0x00, 0x00, 0x00, 0x00, 0x00, 0x00, 0x00, 0x00, 0x00, 0x6F, 0xFF, 0xA0, 0x00, 0x00, 0x00
  0x00, 0x00, 0x00, 0x00, 0x00, 0x9F, 0xFF, 0x70, 0x00, 0x00, 0x00, 0x00, 0x00, 0x00, 0x00, 0x00, 0x00
  0x00, 0x00, 0x00, 0x00, 0x00, 0x00, 0x00, 0x00, 0x00, 0x00, 0x00, 0x08, 0xFF, 0xF8, 0x00, 0x00, 0x00
  0x00, 0x00, 0x00, 0x00, 0x00, 0x00, 0x07, 0xFF, 0xF9, 0x00, 0x00, 0x00, 0x00, 0x00, 0x00, 0x00, 0x00
  0x00, 0x00, 0x00, 0x00, 0x00, 0x00, 0x00, 0x00, 0x00, 0x00, 0x00, 0x00, 0x6F, 0xFF, 0x80, 0x00, 0x00
  0x00, 0x00, 0x00, 0x00, 0x00, 0x00, 0x00, 0x00, 0x7F, 0xFF, 0x70, 0x00, 0x00, 0x00, 0x00, 0x00, 0x00
  0x00, 0x00, 0x00, 0x00, 0x00, 0x00, 0x00, 0x00, 0x00, 0x00, 0x00, 0x00, 0x03, 0xFF, 0xFB, 0x00, 0x00
  0x00, 0x00, 0x00, 0x00, 0x00, 0x00, 0x00, 0x00, 0x00, 0x0B, 0xFF, 0xF4, 0x00, 0x00, 0x00, 0x00, 0x00
  0x00, 0x00, 0x00, 0x00, 0x00, 0x00, 0x00, 0x00, 0x00, 0x00, 0x00, 0x00, 0x00, 0x0D, 0xFF, 0xF1, 0x00
  0x00, 0x00, 0x00, 0x00, 0x00, 0x00, 0x00, 0x00, 0x00, 0x00, 0x01, 0xEF, 0xFE, 0x00, 0x00, 0x00, 0x00
  0x00, 0x00, 0x00, 0x00, 0x00, 0x00, 0x00, 0x00, 0x00, 0x00, 0x00, 0x00, 0x00, 0x00, 0x7F, 0xFF, 0x70
  0x00, 0x00, 0x00, 0x00, 0x00, 0x00, 0x00, 0x00, 0x00, 0x00, 0x00, 0x00, 0x6F, 0xFF, 0x80, 0x00, 0x00
  0x00, 0x00, 0x00, 0x00, 0x00, 0x00, 0x00, 0x00, 0x00, 0x00, 0x00, 0x00, 0x00, 0x00, 0x00, 0xEF, 0xFE
  0x00, 0x00, 0x00, 0x00, 0x00, 0x00, 0x00, 0x00, 0x00, 0x00, 0x00, 0x00, 0x00, 0x0E, 0xFF, 0xF1, 0x00
  0x00, 0x00, 0x00, 0x00, 0x00, 0x00, 0x00, 0x00, 0x00, 0x00, 0x00, 0x00, 0x00, 0x00, 0x00, 0x07, 0xFF
  0xF8, 0x00, 0x00, 0x00, 0x00, 0x00, 0x00, 0x00, 0x00, 0x00, 0x00, 0x00, 0x00, 0x00, 0x08, 0xFF, 0xF7
  0x00, 0x00, 0x00, 0x00, 0x00, 0x00, 0x00, 0x00, 0x00, 0x00, 0x00, 0x00, 0x00, 0x00, 0x00, 0x00, 0x0C
  0xFF, 0xF2, 0x00, 0x00, 0x00, 0x00, 0x00, 0x00, 0x00, 0x00, 0x00, 0x00, 0x00, 0x00, 0x00, 0x01, 0xFF
  0xFD, 0x00, 0x00, 0x00, 0x00, 0x00, 0x00, 0x00, 0x00, 0x00, 0x00, 0x00, 0x00, 0x00, 0x00, 0x00, 0x00
  0x1F, 0xFF, 0xE0, 0x00, 0x00, 0x00, 0x00, 0x00, 0x00, 0x00, 0x00, 0x00, 0x00, 0x00, 0x00, 0x00, 0x00
  0xDF, 0xFF, 0x20, 0x00, 0x00, 0x00, 0x00, 0x00, 0x00, 0x00, 0x00, 0x00, 0x00, 0x00, 0x00, 0x00, 0x00
  0x00, 0x6F, 0xFF, 0xA0, 0x00, 0x00, 0x00, 0x00, 0x00, 0x00, 0x00, 0x00, 0x00, 0x00, 0x00, 0x00, 0x00
  0x00, 0x9F, 0xFF, 0x70, 0x00, 0x00, 0x00, 0x00, 0x00, 0x00, 0x00, 0x00, 0x00, 0x00, 0x00, 0x00, 0x00
  0x00, 0x00, 0x9F, 0xFF, 0x70, 0x00, 0x00, 0x00, 0x00, 0x00, 0x00, 0x00, 0x00, 0x00, 0x00, 0x00, 0x00
  0x00, 0x00, 0x6F, 0xFF, 0xA0, 0x00, 0x00, 0x00, 0x00, 0x00, 0x00, 0x00, 0x00, 0x00, 0x00, 0x00, 0x00
  0x00, 0x00, 0x00, 0xBF, 0xFF, 0x40, 0x00, 0x00, 0x00, 0x00, 0x00, 0x00, 0x00, 0x00, 0x00, 0x00, 0x00
  0x00, 0x00, 0x00, 0x3F, 0xFF, 0xC0, 0x00, 0x00, 0x00, 0x00, 0x00, 0x00, 0x00, 0x00, 0x00, 0x00, 0x00
  0x00, 0x00, 0x00, 0x00, 0xDF, 0xFF, 0x20, 0x00, 0x00, 0x00, 0x00, 0x00, 0x00, 0x00, 0x00, 0x00, 0x00
  0x00, 0x00, 0x00, 0x00, 0x1F, 0xFF, 0xE0, 0x00, 0x00, 0x00, 0x00, 0x00, 0x00, 0x00, 0x00, 0x00, 0x00
  0x00, 0x00, 0x00, 0x00, 0x00, 0xEF, 0xFF, 0x20, 0x00, 0x00, 0x00, 0x00, 0x00, 0x00, 0x00, 0x00, 0x00
  0x00, 0x00, 0x00, 0x00, 0x00, 0x1F, 0xFF, 0xF0, 0x00, 0x00, 0x00, 0x00, 0x00, 0x00, 0x00, 0x00, 0x00
  0x00, 0x00, 0x00, 0x00, 0x00, 0x00, 0xFF, 0xFF, 0x10, 0x00, 0x00, 0x00, 0x00, 0x00, 0x00, 0x00, 0x00
  0x00, 0x00, 0x00, 0x00, 0x00, 0x00, 0x0F, 0xFF, 0xF0, 0x00, 0x00, 0x00, 0x00, 0x00, 0x00, 0x00, 0x00
  0x00, 0x00, 0x00, 0x00, 0x00, 0x00, 0x00, 0xFF, 0xFF, 0x10, 0x00, 0x00, 0x00, 0x00, 0x00, 0x00, 0x00
  0x00, 0x00, 0x00, 0x00, 0x00, 0x00, 0x00, 0x0F, 0xFF, 0xF0, 0x00, 0x00, 0x00, 0x00, 0x00, 0x00, 0x00
  0x00, 0x00, 0x00, 0x00, 0x00, 0x00, 0x00, 0x00, 0xEF, 0xFF, 0x20, 0x00, 0x00, 0x00, 0x00, 0x00, 0x00
  0x00, 0x00, 0x00, 0x00, 0x00, 0x00, 0x00, 0x00, 0x1F, 0xFF, 0xF0, 0x00, 0x00, 0x00, 0x00, 0x00, 0x00
  0x00, 0x00, 0x00, 0x00, 0x00, 0x00, 0x00, 0x00, 0x00, 0xDF, 0xFF, 0x20, 0x00, 0x00, 0x00, 0x00, 0x00
  0x00, 0x00, 0x00, 0x00, 0x00, 0x00, 0x00, 0x00, 0x00, 0x1F, 0xFF, 0xE0, 0x00, 0x00, 0x00, 0x00, 0x00
  0x00, 0x00, 0x00, 0x00, 0x00, 0x00, 0x00, 0x00, 0x00, 0x00, 0xBF, 0xFF, 0x40, 0x00, 0x00, 0x00, 0x00
  0x00, 0x00, 0x00, 0x00, 0x00, 0x00, 0x00, 0x00, 0x00, 0x00, 0x3F, 0xFF, 0xC0, 0x00, 0x00, 0x00, 0x00
  0x00, 0x00, 0x00, 0x00, 0x00, 0x00, 0x00, 0x00, 0x00, 0x00, 0x00, 0x9F, 0xFF, 0x70, 0x00, 0x00, 0x00
  0x00, 0x00, 0x00, 0x00, 0x00, 0x00, 0x00, 0x00, 0x00, 0x00, 0x00, 0x6F, 0xFF, 0xA0, 0x00, 0x00, 0x00
  0x00, 0x00, 0x00, 0x00, 0x00, 0x00, 0x00, 0x00, 0x00, 0x00, 0x00, 0x00, 0x6F, 0xFF, 0xA0, 0x00, 0x00
  0x00, 0x00, 0x00, 0x00, 0x00, 0x00, 0x00, 0x00, 0x00, 0x00, 0x00, 0x00, 0x9F, 0xFF, 0x70, 0x00, 0x00
  0x00, 0x00, 0x00, 0x00, 0x00, 0x00, 0x00, 0x00, 0x00, 0x00, 0x00, 0x00, 0x00, 0x1F, 0xFF, 0xE0, 0x00
  0x00, 0x00, 0x00, 0x00, 0x00, 0x00, 0x00, 0x00, 0x00, 0x00, 0x00, 0x00, 0x00, 0xDF, 0xFF, 0x20, 0x00
  0x00, 0x00, 0x00, 0x00, 0x00, 0x00, 0x00, 0x00, 0x00, 0x00, 0x00, 0x00, 0x00, 0x00, 0x0C, 0xFF, 0xF3
  0x00, 0x00, 0x00, 0x00, 0x00, 0x00, 0x00, 0x00, 0x00, 0x00, 0x00, 0x00, 0x00, 0x01, 0xFF, 0xFD, 0x00
  0x00, 0x00, 0x00, 0x00, 0x00, 0x00, 0x00, 0x00, 0x00, 0x00, 0x00, 0x00, 0x00, 0x00, 0x00, 0x07, 0xFF
  0xF9, 0x00, 0x00, 0x00, 0x00, 0x00, 0x00, 0x00, 0x00, 0x00, 0x00, 0x00, 0x00, 0x00, 0x07, 0xFF, 0xF8
  0x00, 0x00, 0x00, 0x00, 0x00, 0x00, 0x00, 0x00, 0x00, 0x00, 0x00, 0x00, 0x00, 0x00, 0x00, 0x00, 0x00
  0xEF, 0xFF, 0x00, 0x00, 0x00, 0x00, 0x00, 0x00, 0x00, 0x00, 0x00, 0x00, 0x00, 0x00, 0x00, 0x0E, 0xFF
  0xF1, 0x00, 0x00, 0x00, 0x00, 0x00, 0x00, 0x00, 0x00, 0x00, 0x00, 0x00, 0x00, 0x00, 0x00, 0x00, 0x00
  0x00, 0x7F, 0xFF, 0x80, 0x00, 0x00, 0x00, 0x00, 0x00, 0x00, 0x00, 0x00, 0x00, 0x00, 0x00, 0x00, 0x6F
  0xFF, 0x80, 0x00, 0x00, 0x00, 0x00, 0x00, 0x00, 0x00, 0x00, 0x00, 0x00, 0x00, 0x00, 0x00, 0x00, 0x00
  0x00, 0x00, 0x0D, 0xFF, 0xF2, 0x00, 0x00, 0x00, 0x00, 0x00, 0x00, 0x00, 0x00, 0x00, 0x00, 0x00, 0x01
  0xEF, 0xFE, 0x00, 0x00, 0x00, 0x00, 0x00, 0x00, 0x00, 0x00, 0x00, 0x00, 0x00, 0x00, 0x00, 0x00, 0x00
  0x00, 0x00, 0x00, 0x03, 0xFF, 0xFC, 0x00, 0x00, 0x00, 0x00, 0x00, 0x00, 0x00, 0x00, 0x00, 0x00, 0x00
  0x0A, 0xFF, 0xF4, 0x00, 0x00, 0x00, 0x00, 0x00, 0x00, 0x00, 0x00, 0x00, 0x00, 0x00, 0x00, 0x00, 0x00
  0x00, 0x00, 0x00, 0x00, 0x00, 0x6F, 0xFF, 0x90, 0x00, 0x00, 0x00, 0x00, 0x00, 0x00, 0x00, 0x00, 0x00
  0x00, 0x7F, 0xFF, 0x70, 0x00, 0x00, 0x00, 0x00, 0x00, 0x00, 0x00, 0x00, 0x00, 0x00, 0x00, 0x00, 0x00
  0x00, 0x00, 0x00, 0x00, 0x00, 0x00, 0x08, 0xFF, 0xF9, 0x00, 0x00, 0x00, 0x00, 0x00, 0x00, 0x00, 0x00
  0x00, 0x07, 0xFF, 0xF9, 0x00, 0x00, 0x00, 0x00, 0x00, 0x00, 0x00, 0x00, 0x00, 0x00, 0x00, 0x00, 0x00
  0x00, 0x00, 0x00, 0x00, 0x00, 0x00, 0x00, 0x00, 0x6F, 0xFF, 0xB1, 0x00, 0x00, 0x00, 0x00, 0x00, 0x00
  0x00, 0x00, 0x9F, 0xFF, 0x70, 0x00, 0x00, 0x00, 0x00, 0x00, 0x00, 0x00, 0x00, 0x00, 0x00, 0x00, 0x00
  0x00, 0x00, 0x00, 0x00, 0x00, 0x00, 0x00, 0x00, 0x00, 0x04, 0xEF, 0xFE, 0x60, 0x00, 0x00, 0x00, 0x00
  0x00, 0x00, 0x4D, 0xFF, 0xE4, 0x00, 0x00, 0x00, 0x00, 0x00, 0x00, 0x00, 0x00, 0x00, 0x00, 0x00, 0x00
  0x00, 0x00, 0x00, 0x00, 0x00, 0x00, 0x00, 0x00, 0x00, 0x00, 0x00, 0x08, 0xFF, 0xFD, 0x82, 0x00, 0x00
  0x00, 0x02, 0x7D, 0xFF, 0xF9, 0x10, 0x00, 0x00, 0x00, 0x00, 0x00, 0x00, 0x00, 0x00, 0x00, 0x00, 0x00
  0x00, 0x00, 0x00, 0x00, 0x00, 0x00, 0x00, 0x00, 0x00, 0x00, 0x00, 0x00, 0x00, 0x18, 0xDF, 0xFF, 0xFC
  0xBF, 0xFF, 0xFF, 0xFF, 0xE8, 0x10, 0x00, 0x00, 0x00, 0x00, 0x00, 0x00, 0x00, 0x00, 0x00, 0x00, 0x00
  0x00, 0x00, 0x00, 0x00, 0x00, 0x00, 0x00, 0x00, 0x00, 0x00, 0x00, 0x00, 0x00, 0x00, 0x00, 0x02, 0x79
  0xCE, 0xFF, 0xFF, 0xFF, 0xF7, 0x00, 0x00, 0x00, 0x00, 0x00, 0x00, 0x00, 0x00, 0x00, 0x00, 0x00, 0x00
  0x00, 0x00, 0x00, 0x00, 0x00, 0x00, 0x00, 0x00, 0x00, 0x00, 0x00, 0x00, 0x00, 0x00, 0x00, 0x00, 0x00
  0x00, 0x00, 0x00, 0x37, 0xDF, 0xFF, 0xE9, 0x40, 0x00, 0x00, 0x00, 0x00, 0x00, 0x00, 0x00, 0x00, 0x00
  0x00, 0x00, 0x00, 0x00, 0x00, 0x00, 0x00, 0x00, 0x00, 0x00, 0x00, 0x00, 0x00, 0x00, 0x00, 0x00, 0x00
  0x00, 0x00, 0x00, 0x00, 0x00, 0x02, 0x8E, 0xFF, 0xFE, 0x82, 0x00, 0x00, 0x00, 0x00, 0x00, 0x00, 0x00
  0x00, 0x00, 0x00, 0x00, 0x00, 0x00, 0x00, 0x00, 0x00, 0x00, 0x00, 0x00, 0x00, 0x00, 0x00, 0x00, 0x00
  0x00, 0x00, 0x00, 0x00, 0x00, 0x00, 0x00, 0x00, 0x6D, 0xFF, 0xFF, 0xB5, 0x00, 0x00, 0x00, 0x00, 0x00
  0x00, 0x00, 0x00, 0x00, 0x00, 0x00, 0x00, 0x00, 0x00, 0x00, 0x00, 0x00, 0x00, 0x00, 0x00, 0x00, 0x00
  0x00, 0x00, 0x00, 0x00, 0x00, 0x00, 0x00, 0x00, 0x00, 0x00, 0x4C, 0xFF, 0xFF, 0xE8, 0x20, 0x00, 0x00
  0x00, 0x00, 0x00, 0x00, 0x00, 0x00, 0x00, 0x00, 0x00, 0x00, 0x00, 0x00, 0x00, 0x00, 0x00, 0x00, 0x00
  0x00, 0x00, 0x00, 0x00, 0x00, 0x00, 0x00, 0x00, 0x00, 0x00, 0x00, 0x00, 0x4C, 0xFF, 0xFF, 0xFB, 0x40
  0x00, 0x00, 0x00, 0x00, 0x00, 0x00, 0x00, 0x00, 0x00, 0x00, 0x00, 0x00, 0x00, 0x00, 0x83, 0x00, 0x00
  0x00, 0x00, 0x00, 0x00, 0x00, 0x00, 0x00, 0x00, 0x00, 0x00, 0x00, 0x00, 0x00, 0x00, 0x4C, 0xFF, 0xFF
  0xFD, 0x60, 0x00, 0x00, 0x00, 0x00, 0x00, 0x00, 0x00, 0x00, 0x00, 0x00, 0x00, 0x00, 0x1A, 0x90, 0x00
  0x00, 0x00, 0x00, 0x00, 0x00, 0x00, 0x00, 0x00, 0x00, 0x00, 0x00, 0x00, 0x00, 0x00, 0x00, 0x00, 0x4D
  0xFF, 0xFF, 0xFF, 0x93, 0x00, 0x00, 0x00, 0x00, 0x00, 0x00, 0x00, 0x00, 0x00, 0x00, 0x05, 0xEB, 0x00
  0x00, 0x00, 0x00, 0x00, 0x00, 0x00, 0x00, 0x00, 0x00, 0x00, 0x00, 0x00, 0x00, 0x00, 0x00, 0x00, 0x00
  0x00, 0x5D, 0xFF, 0xFF, 0xFF, 0xD8, 0x30, 0x00, 0x00, 0x00, 0x00, 0x00, 0x00, 0x00, 0x06, 0xDF, 0xA0
  0x00, 0x00, 0x00, 0x00, 0x00, 0x00, 0x00, 0x00, 0x00, 0x00, 0x00, 0x00, 0x00, 0x00, 0x00, 0x00, 0x00
  0x00, 0x00, 0x00, 0x5D, 0xFF, 0xFF, 0xFF, 0xFF, 0xC9, 0x75, 0x31, 0x10, 0x00, 0x24, 0x7B, 0xFF, 0xF7
  0x00, 0x00, 0x00, 0x00, 0x00, 0x00, 0x00, 0x00, 0x00, 0x00, 0x00, 0x00, 0x00, 0x00, 0x00, 0x00, 0x00
  0x00, 0x00, 0x00, 0x00, 0x00, 0x5C, 0xFF, 0xFF, 0xFF, 0xFF, 0xFF, 0xFF, 0xFF, 0xFF, 0xFF, 0xFF, 0xFC
  0x20, 0x00, 0x00, 0x00, 0x00, 0x00, 0x00, 0x00, 0x00, 0x00, 0x00, 0x00, 0x00, 0x00, 0x00, 0x00, 0x00
  0x00, 0x00, 0x00, 0x00, 0x00, 0x00, 0x00, 0x39, 0xFF, 0xFF, 0xFF, 0xFF, 0xFF, 0xFF, 0xFF, 0xFF, 0xFB
  0x40, 0x00, 0x00, 0x00, 0x00, 0x00, 0x00, 0x00, 0x00, 0x00, 0x00, 0x00, 0x00, 0x00, 0x00, 0x00, 0x00
  0x00, 0x00, 0x00, 0x00, 0x00, 0x00, 0x00, 0x00, 0x00, 0x04, 0x9D, 0xFF, 0xFF, 0xFF, 0xFF, 0xFF, 0xC7
  0x20, 0x00, 0x00, 0x00, 0x00, 0x00, 0x00, 0x00, 0x00, 0x00, 0x00, 0x00, 0x00, 0x00, 0x00, 0x00, 0x00
  0x00, 0x00, 0x00, 0x00, 0x00, 0x00, 0x00, 0x00, 0x00, 0x00, 0x00, 0x00, 0x13, 0x56, 0x77, 0x65, 0x30
  0x00, 0x00, 0x00, 0x00, 0x00, 0x00, 0x2A, 0xAA, 0xAB, 0xAA, 0xFB, 0xAA, 0xAA, 0xAA, 0x98, 0x51, 0x00
  0x00, 0x00, 0x00, 0x00, 0x00, 0x00, 0x00, 0x15, 0x8E, 0xFF, 0xFF, 0xFF, 0xFF, 0xFF, 0xFF, 0xFF, 0xFF
  0xB3, 0x00, 0x00, 0x00, 0x00, 0x00, 0x00, 0x00, 0x00, 0x00, 0xCF, 0xFF, 0xF1, 0x00, 0x00, 0x00, 0x15
  0xCF, 0xFF, 0x80, 0x00, 0x00, 0x00, 0x00, 0x00, 0x00, 0x00, 0x00, 0x4F, 0xFF, 0xF1, 0x00, 0x00, 0x00
  0x00, 0x07, 0xFF, 0xF9, 0x00, 0x00, 0x00, 0x00, 0x00, 0x00, 0x00, 0x00, 0x0F, 0xFF, 0xF1, 0x00, 0x00
  0x00, 0x00, 0x00, 0x9F, 0xFF, 0x60, 0x00, 0x00, 0x00, 0x00, 0x00, 0x00, 0x00, 0x0F, 0xFF, 0xF1, 0x00
  0x00, 0x00, 0x00, 0x00, 0x0E, 0xFF, 0xE0, 0x00, 0x00, 0x00, 0x00, 0x00, 0x00, 0x00, 0x0F, 0xFF, 0xF1
  0x00, 0x00, 0x00, 0x00, 0x00, 0x08, 0xFF, 0xF5, 0x00, 0x00, 0x00, 0x00, 0x00, 0x00, 0x00, 0x0F, 0xFF
  0xF1, 0x00, 0x00, 0x00, 0x00, 0x00, 0x04, 0xFF, 0xFA, 0x00, 0x00, 0x00, 0x00, 0x00, 0x00, 0x00, 0x0F
  0xFF, 0xF1, 0x00, 0x00, 0x00, 0x00, 0x00, 0x01, 0xFF, 0xFE, 0x00, 0x00, 0x00, 0x00, 0x00, 0x00, 0x00
  0x0F, 0xFF, 0xF1, 0x00, 0x00, 0x00, 0x00, 0x00, 0x00, 0xFF, 0xFF, 0x00, 0x00, 0x00, 0x00, 0x00, 0x00
  0x00, 0x0F, 0xFF, 0xF1, 0x00, 0x00, 0x00, 0x00, 0x00, 0x00, 0xFF, 0xFF, 0x00, 0x00, 0x00, 0x00, 0x00
  0x00, 0x00, 0x0F, 0xFF, 0xF1, 0x00, 0x00, 0x00, 0x00, 0x00, 0x01, 0xFF, 0xFF, 0x00, 0x00, 0x00, 0x00
  0x00, 0x00, 0x00, 0x0F, 0xFF, 0xF1, 0x00, 0x00, 0x00, 0x00, 0x00, 0x03, 0xFF, 0xFE, 0x00, 0x00, 0x00
  0x00, 0x00, 0x00, 0x00, 0x0F, 0xFF, 0xF1, 0x00, 0x00, 0x00, 0x00, 0x00, 0x06, 0xFF, 0xFA, 0x00, 0x00
  0x00, 0x00, 0x00, 0x00, 0x00, 0x0F, 0xFF, 0xF1, 0x00, 0x00, 0x00, 0x00, 0x00, 0x0C, 0xFF, 0xF5, 0x00
  0x00, 0x00, 0x00, 0x00, 0x00, 0x00, 0x0F, 0xFF, 0xF1, 0x00, 0x00, 0x00, 0x00, 0x00, 0x4F, 0xFF, 0xE0
  0x00, 0x00, 0x00, 0x00, 0x00, 0x00, 0x00, 0x0F, 0xFF, 0xF1, 0x00, 0x00, 0x00, 0x00, 0x01, 0xEF, 0xFF
  0x50, 0x00, 0x00, 0x00, 0x00, 0x00, 0x00, 0x00, 0x0F, 0xFF, 0xF1, 0x00, 0x00, 0x00, 0x00, 0x4E, 0xFF
  0xFB, 0x00, 0x00, 0x00, 0x00, 0x00, 0x00, 0x00, 0x00, 0x0F, 0xFF, 0xF1, 0x00, 0x00, 0x13, 0x6C, 0xFF
  0xFF, 0xC0, 0x00, 0x00, 0x00, 0x00, 0x00, 0x00, 0x00, 0x00, 0x0F, 0xFF, 0xF1, 0x3F, 0xFF, 0xFF, 0xFF
  0xFF, 0xFB, 0x00, 0x00, 0x00, 0x00, 0x00, 0x00, 0x00, 0x00, 0x00, 0x0F, 0xFF, 0xF1, 0x01, 0x7F, 0xFF
  0xFF, 0xFB, 0x40, 0x00, 0x00, 0x00, 0x00, 0x00, 0x00, 0x00, 0x00, 0x00, 0x0F, 0xFF, 0xF1, 0x00, 0x04
  0xFF, 0xFB, 0x00, 0x00, 0x00, 0x00, 0x00, 0x00, 0x00, 0x00, 0x00, 0x00, 0x00, 0x0F, 0xFF, 0xF1, 0x00
  0x00, 0x5F, 0xFF, 0xC0, 0x00, 0x00, 0x00, 0x00, 0x00, 0x00, 0x00, 0x00, 0x00, 0x00, 0x0F, 0xFF, 0xF1
  0x00, 0x00, 0x07, 0xFF, 0xFB, 0x00, 0x00, 0x00, 0x00, 0x00, 0x00, 0x00, 0x00, 0x00, 0x00, 0x0F, 0xFF
  0xF1, 0x00, 0x00, 0x00, 0xCF, 0xFF, 0x90, 0x00, 0x00, 0x00, 0x00, 0x00, 0x00, 0x00, 0x00, 0x00, 0x0F
  0xFF, 0xF1, 0x00, 0x00, 0x00, 0x2F, 0xFF, 0xF5, 0x00, 0x00, 0x00, 0x00, 0x00, 0x00, 0x00, 0x00, 0x00
  0x0F, 0xFF, 0xF1, 0x00, 0x00, 0x00, 0x06, 0xFF, 0xFE, 0x10, 0x00, 0x00, 0x00, 0x00, 0x00, 0x00, 0x00
  0x00, 0x0F, 0xFF, 0xF1, 0x00, 0x00, 0x00, 0x00, 0xBF, 0xFF, 0xB0, 0x00, 0x00, 0x00, 0x00, 0x00, 0x00
  0x00, 0x00, 0x0F, 0xFF, 0xF1, 0x00, 0x00, 0x00, 0x00, 0x1F, 0xFF, 0xF7, 0x00, 0x00, 0x00, 0x00, 0x00
  0x00, 0x00, 0x00, 0x0F, 0xFF, 0xF1, 0x00, 0x00, 0x00, 0x00, 0x06, 0xFF, 0xFF, 0x30, 0x00, 0x00, 0x00
  0x00, 0x00, 0x00, 0x00, 0x0F, 0xFF, 0xF1, 0x00, 0x00, 0x00, 0x00, 0x00, 0xBF, 0xFF, 0xE1, 0x00, 0x00
  0x00, 0x00, 0x00, 0x00, 0x00, 0x0F, 0xFF, 0xF1, 0x00, 0x00, 0x00, 0x00, 0x00, 0x1E, 0xFF, 0xFB, 0x00
  0x00, 0x00, 0x00, 0x00, 0x00, 0x00, 0x0F, 0xFF, 0xF1, 0x00, 0x00, 0x00, 0x00, 0x00, 0x05, 0xFF, 0xFF
  0x80, 0x00, 0x00, 0x00, 0x00, 0x00, 0x00, 0x0F, 0xFF, 0xF1, 0x00, 0x00, 0x00, 0x00, 0x00, 0x00, 0xAF
  0xFF, 0xF6, 0x00, 0x00, 0x00, 0x00, 0x00, 0x00, 0x0F, 0xFF, 0xF1, 0x00, 0x00, 0x00, 0x00, 0x00, 0x00
  0x1D, 0xFF, 0xFF, 0x50, 0x00, 0x00, 0x00, 0x00, 0x00, 0x2F, 0xFF, 0xF4, 0x00, 0x00, 0x00, 0x00, 0x00
  0x00, 0x01, 0xDF, 0xFF, 0xF5, 0x00, 0x00, 0x00, 0x00, 0x00, 0xBF, 0xFF, 0xFC, 0x00, 0x00, 0x00, 0x00
  0x00, 0x00, 0x00, 0x1C, 0xFF, 0xFF, 0x90, 0x00, 0x00, 0x01, 0x3B, 0xFF, 0xFF, 0xFF, 0xB3, 0x10, 0x00
  0x00, 0x00, 0x00, 0x00, 0x00, 0x7E, 0xFF, 0xFE, 0x83, 0x10, 0x3F, 0xFF, 0xFF, 0xFF, 0xFF, 0xFF, 0xF0
  0x00, 0x00, 0x00, 0x00, 0x00, 0x00, 0x00, 0x5A, 0xCE, 0xEF, 0xF0, 0x00, 0x00, 0x00, 0x04, 0x79, 0xA9
  0x75, 0x20, 0x00, 0x00, 0x00, 0x00, 0x06, 0xEF, 0xFF, 0xFF, 0xFF, 0xFF, 0xF1, 0x00, 0x00, 0x00, 0xBF
  0xF9, 0x41, 0x02, 0x6D, 0xFF, 0xF1, 0x00, 0x00, 0x0B, 0xFF, 0x40, 0x00, 0x00, 0x00, 0xBF, 0xF1, 0x00
  0x00, 0x7F, 0xF4, 0x00, 0x00, 0x00, 0x00, 0x0D, 0xF1, 0x00, 0x01, 0xFF, 0xA0, 0x00, 0x00, 0x00, 0x00
  0x05, 0xF1, 0x00, 0x06, 0xFF, 0x40, 0x00, 0x00, 0x00, 0x00, 0x01, 0xF1, 0x00, 0x0B, 0xFF, 0x10, 0x00
  0x00, 0x00, 0x00, 0x00, 0xB0, 0x00, 0x0E, 0xFF, 0x00, 0x00, 0x00, 0x00, 0x00, 0x00, 0x00, 0x00, 0x0F
  0xFF, 0x10, 0x00, 0x00, 0x00, 0x00, 0x00, 0x00, 0x00, 0x0E, 0xFF, 0x50, 0x00, 0x00, 0x00, 0x00, 0x00
  0x00, 0x00, 0x0D, 0xFF, 0xC0, 0x00, 0x00, 0x00, 0x00, 0x00, 0x00, 0x00, 0x09, 0xFF, 0xF5, 0x00, 0x00
  0x00, 0x00, 0x00, 0x00, 0x00, 0x04, 0xFF, 0xFF, 0x30, 0x00, 0x00, 0x00, 0x00, 0x00, 0x00, 0x00, 0xCF
  0xFF, 0xF4, 0x00, 0x00, 0x00, 0x00, 0x00, 0x00, 0x00, 0x2F, 0xFF, 0xFF, 0x50, 0x00, 0x00, 0x00, 0x00
  0x00, 0x00, 0x04, 0xFF, 0xFF, 0xF6, 0x00, 0x00, 0x00, 0x00, 0x00, 0x00, 0x00, 0x4F, 0xFF, 0xFF, 0x70
  0x00, 0x00, 0x00, 0x00, 0x00, 0x00, 0x03, 0xEF, 0xFF, 0xF9, 0x00, 0x00, 0x00, 0x00, 0x00, 0x00, 0x00
  0x2E, 0xFF, 0xFF, 0xA0, 0x00, 0x00, 0x00, 0x00, 0x00, 0x00, 0x01, 0xDF, 0xFF, 0xFB, 0x00, 0x00, 0x00
  0x00, 0x00, 0x00, 0x00, 0x1C, 0xFF, 0xFF, 0xC0, 0x00, 0x00, 0x00, 0x00, 0x00, 0x00, 0x00, 0xCF, 0xFF
  0xFC, 0x10, 0x00, 0x00, 0x00, 0x00, 0x00, 0x00, 0x0B, 0xFF, 0xFF, 0xD1, 0x00, 0x00, 0x00, 0x00, 0x00
  0x00, 0x00, 0xAF, 0xFF, 0xFD, 0x10, 0x00, 0x00, 0x00, 0x00, 0x00, 0x00, 0x09, 0xFF, 0xFF, 0xA0, 0x00
  0x00, 0x00, 0x00, 0x00, 0x00, 0x00, 0x7F, 0xFF, 0xF3, 0x00, 0x00, 0x00, 0x00, 0x00, 0x00, 0x00, 0x08
  0xFF, 0xF8, 0x00, 0x00, 0x00, 0x00, 0x00, 0x00, 0x00, 0x00, 0xDF, 0xFC, 0x00, 0x00, 0x00, 0x00, 0x00
  0x00, 0x00, 0x00, 0x6F, 0xFE, 0x24, 0x00, 0x00, 0x00, 0x00, 0x00, 0x00, 0x00, 0x2F, 0xFF, 0x75, 0x00
  0x00, 0x00, 0x00, 0x00, 0x00, 0x00, 0x0F, 0xFE, 0xA6, 0x00, 0x00, 0x00, 0x00, 0x00, 0x00, 0x00, 0x0F
  0xFD, 0xD8, 0x00, 0x00, 0x00, 0x00, 0x00, 0x00, 0x00, 0x2F, 0xFA, 0xED, 0x00, 0x00, 0x00, 0x00, 0x00
  0x00, 0x00, 0x6F, 0xF5, 0xFF, 0x50, 0x00, 0x00, 0x00, 0x00, 0x00, 0x00, 0xDF, 0xE0, 0xFF, 0xE1, 0x00
  0x00, 0x00, 0x00, 0x00, 0x07, 0xFF, 0x60, 0xEF, 0xFD, 0x20, 0x00, 0x00, 0x00, 0x00, 0x7F, 0xFA, 0x00
  0x3E, 0xFF, 0xF8, 0x10, 0x00, 0x00, 0x3B, 0xFF, 0xA0, 0x00, 0x00, 0x8E, 0xFF, 0xFD, 0xBA, 0xBE, 0xFF
  0xE6, 0x00, 0x00, 0x00, 0x00, 0x48, 0xBD, 0xFF, 0xED, 0xA6, 0x00, 0x00, 0x00, 0xA6, 0x20, 0x00, 0x00
  0x00, 0x00, 0x00, 0x00, 0x00, 0x00, 0x00, 0x00, 0x00, 0x00, 0x02, 0x6A, 0xFF, 0xFF, 0xFD, 0xBA, 0xAA
  0xAA, 0xAB, 0xFF, 0xFF, 0xAA, 0xAA, 0xAA, 0xAB, 0xDF, 0xFF, 0xFF, 0xFF, 0xFF, 0xFF, 0xFF, 0xFF, 0xFF
  0xFF, 0xFF, 0xFF, 0xFF, 0xFF, 0xFF, 0xFF, 0xFF, 0xFF, 0xFF, 0xFF, 0xA3, 0x00, 0x00, 0x00, 0x00, 0x01
  0xFF, 0xFF, 0x00, 0x00, 0x00, 0x00, 0x00, 0x18, 0xFF, 0xFA, 0x00, 0x00, 0x00, 0x00, 0x00, 0x01, 0xFF
  0xFF, 0x00, 0x00, 0x00, 0x00, 0x00, 0x00, 0x9F, 0xF3, 0x00, 0x00, 0x00, 0x00, 0x00, 0x01, 0xFF, 0xFF
  0x00, 0x00, 0x00, 0x00, 0x00, 0x00, 0x2F, 0xF1, 0x00, 0x00, 0x00, 0x00, 0x00, 0x01, 0xFF, 0xFF, 0x00
  0x00, 0x00, 0x00, 0x00, 0x00, 0x0F, 0x30, 0x00, 0x00, 0x00, 0x00, 0x00, 0x01, 0xFF, 0xFF, 0x00, 0x00
  0x00, 0x00, 0x00, 0x00, 0x03, 0x00, 0x00, 0x00, 0x00, 0x00, 0x00, 0x01, 0xFF, 0xFF, 0x00, 0x00, 0x00
  0x00, 0x00, 0x00, 0x00, 0x00, 0x00, 0x00, 0x00, 0x00, 0x00, 0x01, 0xFF, 0xFF, 0x00, 0x00, 0x00, 0x00
  0x00, 0x00, 0x00, 0x00, 0x00, 0x00, 0x00, 0x00, 0x00, 0x01, 0xFF, 0xFF, 0x00, 0x00, 0x00, 0x00, 0x00
  0x00, 0x00, 0x00, 0x00, 0x00, 0x00, 0x00, 0x00, 0x01, 0xFF, 0xFF, 0x00, 0x00, 0x00, 0x00, 0x00, 0x00
  0x00, 0x00, 0x00, 0x00, 0x00, 0x00, 0x00, 0x01, 0xFF, 0xFF, 0x00, 0x00, 0x00, 0x00, 0x00, 0x00, 0x00
  0x00, 0x00, 0x00, 0x00, 0x00, 0x00, 0x01, 0xFF, 0xFF, 0x00, 0x00, 0x00, 0x00, 0x00, 0x00, 0x00, 0x00
  0x00, 0x00, 0x00, 0x00, 0x00, 0x01, 0xFF, 0xFF, 0x00, 0x00, 0x00, 0x00, 0x00, 0x00, 0x00, 0x00, 0x00
  0x00, 0x00, 0x00, 0x00, 0x01, 0xFF, 0xFF, 0x00, 0x00, 0x00, 0x00, 0x00, 0x00, 0x00, 0x00, 0x00, 0x00
  0x00, 0x00, 0x00, 0x01, 0xFF, 0xFF, 0x00, 0x00, 0x00, 0x00, 0x00, 0x00, 0x00, 0x00, 0x00, 0x00, 0x00
  0x00, 0x00, 0x01, 0xFF, 0xFF, 0x00, 0x00, 0x00, 0x00, 0x00, 0x00, 0x00, 0x00, 0x00, 0x00, 0x00, 0x00
  0x00, 0x01, 0xFF, 0xFF, 0x00, 0x00, 0x00, 0x00, 0x00, 0x00, 0x00, 0x00, 0x00, 0x00, 0x00, 0x00, 0x00
  0x01, 0xFF, 0xFF, 0x00, 0x00, 0x00, 0x00, 0x00, 0x00, 0x00, 0x00, 0x00, 0x00, 0x00, 0x00, 0x00, 0x01
  0xFF, 0xFF, 0x00, 0x00, 0x00, 0x00, 0x00, 0x00, 0x00, 0x00, 0x00, 0x00, 0x00, 0x00, 0x00, 0x01, 0xFF
  0xFF, 0x00, 0x00, 0x00, 0x00, 0x00, 0x00, 0x00, 0x00, 0x00, 0x00, 0x00, 0x00, 0x00, 0x01, 0xFF, 0xFF
  0x00, 0x00, 0x00, 0x00, 0x00, 0x00, 0x00, 0x00, 0x00, 0x00, 0x00, 0x00, 0x00, 0x01, 0xFF, 0xFF, 0x00
  0x00, 0x00, 0x00, 0x00, 0x00, 0x00, 0x00, 0x00, 0x00, 0x00, 0x00, 0x00, 0x01, 0xFF, 0xFF, 0x00, 0x00
  0x00, 0x00, 0x00, 0x00, 0x00, 0x00, 0x00, 0x00, 0x00, 0x00, 0x00, 0x01, 0xFF, 0xFF, 0x00, 0x00, 0x00
  0x00, 0x00, 0x00, 0x00, 0x00, 0x00, 0x00, 0x00, 0x00, 0x00, 0x01, 0xFF, 0xFF, 0x00, 0x00, 0x00, 0x00
  0x00, 0x00, 0x00, 0x00, 0x00, 0x00, 0x00, 0x00, 0x00, 0x01, 0xFF, 0xFF, 0x00, 0x00, 0x00, 0x00, 0x00
  0x00, 0x00, 0x00, 0x00, 0x00, 0x00, 0x00, 0x00, 0x01, 0xFF, 0xFF, 0x00, 0x00, 0x00, 0x00, 0x00, 0x00
  0x00, 0x00, 0x00, 0x00, 0x00, 0x00, 0x00, 0x01, 0xFF, 0xFF, 0x00, 0x00, 0x00, 0x00, 0x00, 0x00, 0x00
  0x00, 0x00, 0x00, 0x00, 0x00, 0x00, 0x01, 0xFF, 0xFF, 0x00, 0x00, 0x00, 0x00, 0x00, 0x00, 0x00, 0x00
  0x00, 0x00, 0x00, 0x00, 0x00, 0x01, 0xFF, 0xFF, 0x00, 0x00, 0x00, 0x00, 0x00, 0x00, 0x00, 0x00, 0x00
  0x00, 0x00, 0x00, 0x00, 0x01, 0xFF, 0xFF, 0x00, 0x00, 0x00, 0x00, 0x00, 0x00, 0x00, 0x00, 0x00, 0x00
  0x00, 0x00, 0x00, 0x01, 0xFF, 0xFF, 0x00, 0x00, 0x00, 0x00, 0x00, 0x00, 0x00, 0x00, 0x00, 0x00, 0x00
  0x00, 0x00, 0x01, 0xFF, 0xFF, 0x00, 0x00, 0x00, 0x00, 0x00, 0x00, 0x00, 0x00, 0x00, 0x00, 0x00, 0x00
  0x00, 0x01, 0xFF, 0xFF, 0x00, 0x00, 0x00, 0x00, 0x00, 0x00, 0x00, 0x00, 0x00, 0x00, 0x00, 0x00, 0x00
  0x04, 0xFF, 0xFF, 0x30, 0x00, 0x00, 0x00, 0x00, 0x00, 0x00, 0x00, 0x00, 0x00, 0x00, 0x00, 0x00, 0x0D
  0xFF, 0xFF, 0xB0, 0x00, 0x00, 0x00, 0x00, 0x00, 0x00, 0x00, 0x00, 0x00, 0x00, 0x00, 0x13, 0xBF, 0xFF
  0xFF, 0xFB, 0x31, 0x00, 0x00, 0x00, 0x00, 0x00, 0x00, 0x00, 0x00, 0x00, 0x01, 0xFF, 0xFF, 0xFF, 0xFF
  0xFF, 0xFF, 0x00, 0x00, 0x00, 0x00, 0x00, 0xCF, 0xFF, 0xFF, 0xFF, 0xFF, 0xFB, 0x00, 0x00, 0x00, 0x00
  0x00, 0x00, 0x00, 0x08, 0xFF, 0xFF, 0xFF, 0xFF, 0xFC, 0x01, 0x6F, 0xFF, 0xFF, 0xF5, 0x10, 0x00, 0x00
  0x00, 0x00, 0x00, 0x00, 0x00, 0x00, 0x04, 0xDF, 0xFF, 0xE5, 0x10, 0x00, 0x05, 0xFF, 0xFF, 0x60, 0x00
  0x00, 0x00, 0x00, 0x00, 0x00, 0x00, 0x00, 0x00, 0x00, 0x2F, 0xFF, 0x50, 0x00, 0x00, 0x00, 0xFF, 0xFF
  0x10, 0x00, 0x00, 0x00, 0x00, 0x00, 0x00, 0x00, 0x00, 0x00, 0x00, 0x0F, 0xFF, 0x00, 0x00, 0x00, 0x00
  0xFF, 0xFF, 0x10, 0x00, 0x00, 0x00, 0x00, 0x00, 0x00, 0x00, 0x00, 0x00, 0x00, 0x0D, 0xFF, 0x00, 0x00
  0x00, 0x00, 0xFF, 0xFF, 0x10, 0x00, 0x00, 0x00, 0x00, 0x00, 0x00, 0x00, 0x00, 0x00, 0x00, 0x0D, 0xFF
  0x00, 0x00, 0x00, 0x00, 0xFF, 0xFF, 0x10, 0x00, 0x00, 0x00, 0x00, 0x00, 0x00, 0x00, 0x00, 0x00, 0x00
  0x0D, 0xFF, 0x00, 0x00, 0x00, 0x00, 0xFF, 0xFF, 0x10, 0x00, 0x00, 0x00, 0x00, 0x00, 0x00, 0x00, 0x00
  0x00, 0x00, 0x0D, 0xFF, 0x00, 0x00, 0x00, 0x00, 0xFF, 0xFF, 0x10, 0x00, 0x00, 0x00, 0x00, 0x00, 0x00
  0x00, 0x00, 0x00, 0x00, 0x0D, 0xFF, 0x00, 0x00, 0x00, 0x00, 0xFF, 0xFF, 0x10, 0x00, 0x00, 0x00, 0x00
  0x00, 0x00, 0x00, 0x00, 0x00, 0x00, 0x0D, 0xFF, 0x00, 0x00, 0x00, 0x00, 0xFF, 0xFF, 0x10, 0x00, 0x00
  0x00, 0x00, 0x00, 0x00, 0x00, 0x00, 0x00, 0x00, 0x0D, 0xFF, 0x00, 0x00, 0x00, 0x00, 0xFF, 0xFF, 0x10
  0x00, 0x00, 0x00, 0x00, 0x00, 0x00, 0x00, 0x00, 0x00, 0x00, 0x0D, 0xFF, 0x00, 0x00, 0x00, 0x00, 0xFF
  0xFF, 0x10, 0x00, 0x00, 0x00, 0x00, 0x00, 0x00, 0x00, 0x00, 0x00, 0x00, 0x0D, 0xFF, 0x00, 0x00, 0x00
  0x00, 0xFF, 0xFF, 0x10, 0x00, 0x00, 0x00, 0x00, 0x00, 0x00, 0x00, 0x00, 0x00, 0x00, 0x0D, 0xFF, 0x00
  0x00, 0x00, 0x00, 0xFF, 0xFF, 0x10, 0x00, 0x00, 0x00, 0x00, 0x00, 0x00, 0x00, 0x00, 0x00, 0x00, 0x0D
  0xFF, 0x00, 0x00, 0x00, 0x00, 0xFF, 0xFF, 0x10, 0x00, 0x00, 0x00, 0x00, 0x00, 0x00, 0x00, 0x00, 0x00
  0x00, 0x0D, 0xFF, 0x00, 0x00, 0x00, 0x00, 0xFF, 0xFF, 0x10, 0x00, 0x00, 0x00, 0x00, 0x00, 0x00, 0x00
  0x00, 0x00, 0x00, 0x0D, 0xFF, 0x00, 0x00, 0x00, 0x00, 0xFF, 0xFF, 0x10, 0x00, 0x00, 0x00, 0x00, 0x00
  0x00, 0x00, 0x00, 0x00, 0x00, 0x0D, 0xFF, 0x00, 0x00, 0x00, 0x00, 0xFF, 0xFF, 0x10, 0x00, 0x00, 0x00
  0x00, 0x00, 0x00, 0x00, 0x00, 0x00, 0x00, 0x0D, 0xFF, 0x00, 0x00, 0x00, 0x00, 0xFF, 0xFF, 0x10, 0x00
  0x00, 0x00, 0x00, 0x00, 0x00, 0x00, 0x00, 0x00, 0x00, 0x0D, 0xFF, 0x00, 0x00, 0x00, 0x00, 0xFF, 0xFF
  0x10, 0x00, 0x00, 0x00, 0x00, 0x00, 0x00, 0x00, 0x00, 0x00, 0x00, 0x0D, 0xFF, 0x00, 0x00, 0x00, 0x00
  0xFF, 0xFF, 0x10, 0x00, 0x00, 0x00, 0x00, 0x00, 0x00, 0x00, 0x00, 0x00, 0x00, 0x0D, 0xFF, 0x00, 0x00
  0x00, 0x00, 0xFF, 0xFF, 0x10, 0x00, 0x00, 0x00, 0x00, 0x00, 0x00, 0x00, 0x00, 0x00, 0x00, 0x0D, 0xFF
  0x00, 0x00, 0x00, 0x00, 0xFF, 0xFF, 0x10, 0x00, 0x00, 0x00, 0x00, 0x00, 0x00, 0x00, 0x00, 0x00, 0x00
  0x0D, 0xFF, 0x00, 0x00, 0x00, 0x00, 0xFF, 0xFF, 0x10, 0x00, 0x00, 0x00, 0x00, 0x00, 0x00, 0x00, 0x00
  0x00, 0x00, 0x0D, 0xFF, 0x00, 0x00, 0x00, 0x00, 0xFF, 0xFF, 0x10, 0x00, 0x00, 0x00, 0x00, 0x00, 0x00
  0x00, 0x00, 0x00, 0x00, 0x0D, 0xFF, 0x00, 0x00, 0x00, 0x00, 0xFF, 0xFF, 0x20, 0x00, 0x00, 0x00, 0x00
  0x00, 0x00, 0x00, 0x00, 0x00, 0x00, 0x0E, 0xFF, 0x00, 0x00, 0x00, 0x00, 0xDF, 0xFF, 0x40, 0x00, 0x00
  0x00, 0x00, 0x00, 0x00, 0x00, 0x00, 0x00, 0x00, 0x0F, 0xFD, 0x00, 0x00, 0x00, 0x00, 0xBF, 0xFF, 0x60
  0x00, 0x00, 0x00, 0x00, 0x00, 0x00, 0x00, 0x00, 0x00, 0x00, 0x2F, 0xFB, 0x00, 0x00, 0x00, 0x00, 0x8F
  0xFF, 0xA0, 0x00, 0x00, 0x00, 0x00, 0x00, 0x00, 0x00, 0x00, 0x00, 0x00, 0x5F, 0xF8, 0x00, 0x00, 0x00
  0x00, 0x3F, 0xFF, 0xE0, 0x00, 0x00, 0x00, 0x00, 0x00, 0x00, 0x00, 0x00, 0x00, 0x00, 0xAF, 0xF3, 0x00
  0x00, 0x00, 0x00, 0x0D, 0xFF, 0xF5, 0x00, 0x00, 0x00, 0x00, 0x00, 0x00, 0x00, 0x00, 0x00, 0x01, 0xFF
  0xD0, 0x00, 0x00, 0x00, 0x00, 0x06, 0xFF, 0xFC, 0x00, 0x00, 0x00, 0x00, 0x00, 0x00, 0x00, 0x00, 0x00
  0x08, 0xFF, 0x60, 0x00, 0x00, 0x00, 0x00, 0x00, 0xCF, 0xFF, 0x60, 0x00, 0x00, 0x00, 0x00, 0x00, 0x00
  0x00, 0x00, 0x2F, 0xFD, 0x00, 0x00, 0x00, 0x00, 0x00, 0x00, 0x2F, 0xFF, 0xF2, 0x00, 0x00, 0x00, 0x00
  0x00, 0x00, 0x00, 0x00, 0xDF, 0xF3, 0x00, 0x00, 0x00, 0x00, 0x00, 0x00, 0x04, 0xFF, 0xFE, 0x20, 0x00
  0x00, 0x00, 0x00, 0x00, 0x00, 0x1C, 0xFF, 0x50, 0x00, 0x00, 0x00, 0x00, 0x00, 0x00, 0x00, 0x4F, 0xFF
  0xF5, 0x00, 0x00, 0x00, 0x00, 0x00, 0x04, 0xEF, 0xF5, 0x00, 0x00, 0x00, 0x00, 0x00, 0x00, 0x00, 0x00
  0x02, 0xBF, 0xFF, 0xC5, 0x00, 0x00, 0x00, 0x05, 0xCF, 0xFC, 0x30, 0x00, 0x00, 0x00, 0x00, 0x00, 0x00
  0x00, 0x00, 0x00, 0x04, 0xCF, 0xFF, 0xFC, 0xBA, 0xBD, 0xFF, 0xFD, 0x60, 0x00, 0x00, 0x00, 0x00, 0x00
  0x00, 0x00, 0x00, 0x00, 0x00, 0x00, 0x02, 0x6A, 0xCE, 0xFF, 0xED, 0xB7, 0x30, 0x00, 0x00, 0x00, 0x00
  0x00, 0x00, 0x8F, 0xFF, 0xFF, 0xFF, 0xFF, 0xFF, 0xD0, 0x00, 0x00, 0x00, 0x00, 0x00, 0x00, 0x00, 0x00
  0x0D, 0xFF, 0xFF, 0xFF, 0xFF, 0xFF, 0x40, 0x14, 0xBF, 0xFF, 0xFF, 0xFC, 0x30, 0x00, 0x00, 0x00, 0x00
  0x00, 0x00, 0x00, 0x00, 0x00, 0x02, 0xCF, 0xFF, 0xFF, 0x93, 0x00, 0x00, 0x00, 0x6F, 0xFF, 0xFF, 0x10
  0x00, 0x00, 0x00, 0x00, 0x00, 0x00, 0x00, 0x00, 0x00, 0x00, 0x01, 0xFF, 0xFF, 0x30, 0x00, 0x00, 0x00
  0x00, 0xFF, 0xFF, 0xF5, 0x00, 0x00, 0x00, 0x00, 0x00, 0x00, 0x00, 0x00, 0x00, 0x00, 0x00, 0x3F, 0xFF
  0x60, 0x00, 0x00, 0x00, 0x00, 0x00, 0xEF, 0xFF, 0x90, 0x00, 0x00, 0x00, 0x00, 0x00, 0x00, 0x00, 0x00
  0x00, 0x00, 0x08, 0xFF, 0xA0, 0x00, 0x00, 0x00, 0x00, 0x00, 0x07, 0xFF, 0xFF, 0x00, 0x00, 0x00, 0x00
  0x00, 0x00, 0x00, 0x00, 0x00, 0x00, 0x00, 0xEF, 0xF3, 0x00, 0x00, 0x00, 0x00, 0x00, 0x00, 0x1F, 0xFF
  0xF6, 0x00, 0x00, 0x00, 0x00, 0x00, 0x00, 0x00, 0x00, 0x00, 0x00, 0x5F, 0xFC, 0x00, 0x00, 0x00, 0x00
  0x00, 0x00, 0x00, 0x9F, 0xFF, 0xC0, 0x00, 0x00, 0x00, 0x00, 0x00, 0x00, 0x00, 0x00, 0x00, 0x0C, 0xFF
  0x50, 0x00, 0x00, 0x00, 0x00, 0x00, 0x00, 0x02, 0xFF, 0xFF, 0x20, 0x00, 0x00, 0x00, 0x00, 0x00, 0x00
  0x00, 0x00, 0x02, 0xFF, 0xD0, 0x00, 0x00, 0x00, 0x00, 0x00, 0x00, 0x00, 0x0B, 0xFF, 0xF9, 0x00, 0x00
  0x00, 0x00, 0x00, 0x00, 0x00, 0x00, 0x00, 0x9F, 0xF6, 0x00, 0x00, 0x00, 0x00, 0x00, 0x00, 0x00, 0x00
  0x4F, 0xFF, 0xF0, 0x00, 0x00, 0x00, 0x00, 0x00, 0x00, 0x00, 0x00, 0x0F, 0xFF, 0x00, 0x00, 0x00, 0x00
  0x00, 0x00, 0x00, 0x00, 0x00, 0xDF, 0xFF, 0x50, 0x00, 0x00, 0x00, 0x00, 0x00, 0x00, 0x00, 0x06, 0xFF
  0x80, 0x00, 0x00, 0x00, 0x00, 0x00, 0x00, 0x00, 0x00, 0x06, 0xFF, 0xFC, 0x00, 0x00, 0x00, 0x00, 0x00
  0x00, 0x00, 0x00, 0xDF, 0xF1, 0x00, 0x00, 0x00, 0x00, 0x00, 0x00, 0x00, 0x00, 0x00, 0x0F, 0xFF, 0xF2
  0x00, 0x00, 0x00, 0x00, 0x00, 0x00, 0x00, 0x3F, 0xFA, 0x00, 0x00, 0x00, 0x00, 0x00, 0x00, 0x00, 0x00
  0x00, 0x00, 0x8F, 0xFF, 0x90, 0x00, 0x00, 0x00, 0x00, 0x00, 0x00, 0x0A, 0xFF, 0x30, 0x00, 0x00, 0x00
  0x00, 0x00, 0x00, 0x00, 0x00, 0x00, 0x02, 0xFF, 0xFE, 0x00, 0x00, 0x00, 0x00, 0x00, 0x00, 0x01, 0xFF
  0xC0, 0x00, 0x00, 0x00, 0x00, 0x00, 0x00, 0x00, 0x00, 0x00, 0x00, 0x0B, 0xFF, 0xF5, 0x00, 0x00, 0x00
  0x00, 0x00, 0x00, 0x7F, 0xF5, 0x00, 0x00, 0x00, 0x00, 0x00, 0x00, 0x00, 0x00, 0x00, 0x00, 0x00, 0x4F
  0xFF, 0xC0, 0x00, 0x00, 0x00, 0x00, 0x00, 0x0D, 0xFE, 0x00, 0x00, 0x00, 0x00, 0x00, 0x00, 0x00, 0x00
  0x00, 0x00, 0x00, 0x00, 0xDF, 0xFF, 0x20, 0x00, 0x00, 0x00, 0x00, 0x04, 0xFF, 0x70, 0x00, 0x00, 0x00
  0x00, 0x00, 0x00, 0x00, 0x00, 0x00, 0x00, 0x00, 0x06, 0xFF, 0xF8, 0x00, 0x00, 0x00, 0x00, 0x00, 0xBF
  0xF1, 0x00, 0x00, 0x00, 0x00, 0x00, 0x00, 0x00, 0x00, 0x00, 0x00, 0x00, 0x00, 0x0E, 0xFF, 0xE0, 0x00
  0x00, 0x00, 0x00, 0x1F, 0xF9, 0x00, 0x00, 0x00, 0x00, 0x00, 0x00, 0x00, 0x00, 0x00, 0x00, 0x00, 0x00
  0x00, 0x8F, 0xFF, 0x50, 0x00, 0x00, 0x00, 0x08, 0xFF, 0x20, 0x00, 0x00, 0x00, 0x00, 0x00, 0x00, 0x00
  0x00, 0x00, 0x00, 0x00, 0x00, 0x01, 0xFF, 0xFB, 0x00, 0x00, 0x00, 0x00, 0xEF, 0xB0, 0x00, 0x00, 0x00
  0x00, 0x00, 0x00, 0x00, 0x00, 0x00, 0x00, 0x00, 0x00, 0x00, 0x0A, 0xFF, 0xF2, 0x00, 0x00, 0x00, 0x5F
  0xF4, 0x00, 0x00, 0x00, 0x00, 0x00, 0x00, 0x00, 0x00, 0x00, 0x00, 0x00, 0x00, 0x00, 0x00, 0x3F, 0xFF
  0x80, 0x00, 0x00, 0x0C, 0xFC, 0x00, 0x00, 0x00, 0x00, 0x00, 0x00, 0x00, 0x00, 0x00, 0x00, 0x00, 0x00
  0x00, 0x00, 0x00, 0xCF, 0xFE, 0x00, 0x00, 0x02, 0xFF, 0x50, 0x00, 0x00, 0x00, 0x00, 0x00, 0x00, 0x00
  0x00, 0x00, 0x00, 0x00, 0x00, 0x00, 0x00, 0x05, 0xFF, 0xF5, 0x00, 0x00, 0x9F, 0xE0, 0x00, 0x00, 0x00
  0x00, 0x00, 0x00, 0x00, 0x00, 0x00, 0x00, 0x00, 0x00, 0x00, 0x00, 0x00, 0x0E, 0xFF, 0xB0, 0x00, 0x0F
  0xF7, 0x00, 0x00, 0x00, 0x00, 0x00, 0x00, 0x00, 0x00, 0x00, 0x00, 0x00, 0x00, 0x00, 0x00, 0x00, 0x00
  0x7F, 0xFF, 0x20, 0x06, 0xFF, 0x10, 0x00, 0x00, 0x00, 0x00, 0x00, 0x00, 0x00, 0x00, 0x00, 0x00, 0x00
  0x00, 0x00, 0x00, 0x00, 0x01, 0xFF, 0xF8, 0x00, 0xCF, 0x90, 0x00, 0x00, 0x00, 0x00, 0x00, 0x00, 0x00
  0x00, 0x00, 0x00, 0x00, 0x00, 0x00, 0x00, 0x00, 0x00, 0x09, 0xFF, 0xE0, 0x3F, 0xF2, 0x00, 0x00, 0x00
  0x00, 0x00, 0x00, 0x00, 0x00, 0x00, 0x00, 0x00, 0x00, 0x00, 0x00, 0x00, 0x00, 0x00, 0x2F, 0xFF, 0x4A
  0xFB, 0x00, 0x00, 0x00, 0x00, 0x00, 0x00, 0x00, 0x00, 0x00, 0x00, 0x00, 0x00, 0x00, 0x00, 0x00, 0x00
  0x00, 0x00, 0xBF, 0xFC, 0xFF, 0x40, 0x00, 0x00, 0x00, 0x00, 0x00, 0x00, 0x00, 0x00, 0x00, 0x00, 0x00
  0x00, 0x00, 0x00, 0x00, 0x00, 0x00, 0x04, 0xFF, 0xFF, 0xD0, 0x00, 0x00, 0x00, 0x00, 0x00, 0x00, 0x00
  0x00, 0x00, 0x00, 0x00, 0x00, 0x00, 0x00, 0x00, 0x00, 0x00, 0x00, 0x0D, 0xFF, 0xF6, 0x00, 0x00, 0x00
  0x00, 0x00, 0x00, 0x00, 0x00, 0x00, 0x00, 0x00, 0x00, 0x00, 0x00, 0x00, 0x00, 0x00, 0x00, 0x00, 0x6F
  0xFF, 0x00, 0x00, 0x00, 0x00, 0x00, 0x00, 0x00, 0x00, 0x00, 0x00, 0x00, 0x00, 0x00, 0x00, 0x00, 0x00
  0x00, 0x00, 0x00, 0x00, 0xFF, 0x90, 0x00, 0x00, 0x00, 0x00, 0x00, 0x00, 0x00, 0x00, 0x00, 0x00, 0x00
  0x00, 0x00, 0x00, 0x00, 0x00, 0x00, 0x00, 0x00, 0x0A, 0xF3, 0x00, 0x00, 0x00, 0x00, 0x00, 0x00, 0x00
  0x00, 0x00, 0x00, 0x00, 0x00, 0x00, 0x00, 0x00, 0x00, 0x00, 0x00, 0x00, 0x00, 0x2F, 0x00, 0x00, 0x00
  0x00, 0x00, 0x00, 0x00, 0x00, 0x00, 0x00, 0x00, 0x00, 0x00, 0x00, 0x00, 0x00, 0x00, 0x00, 0x00, 0x00
  0x00, 0x40, 0x00, 0x00, 0x00, 0x00, 0x00, 0x00, 0x00, 0x00, 0x00, 0x00, 0x00, 0x00, 0x00, 0x00, 0x00
  0x00, 0x00, 0x00, 0x00, 0x00, 0x00, 0x00, 0x00, 0x00, 0x58, 0x00, 0x00, 0x00, 0x00, 0x00, 0x00, 0x00
  0x00, 0x00, 0x00, 0x00, 0x00, 0x00, 0x4F, 0xFF, 0xFF, 0xFF, 0xFF, 0xFF, 0xF0, 0x00, 0x00, 0x00, 0x00
  0x00, 0x00, 0x00, 0xEF, 0x00, 0x00, 0x00, 0x00, 0x00, 0x00, 0x00, 0x3F, 0xFF, 0xFF, 0xFF, 0xFF, 0xFA
  0x00, 0x38, 0xFF, 0xFF, 0xFF, 0xD3, 0x00, 0x00, 0x00, 0x00, 0x00, 0x00, 0x00, 0x00, 0xFF, 0x00, 0x00
  0x00, 0x00, 0x00, 0x00, 0x00, 0x00, 0x5F, 0xFF, 0xFF, 0xB5, 0x10, 0x00, 0x00, 0x2F, 0xFF, 0xFF, 0x40
  0x00, 0x00, 0x00, 0x00, 0x00, 0x00, 0x00, 0x05, 0xFF, 0x50, 0x00, 0x00, 0x00, 0x00, 0x00, 0x00, 0x00
  0x0D, 0xFF, 0xF6, 0x00, 0x00, 0x00, 0x00, 0x05, 0xFF, 0xFF, 0x80, 0x00, 0x00, 0x00, 0x00, 0x00, 0x00
  0x00, 0x0C, 0xFF, 0xB0, 0x00, 0x00, 0x00, 0x00, 0x00, 0x00, 0x00, 0x0F, 0xFF, 0xF0, 0x00, 0x00, 0x00
  0x00, 0x00, 0xAF, 0xFF, 0x90, 0x00, 0x00, 0x00, 0x00, 0x00, 0x00, 0x00, 0x0F, 0xFF, 0xF1, 0x00, 0x00
  0x00, 0x00, 0x00, 0x00, 0x00, 0x0D, 0xFF, 0x10, 0x00, 0x00, 0x00, 0x00, 0x00, 0x5F, 0xFF, 0xE0, 0x00
  0x00, 0x00, 0x00, 0x00, 0x00, 0x00, 0x4F, 0xFF, 0xF6, 0x00, 0x00, 0x00, 0x00, 0x00, 0x00, 0x00, 0x2F
  0xFC, 0x00, 0x00, 0x00, 0x00, 0x00, 0x00, 0x0F, 0xFF, 0xF3, 0x00, 0x00, 0x00, 0x00, 0x00, 0x00, 0x00
  0x9F, 0xFF, 0xFC, 0x00, 0x00, 0x00, 0x00, 0x00, 0x00, 0x00, 0x6F, 0xF7, 0x00, 0x00, 0x00, 0x00, 0x00
  0x00, 0x0A, 0xFF, 0xF8, 0x00, 0x00, 0x00, 0x00, 0x00, 0x00, 0x00, 0xEF, 0xFF, 0xFF, 0x10, 0x00, 0x00
  0x00, 0x00, 0x00, 0x00, 0xBF, 0xF2, 0x00, 0x00, 0x00, 0x00, 0x00, 0x00, 0x04, 0xFF, 0xFD, 0x00, 0x00
  0x00, 0x00, 0x00, 0x00, 0x03, 0xFF, 0xAF, 0xFF, 0x70, 0x00, 0x00, 0x00, 0x00, 0x00, 0x00, 0xFF, 0xD0
  0x00, 0x00, 0x00, 0x00, 0x00, 0x00, 0x00, 0xEF, 0xFF, 0x20, 0x00, 0x00, 0x00, 0x00, 0x00, 0x08, 0xFC
  0x2F, 0xFF, 0xD0, 0x00, 0x00, 0x00, 0x00, 0x00, 0x04, 0xFF, 0x80, 0x00, 0x00, 0x00, 0x00, 0x00, 0x00
  0x00, 0x9F, 0xFF, 0x60, 0x00, 0x00, 0x00, 0x00, 0x00, 0x0D, 0xF7, 0x0C, 0xFF, 0xF2, 0x00, 0x00, 0x00
  0x00, 0x00, 0x08, 0xFF, 0x30, 0x00, 0x00, 0x00, 0x00, 0x00, 0x00, 0x00, 0x3F, 0xFF, 0xB0, 0x00, 0x00
  0x00, 0x00, 0x00, 0x2F, 0xF2, 0x07, 0xFF, 0xF8, 0x00, 0x00, 0x00, 0x00, 0x00, 0x0D, 0xFE, 0x00, 0x00
  0x00, 0x00, 0x00, 0x00, 0x00, 0x00, 0x0E, 0xFF, 0xF1, 0x00, 0x00, 0x00, 0x00, 0x00, 0x7F, 0xC0, 0x01
  0xFF, 0xFE, 0x00, 0x00, 0x00, 0x00, 0x00, 0x1F, 0xF9, 0x00, 0x00, 0x00, 0x00, 0x00, 0x00, 0x00, 0x00
  0x08, 0xFF, 0xF5, 0x00, 0x00, 0x00, 0x00, 0x00, 0xCF, 0x70, 0x00, 0xBF, 0xFF, 0x30, 0x00, 0x00, 0x00
  0x00, 0x6F, 0xF4, 0x00, 0x00, 0x00, 0x00, 0x00, 0x00, 0x00, 0x00, 0x03, 0xFF, 0xFA, 0x00, 0x00, 0x00
  0x00, 0x01, 0xFF, 0x20, 0x00, 0x6F, 0xFF, 0x90, 0x00, 0x00, 0x00, 0x00, 0xAF, 0xF0, 0x00, 0x00, 0x00
  0x00, 0x00, 0x00, 0x00, 0x00, 0x00, 0xDF, 0xFF, 0x00, 0x00, 0x00, 0x00, 0x07, 0xFD, 0x00, 0x00, 0x0F
  0xFF, 0xE0, 0x00, 0x00, 0x00, 0x00, 0xEF, 0xA0, 0x00, 0x00, 0x00, 0x00, 0x00, 0x00, 0x00, 0x00, 0x00
  0x7F, 0xFF, 0x40, 0x00, 0x00, 0x00, 0x0C, 0xF8, 0x00, 0x00, 0x0A, 0xFF, 0xF4, 0x00, 0x00, 0x00, 0x03
  0xFF, 0x50, 0x00, 0x00, 0x00, 0x00, 0x00, 0x00, 0x00, 0x00, 0x00, 0x2F, 0xFF, 0x90, 0x00, 0x00, 0x00
  0x1F, 0xF3, 0x00, 0x00, 0x05, 0xFF, 0xFA, 0x00, 0x00, 0x00, 0x08, 0xFF, 0x10, 0x00, 0x00, 0x00, 0x00
  0x00, 0x00, 0x00, 0x00, 0x00, 0x0C, 0xFF, 0xE0, 0x00, 0x00, 0x00, 0x6F, 0xD0, 0x00, 0x00, 0x00, 0xEF
  0xFF, 0x00, 0x00, 0x00, 0x0C, 0xFB, 0x00, 0x00, 0x00, 0x00, 0x00, 0x00, 0x00, 0x00, 0x00, 0x00, 0x07
  0xFF, 0xF3, 0x00, 0x00, 0x00, 0xBF, 0x80, 0x00, 0x00, 0x00, 0x9F, 0xFF, 0x50, 0x00, 0x00, 0x1F, 0xF7
  0x00, 0x00, 0x00, 0x00, 0x00, 0x00, 0x00, 0x00, 0x00, 0x00, 0x01, 0xFF, 0xF8, 0x00, 0x00, 0x00, 0xFF
  0x30, 0x00, 0x00, 0x00, 0x4F, 0xFF, 0xB0, 0x00, 0x00, 0x5F, 0xF2, 0x00, 0x00, 0x00, 0x00, 0x00, 0x00
  0x00, 0x00, 0x00, 0x00, 0x00, 0xCF, 0xFC, 0x00, 0x00, 0x05, 0xFE, 0x00, 0x00, 0x00, 0x00, 0x0E, 0xFF
  0xF1, 0x00, 0x00, 0xAF, 0xD0, 0x00, 0x00, 0x00, 0x00, 0x00, 0x00, 0x00, 0x00, 0x00, 0x00, 0x00, 0x6F
  0xFF, 0x10, 0x00, 0x0A, 0xF9, 0x00, 0x00, 0x00, 0x00, 0x08, 0xFF, 0xF6, 0x00, 0x00, 0xEF, 0x80, 0x00
  0x00, 0x00, 0x00, 0x00, 0x00, 0x00, 0x00, 0x00, 0x00, 0x00, 0x1F, 0xFF, 0x60, 0x00, 0x0F, 0xF4, 0x00
  0x00, 0x00, 0x00, 0x02, 0xFF, 0xFC, 0x00, 0x03, 0xFF, 0x30, 0x00, 0x00, 0x00, 0x00, 0x00, 0x00, 0x00
  0x00, 0x00, 0x00, 0x00, 0x0B, 0xFF, 0xB0, 0x00, 0x4F, 0xE0, 0x00, 0x00, 0x00, 0x00, 0x00, 0xDF, 0xFF
  0x20, 0x07, 0xFE, 0x00, 0x00, 0x00, 0x00, 0x00, 0x00, 0x00, 0x00, 0x00, 0x00, 0x00, 0x00, 0x05, 0xFF
  0xF0, 0x00, 0x9F, 0x90, 0x00, 0x00, 0x00, 0x00, 0x00, 0x7F, 0xFF, 0x70, 0x0C, 0xF9, 0x00, 0x00, 0x00
  0x00, 0x00, 0x00, 0x00, 0x00, 0x00, 0x00, 0x00, 0x00, 0x00, 0xFF, 0xF5, 0x00, 0xEF, 0x40, 0x00, 0x00
  0x00, 0x00, 0x00, 0x1F, 0xFF, 0xD0, 0x0F, 0xF4, 0x00, 0x00, 0x00, 0x00, 0x00, 0x00, 0x00, 0x00, 0x00
  0x00, 0x00, 0x00, 0x00, 0xAF, 0xFA, 0x04, 0xFF, 0x00, 0x00, 0x00, 0x00, 0x00, 0x00, 0x0C, 0xFF, 0xF3
  0x5F, 0xE0, 0x00, 0x00, 0x00, 0x00, 0x00, 0x00, 0x00, 0x00, 0x00, 0x00, 0x00, 0x00, 0x00, 0x5F, 0xFE
  0x09, 0xFA, 0x00, 0x00, 0x00, 0x00, 0x00, 0x00, 0x06, 0xFF, 0xF8, 0x9F, 0xA0, 0x00, 0x00, 0x00, 0x00
  0x00, 0x00, 0x00, 0x00, 0x00, 0x00, 0x00, 0x00, 0x00, 0x0F, 0xFF, 0x4E, 0xF5, 0x00, 0x00, 0x00, 0x00
  0x00, 0x00, 0x01, 0xFF, 0xFE, 0xEF, 0x50, 0x00, 0x00, 0x00, 0x00, 0x00, 0x00, 0x00, 0x00, 0x00, 0x00
  0x00, 0x00, 0x00, 0x09, 0xFF, 0xCF, 0xF0, 0x00, 0x00, 0x00, 0x00, 0x00, 0x00, 0x00, 0xBF, 0xFF, 0xFF
  0x00, 0x00, 0x00, 0x00, 0x00, 0x00, 0x00, 0x00, 0x00, 0x00, 0x00, 0x00, 0x00, 0x00, 0x04, 0xFF, 0xFF
  0xA0, 0x00, 0x00, 0x00, 0x00, 0x00, 0x00, 0x00, 0x5F, 0xFF, 0xFB, 0x00, 0x00, 0x00, 0x00, 0x00, 0x00
  0x00, 0x00, 0x00, 0x00, 0x00, 0x00, 0x00, 0x00, 0x00, 0xEF, 0xFF, 0x50, 0x00, 0x00, 0x00, 0x00, 0x00
  0x00, 0x00, 0x0F, 0xFF, 0xF6, 0x00, 0x00, 0x00, 0x00, 0x00, 0x00, 0x00, 0x00, 0x00, 0x00, 0x00, 0x00
  0x00, 0x00, 0x00, 0x9F, 0xFF, 0x00, 0x00, 0x00, 0x00, 0x00, 0x00, 0x00, 0x00, 0x09, 0xFF, 0xF1, 0x00
  0x00, 0x00, 0x00, 0x00, 0x00, 0x00, 0x00, 0x00, 0x00, 0x00, 0x00, 0x00, 0x00, 0x00, 0x3F, 0xFF, 0x00
  0x00, 0x00, 0x00, 0x00, 0x00, 0x00, 0x00, 0x04, 0xFF, 0xF0, 0x00, 0x00, 0x00, 0x00, 0x00, 0x00, 0x00
  0x00, 0x00, 0x00, 0x00, 0x00, 0x00, 0x00, 0x00, 0x0F, 0xFA, 0x00, 0x00, 0x00, 0x00, 0x00, 0x00, 0x00
  0x00, 0x00, 0xEF, 0xB0, 0x00, 0x00, 0x00, 0x00, 0x00, 0x00, 0x00, 0x00, 0x00, 0x00, 0x00, 0x00, 0x00
  0x00, 0x00, 0x09, 0xF5, 0x00, 0x00, 0x00, 0x00, 0x00, 0x00, 0x00, 0x00, 0x00, 0x8F, 0x50, 0x00, 0x00
  0x00, 0x00, 0x00, 0x00, 0x00, 0x00, 0x00, 0x00, 0x00, 0x00, 0x00, 0x00, 0x00, 0x02, 0xF2, 0x00, 0x00
  0x00, 0x00, 0x00, 0x00, 0x00, 0x00, 0x00, 0x3F, 0x20, 0x00, 0x00, 0x00, 0x00, 0x00, 0x00, 0x00, 0x00
  0x00, 0x00, 0x00, 0x00, 0x00, 0x00, 0x00, 0x00, 0xF0, 0x00, 0x00, 0x00, 0x00, 0x00, 0x00, 0x00, 0x00
  0x00, 0x0F, 0x00, 0x00, 0x00, 0x00, 0x00, 0x00, 0x00, 0x00, 0x00, 0x00, 0x00, 0x00, 0x00, 0x00, 0x00
  0x00, 0x00, 0x50, 0x00, 0x00, 0x00, 0x00, 0x00, 0x00, 0x00, 0x00, 0x00, 0x05, 0x00, 0x00, 0x00, 0x00
  0x00, 0x00, 0x00, 0x00, 0x09, 0xFF, 0xFF, 0xFF, 0xFF, 0xFF, 0xFF, 0xB0, 0x00, 0x00, 0x00, 0x00, 0x6F
  0xFF, 0xFF, 0xFF, 0xFF, 0xFF, 0xF0, 0x00, 0x02, 0x8F, 0xFF, 0xFF, 0xFF, 0xB1, 0x00, 0x00, 0x00, 0x00
  0x00, 0x00, 0x7F, 0xFF, 0xFF, 0xFB, 0x41, 0x00, 0x00, 0x00, 0x02, 0xFF, 0xFF, 0xFF, 0x00, 0x00, 0x00
  0x00, 0x00, 0x00, 0x00, 0x0C, 0xFF, 0xFF, 0x70, 0x00, 0x00, 0x00, 0x00, 0x00, 0x1F, 0xFF, 0xFF, 0x00
  0x00, 0x00, 0x00, 0x00, 0x00, 0x00, 0x0F, 0xFF, 0xF6, 0x00, 0x00, 0x00, 0x00, 0x00, 0x00, 0x02, 0xFF
  0xFF, 0x70, 0x00, 0x00, 0x00, 0x00, 0x00, 0x00, 0x3F, 0xFF, 0x70, 0x00, 0x00, 0x00, 0x00, 0x00, 0x00
  0x00, 0x4F, 0xFF, 0xF1, 0x00, 0x00, 0x00, 0x00, 0x00, 0x00, 0xCF, 0xF8, 0x00, 0x00, 0x00, 0x00, 0x00
  0x00, 0x00, 0x00, 0x09, 0xFF, 0xFA, 0x00, 0x00, 0x00, 0x00, 0x00, 0x06, 0xFF, 0xD0, 0x00, 0x00, 0x00
  0x00, 0x00, 0x00, 0x00, 0x00, 0x01, 0xEF, 0xFF, 0x50, 0x00, 0x00, 0x00, 0x00, 0x1F, 0xFF, 0x30, 0x00
  0x00, 0x00, 0x00, 0x00, 0x00, 0x00, 0x00, 0x00, 0x5F, 0xFF, 0xE0, 0x00, 0x00, 0x00, 0x00, 0xAF, 0xF7
  0x00, 0x00, 0x00, 0x00, 0x00, 0x00, 0x00, 0x00, 0x00, 0x00, 0x0B, 0xFF, 0xF9, 0x00, 0x00, 0x00, 0x04
  0xFF, 0xC0, 0x00, 0x00, 0x00, 0x00, 0x00, 0x00, 0x00, 0x00, 0x00, 0x00, 0x02, 0xFF, 0xFF, 0x30, 0x00
  0x00, 0x0E, 0xFF, 0x20, 0x00, 0x00, 0x00, 0x00, 0x00, 0x00, 0x00, 0x00, 0x00, 0x00, 0x00, 0x7F, 0xFF
  0xD0, 0x00, 0x00, 0x9F, 0xF7, 0x00, 0x00, 0x00, 0x00, 0x00, 0x00, 0x00, 0x00, 0x00, 0x00, 0x00, 0x00
  0x0D, 0xFF, 0xF7, 0x00, 0x03, 0xFF, 0xC0, 0x00, 0x00, 0x00, 0x00, 0x00, 0x00, 0x00, 0x00, 0x00, 0x00
  0x00, 0x00, 0x03, 0xFF, 0xFF, 0x20, 0x0C, 0xFF, 0x20, 0x00, 0x00, 0x00, 0x00, 0x00, 0x00, 0x00, 0x00
  0x00, 0x00, 0x00, 0x00, 0x00, 0x9F, 0xFF, 0xB0, 0x7F, 0xF7, 0x00, 0x00, 0x00, 0x00, 0x00, 0x00, 0x00
  0x00, 0x00, 0x00, 0x00, 0x00, 0x00, 0x00, 0x0E, 0xFF, 0xF7, 0xFF, 0xC0, 0x00, 0x00, 0x00, 0x00, 0x00
  0x00, 0x00, 0x00, 0x00, 0x00, 0x00, 0x00, 0x00, 0x00, 0x05, 0xFF, 0xFF, 0xFF, 0x20, 0x00, 0x00, 0x00
  0x00, 0x00, 0x00, 0x00, 0x00, 0x00, 0x00, 0x00, 0x00, 0x00, 0x00, 0x00, 0xBF, 0xFF, 0xF6, 0x00, 0x00
  0x00, 0x00, 0x00, 0x00, 0x00, 0x00, 0x00, 0x00, 0x00, 0x00, 0x00, 0x00, 0x00, 0x00, 0x1F, 0xFF, 0xF4
  0x00, 0x00, 0x00, 0x00, 0x00, 0x00, 0x00, 0x00, 0x00, 0x00, 0x00, 0x00, 0x00, 0x00, 0x00, 0x00, 0x0F
  0xFF, 0xFD, 0x00, 0x00, 0x00, 0x00, 0x00, 0x00, 0x00, 0x00, 0x00, 0x00, 0x00, 0x00, 0x00, 0x00, 0x00
  0x00, 0x8F, 0xFF, 0xFF, 0x80, 0x00, 0x00, 0x00, 0x00, 0x00, 0x00, 0x00, 0x00, 0x00, 0x00, 0x00, 0x00
  0x00, 0x00, 0x03, 0xFF, 0xEF, 0xFF, 0xF2, 0x00, 0x00, 0x00, 0x00, 0x00, 0x00, 0x00, 0x00, 0x00, 0x00
  0x00, 0x00, 0x00, 0x00, 0x0D, 0xFF, 0x18, 0xFF, 0xFC, 0x00, 0x00, 0x00, 0x00, 0x00, 0x00, 0x00, 0x00
  0x00, 0x00, 0x00, 0x00, 0x00, 0x00, 0x8F, 0xF6, 0x00, 0xEF, 0xFF, 0x60, 0x00, 0x00, 0x00, 0x00, 0x00
  0x00, 0x00, 0x00, 0x00, 0x00, 0x00, 0x00, 0x03, 0xFF, 0xC0, 0x00, 0x4F, 0xFF, 0xF1, 0x00, 0x00, 0x00
  0x00, 0x00, 0x00, 0x00, 0x00, 0x00, 0x00, 0x00, 0x00, 0x0D, 0xFF, 0x20, 0x00, 0x0A, 0xFF, 0xFB, 0x00
  0x00, 0x00, 0x00, 0x00, 0x00, 0x00, 0x00, 0x00, 0x00, 0x00, 0x00, 0x8F, 0xF8, 0x00, 0x00, 0x01, 0xFF
  0xFF, 0x50, 0x00, 0x00, 0x00, 0x00, 0x00, 0x00, 0x00, 0x00, 0x00, 0x00, 0x03, 0xFF, 0xD0, 0x00, 0x00
  0x00, 0x6F, 0xFF, 0xE0, 0x00, 0x00, 0x00, 0x00, 0x00, 0x00, 0x00, 0x00, 0x00, 0x00, 0x0D, 0xFF, 0x40
  0x00, 0x00, 0x00, 0x0C, 0xFF, 0xF9, 0x00, 0x00, 0x00, 0x00, 0x00, 0x00, 0x00, 0x00, 0x00, 0x00, 0x8F
  0xFA, 0x00, 0x00, 0x00, 0x00, 0x02, 0xFF, 0xFF, 0x30, 0x00, 0x00, 0x00, 0x00, 0x00, 0x00, 0x00, 0x00
  0x03, 0xFF, 0xE1, 0x00, 0x00, 0x00, 0x00, 0x00, 0x8F, 0xFF, 0xD0, 0x00, 0x00, 0x00, 0x00, 0x00, 0x00
  0x00, 0x00, 0x0D, 0xFF, 0x60, 0x00, 0x00, 0x00, 0x00, 0x00, 0x0D, 0xFF, 0xF7, 0x00, 0x00, 0x00, 0x00
  0x00, 0x00, 0x00, 0x00, 0x8F, 0xFB, 0x00, 0x00, 0x00, 0x00, 0x00, 0x00, 0x04, 0xFF, 0xFF, 0x20, 0x00
  0x00, 0x00, 0x00, 0x00, 0x00, 0x03, 0xFF, 0xF2, 0x00, 0x00, 0x00, 0x00, 0x00, 0x00, 0x00, 0xAF, 0xFF
  0xB0, 0x00, 0x00, 0x00, 0x00, 0x00, 0x00, 0x3F, 0xFF, 0x90, 0x00, 0x00, 0x00, 0x00, 0x00, 0x00, 0x00
  0x1F, 0xFF, 0xFD, 0x00, 0x00, 0x00, 0x00, 0x00, 0x02, 0xFF, 0xFF, 0x00, 0x00, 0x00, 0x00, 0x00, 0x00
  0x00, 0x00, 0x0E, 0xFF, 0xFF, 0xA0, 0x00, 0x00, 0x00, 0x00, 0x4F, 0xFF, 0xFF, 0x40, 0x00, 0x00, 0x00
  0x00, 0x00, 0x00, 0x00, 0x0C, 0xFF, 0xFF, 0xFA, 0x10, 0x00, 0x24, 0x7C, 0xFF, 0xFF, 0xFF, 0xE7, 0x40
  0x00, 0x00, 0x00, 0x00, 0x00, 0x14, 0xBF, 0xFF, 0xFF, 0xFF, 0xF9, 0x54, 0x6B, 0xBB, 0xFF, 0xFF, 0xCB
  0xBB, 0xB0, 0x00, 0x00, 0x00, 0x00, 0x00, 0x4B, 0xBB, 0xBF, 0xFF, 0xFF, 0xBB, 0xBB, 0xCF, 0xFF, 0xFF
  0xFF, 0xFF, 0xFF, 0xFC, 0x00, 0x00, 0x00, 0x00, 0x00, 0x00, 0xFF, 0xFF, 0xFF, 0xFF, 0xFF, 0xFF, 0x30
  0x13, 0x9F, 0xFF, 0xFF, 0xFF, 0xB2, 0x00, 0x00, 0x00, 0x00, 0x00, 0x00, 0x00, 0x3D, 0xFF, 0xFF, 0xFD
  0x52, 0x00, 0x00, 0x00, 0x2F, 0xFF, 0xFF, 0xF0, 0x00, 0x00, 0x00, 0x00, 0x00, 0x00, 0x00, 0x00, 0x3F
  0xFF, 0xF7, 0x00, 0x00, 0x00, 0x00, 0x00, 0x1F, 0xFF, 0xFF, 0x10, 0x00, 0x00, 0x00, 0x00, 0x00, 0x00
  0x00, 0x06, 0xFF, 0xF7, 0x00, 0x00, 0x00, 0x00, 0x00, 0x00, 0x1E, 0xFF, 0xF8, 0x00, 0x00, 0x00, 0x00
  0x00, 0x00, 0x00, 0x00, 0xCF, 0xF6, 0x00, 0x00, 0x00, 0x00, 0x00, 0x00, 0x00, 0x6F, 0xFF, 0xF1, 0x00
  0x00, 0x00, 0x00, 0x00, 0x00, 0x00, 0x5F, 0xFC, 0x00, 0x00, 0x00, 0x00, 0x00, 0x00, 0x00, 0x00, 0xCF
  0xFF, 0xA0, 0x00, 0x00, 0x00, 0x00, 0x00, 0x00, 0x0E, 0xFF, 0x30, 0x00, 0x00, 0x00, 0x00, 0x00, 0x00
  0x00, 0x03, 0xFF, 0xFF, 0x30, 0x00, 0x00, 0x00, 0x00, 0x00, 0x08, 0xFF, 0x90, 0x00, 0x00, 0x00, 0x00
  0x00, 0x00, 0x00, 0x00, 0x0A, 0xFF, 0xFB, 0x00, 0x00, 0x00, 0x00, 0x00, 0x02, 0xFF, 0xE0, 0x00, 0x00
  0x00, 0x00, 0x00, 0x00, 0x00, 0x00, 0x00, 0x1F, 0xFF, 0xF4, 0x00, 0x00, 0x00, 0x00, 0x00, 0xBF, 0xF5
  0x00, 0x00, 0x00, 0x00, 0x00, 0x00, 0x00, 0x00, 0x00, 0x00, 0x6F, 0xFF, 0xD0, 0x00, 0x00, 0x00, 0x00
  0x4F, 0xFB, 0x00, 0x00, 0x00, 0x00, 0x00, 0x00, 0x00, 0x00, 0x00, 0x00, 0x00, 0xDF, 0xFF, 0x60, 0x00
  0x00, 0x00, 0x0D, 0xFF, 0x20, 0x00, 0x00, 0x00, 0x00, 0x00, 0x00, 0x00, 0x00, 0x00, 0x00, 0x03, 0xFF
  0xFE, 0x00, 0x00, 0x00, 0x07, 0xFF, 0x70, 0x00, 0x00, 0x00, 0x00, 0x00, 0x00, 0x00, 0x00, 0x00, 0x00
  0x00, 0x0A, 0xFF, 0xF8, 0x00, 0x00, 0x01, 0xFF, 0xD0, 0x00, 0x00, 0x00, 0x00, 0x00, 0x00, 0x00, 0x00
  0x00, 0x00, 0x00, 0x00, 0x1F, 0xFF, 0xF1, 0x00, 0x00, 0x9F, 0xF4, 0x00, 0x00, 0x00, 0x00, 0x00, 0x00
  0x00, 0x00, 0x00, 0x00, 0x00, 0x00, 0x00, 0x7F, 0xFF, 0x90, 0x00, 0x3F, 0xFA, 0x00, 0x00, 0x00, 0x00
  0x00, 0x00, 0x00, 0x00, 0x00, 0x00, 0x00, 0x00, 0x00, 0x00, 0xDF, 0xFF, 0x20, 0x0C, 0xFE, 0x10, 0x00
  0x00, 0x00, 0x00, 0x00, 0x00, 0x00, 0x00, 0x00, 0x00, 0x00, 0x00, 0x00, 0x03, 0xFF, 0xFB, 0x05, 0xFF
  0x60, 0x00, 0x00, 0x00, 0x00, 0x00, 0x00, 0x00, 0x00, 0x00, 0x00, 0x00, 0x00, 0x00, 0x00, 0x0A, 0xFF
  0xF5, 0xEF, 0xC0, 0x00, 0x00, 0x00, 0x00, 0x00, 0x00, 0x00, 0x00, 0x00, 0x00, 0x00, 0x00, 0x00, 0x00
  0x00, 0x1F, 0xFF, 0xFF, 0xF3, 0x00, 0x00, 0x00, 0x00, 0x00, 0x00, 0x00, 0x00, 0x00, 0x00, 0x00, 0x00
  0x00, 0x00, 0x00, 0x00, 0x7F, 0xFF, 0xF9, 0x00, 0x00, 0x00, 0x00, 0x00, 0x00, 0x00, 0x00, 0x00, 0x00
  0x00, 0x00, 0x00, 0x00, 0x00, 0x00, 0x00, 0xFF, 0xFF, 0x10, 0x00, 0x00, 0x00, 0x00, 0x00, 0x00, 0x00
  0x00, 0x00, 0x00, 0x00, 0x00, 0x00, 0x00, 0x00, 0x00, 0x0F, 0xFF, 0xF1, 0x00, 0x00, 0x00, 0x00, 0x00
  0x00, 0x00, 0x00, 0x00, 0x00, 0x00, 0x00, 0x00, 0x00, 0x00, 0x00, 0x00, 0xFF, 0xFF, 0x10, 0x00, 0x00
  0x00, 0x00, 0x00, 0x00, 0x00, 0x00, 0x00, 0x00, 0x00, 0x00, 0x00, 0x00, 0x00, 0x00, 0x0F, 0xFF, 0xF1
  0x00, 0x00, 0x00, 0x00, 0x00, 0x00, 0x00, 0x00, 0x00, 0x00, 0x00, 0x00, 0x00, 0x00, 0x00, 0x00, 0x00
  0xFF, 0xFF, 0x10, 0x00, 0x00, 0x00, 0x00, 0x00, 0x00, 0x00, 0x00, 0x00, 0x00, 0x00, 0x00, 0x00, 0x00
  0x00, 0x00, 0x0F, 0xFF, 0xF1, 0x00, 0x00, 0x00, 0x00, 0x00, 0x00, 0x00, 0x00, 0x00, 0x00, 0x00, 0x00
  0x00, 0x00, 0x00, 0x00, 0x00, 0xFF, 0xFF, 0x10, 0x00, 0x00, 0x00, 0x00, 0x00, 0x00, 0x00, 0x00, 0x00
  0x00, 0x00, 0x00, 0x00, 0x00, 0x00, 0x00, 0x0F, 0xFF, 0xF1, 0x00, 0x00, 0x00, 0x00, 0x00, 0x00, 0x00
  0x00, 0x00, 0x00, 0x00, 0x00, 0x00, 0x00, 0x00, 0x00, 0x00, 0xFF, 0xFF, 0x10, 0x00, 0x00, 0x00, 0x00
  0x00, 0x00, 0x00, 0x00, 0x00, 0x00, 0x00, 0x00, 0x00, 0x00, 0x00, 0x00, 0x0F, 0xFF, 0xF1, 0x00, 0x00
  0x00, 0x00, 0x00, 0x00, 0x00, 0x00, 0x00, 0x00, 0x00, 0x00, 0x00, 0x00, 0x00, 0x00, 0x00, 0xFF, 0xFF
  0x10, 0x00, 0x00, 0x00, 0x00, 0x00, 0x00, 0x00, 0x00, 0x00, 0x00, 0x00, 0x00, 0x00, 0x00, 0x00, 0x00
  0x0F, 0xFF, 0xF1, 0x00, 0x00, 0x00, 0x00, 0x00, 0x00, 0x00, 0x00, 0x00, 0x00, 0x00, 0x00, 0x00, 0x00
  0x00, 0x00, 0x00, 0xFF, 0xFF, 0x10, 0x00, 0x00, 0x00, 0x00, 0x00, 0x00, 0x00, 0x00, 0x00, 0x00, 0x00
  0x00, 0x00, 0x00, 0x00, 0x00, 0x0F, 0xFF, 0xF1, 0x00, 0x00, 0x00, 0x00, 0x00, 0x00, 0x00, 0x00, 0x00
  0x00, 0x00, 0x00, 0x00, 0x00, 0x00, 0x00, 0x03, 0xFF, 0xFF, 0x40, 0x00, 0x00, 0x00, 0x00, 0x00, 0x00
  0x00, 0x00, 0x00, 0x00, 0x00, 0x00, 0x00, 0x00, 0x00, 0x00, 0xCF, 0xFF, 0xFC, 0x00, 0x00, 0x00, 0x00
  0x00, 0x00, 0x00, 0x00, 0x00, 0x00, 0x00, 0x00, 0x00, 0x00, 0x00, 0x13, 0xBF, 0xFF, 0xFF, 0xFC, 0x31
  0x00, 0x00, 0x00, 0x00, 0x00, 0x00, 0x00, 0x00, 0x00, 0x00, 0x00, 0x00, 0x00, 0x3F, 0xFF, 0xFF, 0xFF
  0xFF, 0xFF, 0xF3, 0x00, 0x00, 0x00, 0x00, 0x00, 0x00, 0x00, 0x07, 0x41, 0x00, 0x00, 0x00, 0x00, 0x00
  0x00, 0x00, 0x00, 0x00, 0x00, 0x00, 0x00, 0x20, 0x00, 0x0F, 0xFF, 0xFF, 0xEB, 0xAA, 0xAA, 0xAA, 0xAA
  0xAA, 0xAA, 0xAA, 0xAA, 0xBC, 0xDF, 0xE0, 0x00, 0x0F, 0xFF, 0xFF, 0xFF, 0xFF, 0xFF, 0xFF, 0xFF, 0xFF
  0xFF, 0xFF, 0xFF, 0xFF, 0xFF, 0x40, 0x00, 0x0F, 0xF9, 0x20, 0x00, 0x00, 0x00, 0x00, 0x00, 0x00, 0x00
  0x00, 0x0A, 0xFF, 0xFA, 0x00, 0x00, 0x0F, 0x90, 0x00, 0x00, 0x00, 0x00, 0x00, 0x00, 0x00, 0x00, 0x00
  0x5F, 0xFF, 0xE1, 0x00, 0x00, 0x0F, 0x30, 0x00, 0x00, 0x00, 0x00, 0x00, 0x00, 0x00, 0x00, 0x00, 0xEF
  0xFF, 0x60, 0x00, 0x00, 0x0F, 0x10, 0x00, 0x00, 0x00, 0x00, 0x00, 0x00, 0x00, 0x00, 0x09, 0xFF, 0xFC
  0x00, 0x00, 0x00, 0x04, 0x00, 0x00, 0x00, 0x00, 0x00, 0x00, 0x00, 0x00, 0x00, 0x4F, 0xFF, 0xF2, 0x00
  0x00, 0x00, 0x00, 0x00, 0x00, 0x00, 0x00, 0x00, 0x00, 0x00, 0x00, 0x00, 0xDF, 0xFF, 0x80, 0x00, 0x00
  0x00, 0x00, 0x00, 0x00, 0x00, 0x00, 0x00, 0x00, 0x00, 0x00, 0x08, 0xFF, 0xFD, 0x00, 0x00, 0x00, 0x00
  0x00, 0x00, 0x00, 0x00, 0x00, 0x00, 0x00, 0x00, 0x00, 0x3F, 0xFF, 0xF3, 0x00, 0x00, 0x00, 0x00, 0x00
  0x00, 0x00, 0x00, 0x00, 0x00, 0x00, 0x00, 0x00, 0xDF, 0xFF, 0x90, 0x00, 0x00, 0x00, 0x00, 0x00, 0x00
  0x00, 0x00, 0x00, 0x00, 0x00, 0x00, 0x07, 0xFF, 0xFE, 0x10, 0x00, 0x00, 0x00, 0x00, 0x00, 0x00, 0x00
  0x00, 0x00, 0x00, 0x00, 0x00, 0x2F, 0xFF, 0xF5, 0x00, 0x00, 0x00, 0x00, 0x00, 0x00, 0x00, 0x00, 0x00
  0x00, 0x00, 0x00, 0x00, 0xCF, 0xFF, 0xB0, 0x00, 0x00, 0x00, 0x00, 0x00, 0x00, 0x00, 0x00, 0x00, 0x00
  0x00, 0x00, 0x06, 0xFF, 0xFF, 0x20, 0x00, 0x00, 0x00, 0x00, 0x00, 0x00, 0x00, 0x00, 0x00, 0x00, 0x00
  0x00, 0x1F, 0xFF, 0xF7, 0x00, 0x00, 0x00, 0x00, 0x00, 0x00, 0x00, 0x00, 0x00, 0x00, 0x00, 0x00, 0x00
  0xBF, 0xFF, 0xC0, 0x00, 0x00, 0x00, 0x00, 0x00, 0x00, 0x00, 0x00, 0x00, 0x00, 0x00, 0x00, 0x05, 0xFF
  0xFF, 0x30, 0x00, 0x00, 0x00, 0x00, 0x00, 0x00, 0x00, 0x00, 0x00, 0x00, 0x00, 0x00, 0x1E, 0xFF, 0xF8
  0x00, 0x00, 0x00, 0x00, 0x00, 0x00, 0x00, 0x00, 0x00, 0x00, 0x00, 0x00, 0x00, 0xAF, 0xFF, 0xE0, 0x00
  0x00, 0x00, 0x00, 0x00, 0x00, 0x00, 0x00, 0x00, 0x00, 0x00, 0x00, 0x04, 0xFF, 0xFF, 0x40, 0x00, 0x00
  0x00, 0x00, 0x00, 0x00, 0x00, 0x00, 0x00, 0x00, 0x00, 0x00, 0x0E, 0xFF, 0xFA, 0x00, 0x00, 0x00, 0x00
  0x00, 0x00, 0x00, 0x00, 0x00, 0x00, 0x00, 0x00, 0x00, 0x9F, 0xFF, 0xF1, 0x00, 0x00, 0x00, 0x00, 0x00
  0x00, 0x00, 0x00, 0x00, 0x00, 0x00, 0x00, 0x03, 0xFF, 0xFF, 0x60, 0x00, 0x00, 0x00, 0x00, 0x00, 0x00
  0x00, 0x00, 0x00, 0x00, 0x00, 0x00, 0x0D, 0xFF, 0xFC, 0x00, 0x00, 0x00, 0x00, 0x00, 0x00, 0x00, 0x00
  0x00, 0x00, 0x00, 0x00, 0x00, 0x8F, 0xFF, 0xF2, 0x00, 0x00, 0x00, 0x00, 0x00, 0x00, 0x00, 0x00, 0x00
  0x00, 0x00, 0x00, 0x03, 0xFF, 0xFF, 0x80, 0x00, 0x00, 0x00, 0x00, 0x00, 0x00, 0x00, 0x00, 0x00, 0x00
  0x00, 0x00, 0x0C, 0xFF, 0xFD, 0x00, 0x00, 0x00, 0x00, 0x00, 0x00, 0x00, 0x00, 0x00, 0x00, 0x00, 0x00
  0x00, 0x7F, 0xFF, 0xF4, 0x00, 0x00, 0x00, 0x00, 0x00, 0x00, 0x00, 0x00, 0x00, 0x00, 0x00, 0x00, 0x02
  0xFF, 0xFF, 0x90, 0x00, 0x00, 0x00, 0x00, 0x00, 0x00, 0x00, 0x00, 0x00, 0x00, 0x00, 0x00, 0x0C, 0xFF
  0xFE, 0x10, 0x00, 0x00, 0x00, 0x00, 0x00, 0x00, 0x00, 0x00, 0x00, 0x31, 0x00, 0x00, 0x6F, 0xFF, 0xF5
  0x00, 0x00, 0x00, 0x00, 0x00, 0x00, 0x00, 0x00, 0x00, 0x00, 0xA0, 0x00, 0x01, 0xFF, 0xFF, 0xB0, 0x00
  0x00, 0x00, 0x00, 0x00, 0x00, 0x00, 0x00, 0x00, 0x01, 0xB0, 0x00, 0x0B, 0xFF, 0xFF, 0x20, 0x00, 0x00
  0x00, 0x00, 0x00, 0x00, 0x00, 0x00, 0x00, 0x0A, 0x80, 0x00, 0x5F, 0xFF, 0xF7, 0x00, 0x00, 0x00, 0x00
  0x00, 0x00, 0x00, 0x00, 0x00, 0x00, 0x4F, 0x50, 0x01, 0xEF, 0xFF, 0xD0, 0x00, 0x00, 0x00, 0x00, 0x00
  0x00, 0x00, 0x00, 0x00, 0x03, 0xFF, 0x10, 0x0A, 0xFF, 0xFF, 0x30, 0x00, 0x00, 0x00, 0x00, 0x00, 0x00
  0x00, 0x00, 0x01, 0x7F, 0xFE, 0x00, 0x4F, 0xFF, 0xFF, 0xAA, 0xAA, 0xAA, 0xAA, 0xAA, 0xAA, 0xAA, 0xAA
  0xEF, 0xFF, 0xFF, 0xFF, 0x00, 0xDF, 0xFF, 0xFF, 0xFF, 0xFF, 0xFF, 0xFF, 0xFF, 0xFF, 0xFF, 0xFF, 0xFF
  0xFF, 0xFF, 0xFC, 0x00, 0xFF, 0xFF, 0xFF, 0xFF, 0xC7, 0xFF, 0xFF, 0x96, 0x20, 0x00, 0xFF, 0xFF, 0x10
  0x00, 0x00, 0xFF, 0xFF, 0x10, 0x00, 0x00, 0xFF, 0xFF, 0x10, 0x00, 0x00, 0xFF, 0xFF, 0x10, 0x00, 0x00
  0xFF, 0xFF, 0x10, 0x00, 0x00, 0xFF, 0xFF, 0x10, 0x00, 0x00, 0xFF, 0xFF, 0x10, 0x00, 0x00, 0xFF, 0xFF
  0x10, 0x00, 0x00, 0xFF, 0xFF, 0x10, 0x00, 0x00, 0xFF, 0xFF, 0x10, 0x00, 0x00, 0xFF, 0xFF, 0x10, 0x00
  0x00, 0xFF, 0xFF, 0x10, 0x00, 0x00, 0xFF, 0xFF, 0x10, 0x00, 0x00, 0xFF, 0xFF, 0x10, 0x00, 0x00, 0xFF
  0xFF, 0x10, 0x00, 0x00, 0xFF, 0xFF, 0x10, 0x00, 0x00, 0xFF, 0xFF, 0x10, 0x00, 0x00, 0xFF, 0xFF, 0x10
  0x00, 0x00, 0xFF, 0xFF, 0x10, 0x00, 0x00, 0xFF, 0xFF, 0x10, 0x00, 0x00, 0xFF, 0xFF, 0x10, 0x00, 0x00
  0xFF, 0xFF, 0x10, 0x00, 0x00, 0xFF, 0xFF, 0x10, 0x00, 0x00, 0xFF, 0xFF, 0x10, 0x00, 0x00, 0xFF, 0xFF
  0x10, 0x00, 0x00, 0xFF, 0xFF, 0x10, 0x00, 0x00, 0xFF, 0xFF, 0x10, 0x00, 0x00, 0xFF, 0xFF, 0x10, 0x00
  0x00, 0xFF, 0xFF, 0x10, 0x00, 0x00, 0xFF, 0xFF, 0x10, 0x00, 0x00, 0xFF, 0xFF, 0x10, 0x00, 0x00, 0xFF
  0xFF, 0x10, 0x00, 0x00, 0xFF, 0xFF, 0x10, 0x00, 0x00, 0xFF, 0xFF, 0x10, 0x00, 0x00, 0xFF, 0xFF, 0x10
  0x00, 0x00, 0xFF, 0xFF, 0x10, 0x00, 0x00, 0xFF, 0xFF, 0x10, 0x00, 0x00, 0xFF, 0xFF, 0x10, 0x00, 0x00
  0xFF, 0xFF, 0x10, 0x00, 0x00, 0xFF, 0xFF, 0x10, 0x00, 0x00, 0xFF, 0xFF, 0x10, 0x00, 0x00, 0xFF, 0xFF
  0x96, 0x30, 0x00, 0xFF, 0xFF, 0xFF, 0xFF, 0xD9, 0x03, 0x10, 0x00, 0x00, 0x00, 0x00, 0x00, 0x00, 0x00
  0x00, 0x00, 0x6F, 0x90, 0x00, 0x00, 0x00, 0x00, 0x00, 0x00, 0x00, 0x00, 0x00, 0x1F, 0xF2, 0x00, 0x00
  0x00, 0x00, 0x00, 0x00, 0x00, 0x00, 0x00, 0x08, 0xFA, 0x00, 0x00, 0x00, 0x00, 0x00, 0x00, 0x00, 0x00
  0x00, 0x01, 0xFF, 0x20, 0x00, 0x00, 0x00, 0x00, 0x00, 0x00, 0x00, 0x00, 0x00, 0x8F, 0xA0, 0x00, 0x00
  0x00, 0x00, 0x00, 0x00, 0x00, 0x00, 0x00, 0x1F, 0xF2, 0x00, 0x00, 0x00, 0x00, 0x00, 0x00, 0x00, 0x00
  0x00, 0x08, 0xFA, 0x00, 0x00, 0x00, 0x00, 0x00, 0x00, 0x00, 0x00, 0x00, 0x01, 0xFF, 0x20, 0x00, 0x00
  0x00, 0x00, 0x00, 0x00, 0x00, 0x00, 0x00, 0x8F, 0xA0, 0x00, 0x00, 0x00, 0x00, 0x00, 0x00, 0x00, 0x00
  0x00, 0x1F, 0xF2, 0x00, 0x00, 0x00, 0x00, 0x00, 0x00, 0x00, 0x00, 0x00, 0x08, 0xFA, 0x00, 0x00, 0x00
  0x00, 0x00, 0x00, 0x00, 0x00, 0x00, 0x01, 0xFF, 0x20, 0x00, 0x00, 0x00, 0x00, 0x00, 0x00, 0x00, 0x00
  0x00, 0x8F, 0xA0, 0x00, 0x00, 0x00, 0x00, 0x00, 0x00, 0x00, 0x00, 0x00, 0x1F, 0xF3, 0x00, 0x00, 0x00
  0x00, 0x00, 0x00, 0x00, 0x00, 0x00, 0x08, 0xFB, 0x00, 0x00, 0x00, 0x00, 0x00, 0x00, 0x00, 0x00, 0x00
  0x01, 0xFF, 0x30, 0x00, 0x00, 0x00, 0x00, 0x00, 0x00, 0x00, 0x00, 0x00, 0x8F, 0xB0, 0x00, 0x00, 0x00
  0x00, 0x00, 0x00, 0x00, 0x00, 0x00, 0x0E, 0xF3, 0x00, 0x00, 0x00, 0x00, 0x00, 0x00, 0x00, 0x00, 0x00
  0x07, 0xFB, 0x00, 0x00, 0x00, 0x00, 0x00, 0x00, 0x00, 0x00, 0x00, 0x00, 0xEF, 0x30, 0x00, 0x00, 0x00
  0x00, 0x00, 0x00, 0x00, 0x00, 0x00, 0x7F, 0xB0, 0x00, 0x00, 0x00, 0x00, 0x00, 0x00, 0x00, 0x00, 0x00
  0x0E, 0xF3, 0x00, 0x00, 0x00, 0x00, 0x00, 0x00, 0x00, 0x00, 0x00, 0x07, 0xFB, 0x00, 0x00, 0x00, 0x00
  0x00, 0x00, 0x00, 0x00, 0x00, 0x00, 0xEF, 0x30, 0x00, 0x00, 0x00, 0x00, 0x00, 0x00, 0x00, 0x00, 0x00
  0x7F, 0xC0, 0x00, 0x00, 0x00, 0x00, 0x00, 0x00, 0x00, 0x00, 0x00, 0x0E, 0xF4, 0x00, 0x00, 0x00, 0x00
  0x00, 0x00, 0x00, 0x00, 0x00, 0x07, 0xFC, 0x00, 0x00, 0x00, 0x00, 0x00, 0x00, 0x00, 0x00, 0x00, 0x00
  0xEF, 0x40, 0x00, 0x00, 0x00, 0x00, 0x00, 0x00, 0x00, 0x00, 0x00, 0x7F, 0xC0, 0x00, 0x00, 0x00, 0x00
  0x00, 0x00, 0x00, 0x00, 0x00, 0x0E, 0xF4, 0x00, 0x00, 0x00, 0x00, 0x00, 0x00, 0x00, 0x00, 0x00, 0x07
  0xFC, 0x00, 0x00, 0x00, 0x00, 0x00, 0x00, 0x00, 0x00, 0x00, 0x00, 0xEF, 0x40, 0x00, 0x00, 0x00, 0x00
  0x00, 0x00, 0x00, 0x00, 0x00, 0x6F, 0xC0, 0x00, 0x00, 0x00, 0x00, 0x00, 0x00, 0x00, 0x00, 0x00, 0x0E
  0xF4, 0x00, 0x00, 0x00, 0x00, 0x00, 0x00, 0x00, 0x00, 0x00, 0x06, 0xFC, 0x00, 0x00, 0x00, 0x00, 0x00
  0x00, 0x00, 0x00, 0x00, 0x00, 0xEF, 0x40, 0x00, 0x00, 0x00, 0x00, 0x00, 0x00, 0x00, 0x00, 0x00, 0x6F
  0xC0, 0x00, 0x00, 0x00, 0x00, 0x00, 0x00, 0x00, 0x00, 0x00, 0x0E, 0xF5, 0x00, 0x00, 0x00, 0x00, 0x00
  0x00, 0x00, 0x00, 0x00, 0x06, 0xFB, 0x00, 0x00, 0x00, 0x00, 0x00, 0x00, 0x00, 0x00, 0x00, 0x00, 0x81
  0x7C, 0xFF, 0xFF, 0xFF, 0xFF, 0x10, 0x00, 0x25, 0x9F, 0xFF, 0xF1, 0x00, 0x00, 0x00, 0xFF, 0xFF, 0x10
  0x00, 0x00, 0x0F, 0xFF, 0xF1, 0x00, 0x00, 0x00, 0xFF, 0xFF, 0x10, 0x00, 0x00, 0x0F, 0xFF, 0xF1, 0x00
  0x00, 0x00, 0xFF, 0xFF, 0x10, 0x00, 0x00, 0x0F, 0xFF, 0xF1, 0x00, 0x00, 0x00, 0xFF, 0xFF, 0x10, 0x00
  0x00, 0x0F, 0xFF, 0xF1, 0x00, 0x00, 0x00, 0xFF, 0xFF, 0x10, 0x00, 0x00, 0x0F, 0xFF, 0xF1, 0x00, 0x00
  0x00, 0xFF, 0xFF, 0x10, 0x00, 0x00, 0x0F, 0xFF, 0xF1, 0x00, 0x00, 0x00, 0xFF, 0xFF, 0x10, 0x00, 0x00
  0x0F, 0xFF, 0xF1, 0x00, 0x00, 0x00, 0xFF, 0xFF, 0x10, 0x00, 0x00, 0x0F, 0xFF, 0xF1, 0x00, 0x00, 0x00
  0xFF, 0xFF, 0x10, 0x00, 0x00, 0x0F, 0xFF, 0xF1, 0x00, 0x00, 0x00, 0xFF, 0xFF, 0x10, 0x00, 0x00, 0x0F
  0xFF, 0xF1, 0x00, 0x00, 0x00, 0xFF, 0xFF, 0x10, 0x00, 0x00, 0x0F, 0xFF, 0xF1, 0x00, 0x00, 0x00, 0xFF
  0xFF, 0x10, 0x00, 0x00, 0x0F, 0xFF, 0xF1, 0x00, 0x00, 0x00, 0xFF, 0xFF, 0x10, 0x00, 0x00, 0x0F, 0xFF
  0xF1, 0x00, 0x00, 0x00, 0xFF, 0xFF, 0x10, 0x00, 0x00, 0x0F, 0xFF, 0xF1, 0x00, 0x00, 0x00, 0xFF, 0xFF
  0x10, 0x00, 0x00, 0x0F, 0xFF, 0xF1, 0x00, 0x00, 0x00, 0xFF, 0xFF, 0x10, 0x00, 0x00, 0x0F, 0xFF, 0xF1
  0x00, 0x00, 0x00, 0xFF, 0xFF, 0x10, 0x00, 0x00, 0x0F, 0xFF, 0xF1, 0x00, 0x00, 0x00, 0xFF, 0xFF, 0x10
  0x00, 0x00, 0x0F, 0xFF, 0xF1, 0x00, 0x00, 0x00, 0xFF, 0xFF, 0x10, 0x00, 0x00, 0x0F, 0xFF, 0xF1, 0x00
  0x00, 0x00, 0xFF, 0xFF, 0x10, 0x00, 0x00, 0x0F, 0xFF, 0xF1, 0x00, 0x00, 0x00, 0xFF, 0xFF, 0x10, 0x00
  0x25, 0x8F, 0xFF, 0xF1, 0x8C, 0xFF, 0xFF, 0xFF, 0xFF, 0x10, 0x00, 0x00, 0x00, 0x00, 0x00, 0x37, 0x77
  0x20, 0x00, 0x00, 0x00, 0x00, 0x00, 0x00, 0x00, 0x00, 0x00, 0x4F, 0xFF, 0xFE, 0x20, 0x00, 0x00, 0x00
  0x00, 0x00, 0x00, 0x00, 0x00, 0x5F, 0xFF, 0xAF, 0xFE, 0x30, 0x00, 0x00, 0x00, 0x00, 0x00, 0x00, 0x00
  0x5F, 0xFF, 0x50, 0x7F, 0xFE, 0x30, 0x00, 0x00, 0x00, 0x00, 0x00, 0x00, 0x6F, 0xFF, 0x40, 0x00, 0x7F
  0xFF, 0x30, 0x00, 0x00, 0x00, 0x00, 0x00, 0x6F, 0xFF, 0x30, 0x00, 0x00, 0x6F, 0xFF, 0x30, 0x00, 0x00
  0x00, 0x00, 0x6F, 0xFE, 0x30, 0x00, 0x00, 0x00, 0x5F, 0xFF, 0x40, 0x00, 0x00, 0x00, 0x7F, 0xFE, 0x20
  0x00, 0x00, 0x00, 0x00, 0x5F, 0xFF, 0x40, 0x00, 0x00, 0x7F, 0xFE, 0x20, 0x00, 0x00, 0x00, 0x00, 0x00
  0x4F, 0xFF, 0x40, 0x00, 0x8F, 0xFD, 0x10, 0x00, 0x00, 0x00, 0x00, 0x00, 0x00, 0x3F, 0xFF, 0x50, 0x8F
  0xFD, 0x10, 0x00, 0x00, 0x00, 0x00, 0x00, 0x00, 0x00, 0x3E, 0xFF, 0x50, 0xAA, 0xAA, 0xAA, 0xAA, 0xAA
  0xAA, 0xAA, 0xAA, 0xAA, 0xAA, 0xAA, 0xAA, 0xAA, 0xAA, 0xFF, 0xFF, 0xFF, 0xFF, 0xFF, 0xFF, 0xFF, 0xFF
  0xFF, 0xFF, 0xFF, 0xFF, 0xFF, 0xFF, 0x03, 0x90, 0x00, 0x00, 0x00, 0x2F, 0xFA, 0x00, 0x00, 0x00, 0xBF
  0xFF, 0xA0, 0x00, 0x00, 0x4D, 0xFF, 0xFA, 0x00, 0x00, 0x00, 0x6E, 0xFF, 0x90, 0x00, 0x00, 0x00, 0x8F
  0xF8, 0x00, 0x00, 0x00, 0x01, 0x8F, 0x70, 0x00, 0x00, 0x00, 0x01, 0x80, 0x00, 0x00, 0x00, 0x00, 0x00
  0x00, 0x00, 0x00, 0x00, 0x00, 0x00, 0x00, 0x00, 0x00, 0x00, 0x00, 0x00, 0x00, 0x00, 0x00, 0x00, 0x00
  0x00, 0x00, 0x00, 0x00, 0x00, 0x00, 0x48, 0x00, 0x00, 0x00, 0x00, 0x00, 0x00, 0x00, 0x00, 0x00, 0x00
  0x00, 0x00, 0x00, 0x00, 0x00, 0x00, 0x00, 0x00, 0x9F, 0x10, 0x00, 0x00, 0x00, 0x00, 0x00, 0x00, 0x00
  0x00, 0x00, 0x00, 0x00, 0x00, 0x00, 0x00, 0x00, 0x00, 0x00, 0xFF, 0x80, 0x00, 0x00, 0x00, 0x00, 0x00
  0x00, 0x00, 0x00, 0x00, 0x00, 0x00, 0x00, 0x00, 0x00, 0x00, 0x00, 0x06, 0xFF, 0xE0, 0x00, 0x00, 0x00
  0x00, 0x00, 0x00, 0x00, 0x00, 0x00, 0x00, 0x00, 0x00, 0x00, 0x00, 0x00, 0x00, 0x0D, 0xFF, 0xF6, 0x00
  0x00, 0x00, 0x00, 0x00, 0x00, 0x00, 0x00, 0x00, 0x00, 0x00, 0x00, 0x00, 0x00, 0x00, 0x00, 0x4F, 0xFF
  0xFD, 0x00, 0x00, 0x00, 0x00, 0x00, 0x00, 0x00, 0x00, 0x00, 0x00, 0x00, 0x00, 0x00, 0x00, 0x00, 0x00
  0xCF, 0x8E, 0xFF, 0x50, 0x00, 0x00, 0x00, 0x00, 0x00, 0x00, 0x00, 0x00, 0x00, 0x00, 0x00, 0x00, 0x00
  0x00, 0x03, 0xFF, 0x27, 0xFF, 0xC0, 0x00, 0x00, 0x00, 0x00, 0x00, 0x00, 0x00, 0x00, 0x00, 0x00, 0x00
  0x00, 0x00, 0x00, 0x0A, 0xFB, 0x01, 0xFF, 0xF3, 0x00, 0x00, 0x00, 0x00, 0x00, 0x00, 0x00, 0x00, 0x00
  0x00, 0x00, 0x00, 0x00, 0x00, 0x2F, 0xF4, 0x00, 0xAF, 0xFA, 0x00, 0x00, 0x00, 0x00, 0x00, 0x00, 0x00
  0x00, 0x00, 0x00, 0x00, 0x00, 0x00, 0x00, 0x9F, 0xD0, 0x00, 0x4F, 0xFF, 0x20, 0x00, 0x00, 0x00, 0x00
  0x00, 0x00, 0x00, 0x00, 0x00, 0x00, 0x00, 0x00, 0x01, 0xFF, 0x60, 0x00, 0x0D, 0xFF, 0x80, 0x00, 0x00
  0x00, 0x00, 0x00, 0x00, 0x00, 0x00, 0x00, 0x00, 0x00, 0x00, 0x08, 0xFF, 0x00, 0x00, 0x07, 0xFF, 0xF0
  0x00, 0x00, 0x00, 0x00, 0x00, 0x00, 0x00, 0x00, 0x00, 0x00, 0x00, 0x00, 0x1F, 0xF9, 0x00, 0x00, 0x01
  0xFF, 0xF7, 0x00, 0x00, 0x00, 0x00, 0x00, 0x00, 0x00, 0x00, 0x00, 0x00, 0x00, 0x00, 0x7F, 0xF2, 0x00
  0x00, 0x00, 0xAF, 0xFE, 0x00, 0x00, 0x00, 0x00, 0x00, 0x00, 0x00, 0x00, 0x00, 0x00, 0x00, 0x00, 0xEF
  0xB0, 0x00, 0x00, 0x00, 0x3F, 0xFF, 0x50, 0x00, 0x00, 0x00, 0x00, 0x00, 0x00, 0x00, 0x00, 0x00, 0x00
  0x06, 0xFF, 0x40, 0x00, 0x00, 0x00, 0x0C, 0xFF, 0xC0, 0x00, 0x00, 0x00, 0x00, 0x00, 0x00, 0x00, 0x00
  0x00, 0x00, 0x0E, 0xFD, 0x00, 0x00, 0x00, 0x00, 0x06, 0xFF, 0xF4, 0x00, 0x00, 0x00, 0x00, 0x00, 0x00
  0x00, 0x00, 0x00, 0x00, 0x5F, 0xF6, 0x00, 0x00, 0x00, 0x00, 0x00, 0xFF, 0xFB, 0x00, 0x00, 0x00, 0x00
  0x00, 0x00, 0x00, 0x00, 0x00, 0x00, 0xDF, 0xF0, 0x00, 0x00, 0x00, 0x00, 0x00, 0x9F, 0xFF, 0x20, 0x00
  0x00, 0x00, 0x00, 0x00, 0x00, 0x00, 0x00, 0x04, 0xFF, 0x90, 0x00, 0x00, 0x00, 0x00, 0x00, 0x2F, 0xFF
  0x90, 0x00, 0x00, 0x00, 0x00, 0x00, 0x00, 0x00, 0x00, 0x0C, 0xFF, 0xFF, 0xFF, 0xFF, 0xFF, 0xFF, 0xFF
  0xFF, 0xFF, 0xF1, 0x00, 0x00, 0x00, 0x00, 0x00, 0x00, 0x00, 0x00, 0x3F, 0xFF, 0xAA, 0xAA, 0xAA, 0xAA
  0xAA, 0xAA, 0xAF, 0xFF, 0xF8, 0x00, 0x00, 0x00, 0x00, 0x00, 0x00, 0x00, 0x00, 0xBF, 0xF4, 0x00, 0x00
  0x00, 0x00, 0x00, 0x00, 0x00, 0xEF, 0xFE, 0x00, 0x00, 0x00, 0x00, 0x00, 0x00, 0x00, 0x02, 0xFF, 0xE0
  0x00, 0x00, 0x00, 0x00, 0x00, 0x00, 0x00, 0x8F, 0xFF, 0x60, 0x00, 0x00, 0x00, 0x00, 0x00, 0x00, 0x0A
  0xFF, 0x70, 0x00, 0x00, 0x00, 0x00, 0x00, 0x00, 0x00, 0x2F, 0xFF, 0xD0, 0x00, 0x00, 0x00, 0x00, 0x00
  0x00, 0x1F, 0xFF, 0x10, 0x00, 0x00, 0x00, 0x00, 0x00, 0x00, 0x00, 0x0B, 0xFF, 0xF4, 0x00, 0x00, 0x00
  0x00, 0x00, 0x00, 0x9F, 0xF9, 0x00, 0x00, 0x00, 0x00, 0x00, 0x00, 0x00, 0x00, 0x05, 0xFF, 0xFB, 0x00
  0x00, 0x00, 0x00, 0x00, 0x01, 0xFF, 0xF3, 0x00, 0x00, 0x00, 0x00, 0x00, 0x00, 0x00, 0x00, 0x00, 0xEF
  0xFF, 0x30, 0x00, 0x00, 0x00, 0x00, 0x08, 0xFF, 0xC0, 0x00, 0x00, 0x00, 0x00, 0x00, 0x00, 0x00, 0x00
  0x00, 0x8F, 0xFF, 0xA0, 0x00, 0x00, 0x00, 0x00, 0x3F, 0xFF, 0xA0, 0x00, 0x00, 0x00, 0x00, 0x00, 0x00
  0x00, 0x00, 0x00, 0x2F, 0xFF, 0xF6, 0x00, 0x00, 0x00, 0x01, 0xFF, 0xFF, 0x50, 0x00, 0x00, 0x00, 0x00
  0x00, 0x00, 0x00, 0x00, 0x00, 0x0F, 0xFF, 0xFF, 0x30, 0x00, 0x02, 0x7F, 0xFF, 0xFF, 0xE4, 0x10, 0x00
  0x00, 0x00, 0x00, 0x00, 0x00, 0x00, 0x03, 0xBF, 0xFF, 0xFF, 0xF8, 0x30, 0xAF, 0xFF, 0xFF, 0xFF, 0xFF
  0xC0, 0x00, 0x00, 0x00, 0x00, 0x00, 0x00, 0x00, 0x7F, 0xFF, 0xFF, 0xFF, 0xFF, 0xFB, 0xFF, 0xFF, 0xFF
  0xFF, 0xFF, 0xFF, 0xFE, 0xC9, 0x61, 0x00, 0x00, 0x00, 0x00, 0x01, 0x7F, 0xFF, 0xFF, 0xBA, 0xAA, 0xBD
  0xFF, 0xFF, 0xB2, 0x00, 0x00, 0x00, 0x00, 0x06, 0xFF, 0xFF, 0x10, 0x00, 0x00, 0x16, 0xEF, 0xFF, 0x70
  0x00, 0x00, 0x00, 0x01, 0xFF, 0xFF, 0x10, 0x00, 0x00, 0x00, 0x0C, 0xFF, 0xF6, 0x00, 0x00, 0x00, 0x00
  0xFF, 0xFF, 0x10, 0x00, 0x00, 0x00, 0x01, 0xEF, 0xFF, 0x20, 0x00, 0x00, 0x00, 0xFF, 0xFF, 0x10, 0x00
  0x00, 0x00, 0x00, 0x8F, 0xFF, 0x90, 0x00, 0x00, 0x00, 0xFF, 0xFF, 0x10, 0x00, 0x00, 0x00, 0x00, 0x3F
  0xFF, 0xD0, 0x00, 0x00, 0x00, 0xFF, 0xFF, 0x10, 0x00, 0x00, 0x00, 0x00, 0x2F, 0xFF, 0xF0, 0x00, 0x00
  0x00, 0xFF, 0xFF, 0x10, 0x00, 0x00, 0x00, 0x00, 0x1F, 0xFF, 0xF0, 0x00, 0x00, 0x00, 0xFF, 0xFF, 0x10
  0x00, 0x00, 0x00, 0x00, 0x3F, 0xFF, 0xD0, 0x00, 0x00, 0x00, 0xFF, 0xFF, 0x10, 0x00, 0x00, 0x00, 0x00
  0x6F, 0xFF, 0x70, 0x00, 0x00, 0x00, 0xFF, 0xFF, 0x10, 0x00, 0x00, 0x00, 0x00, 0xCF, 0xFE, 0x10, 0x00
  0x00, 0x00, 0xFF, 0xFF, 0x10, 0x00, 0x00, 0x00, 0x08, 0xFF, 0xF3, 0x00, 0x00, 0x00, 0x00, 0xFF, 0xFF
  0x10, 0x00, 0x00, 0x01, 0x9F, 0xFE, 0x30, 0x00, 0x00, 0x00, 0x00, 0xFF, 0xFF, 0x10, 0x02, 0x36, 0xAF
  0xFD, 0x70, 0x00, 0x00, 0x00, 0x00, 0x00, 0xFF, 0xFF, 0x15, 0xFF, 0xFF, 0xFF, 0xFC, 0x95, 0x00, 0x00
  0x00, 0x00, 0x00, 0xFF, 0xFF, 0x10, 0x01, 0x23, 0x69, 0xDF, 0xFF, 0xD6, 0x00, 0x00, 0x00, 0x00, 0xFF
  0xFF, 0x10, 0x00, 0x00, 0x00, 0x03, 0xCF, 0xFF, 0xA0, 0x00, 0x00, 0x00, 0xFF, 0xFF, 0x10, 0x00, 0x00
  0x00, 0x00, 0x07, 0xFF, 0xFC, 0x00, 0x00, 0x00, 0xFF, 0xFF, 0x10, 0x00, 0x00, 0x00, 0x00, 0x00, 0x7F
  0xFF, 0xA0, 0x00, 0x00, 0xFF, 0xFF, 0x10, 0x00, 0x00, 0x00, 0x00, 0x00, 0x0C, 0xFF, 0xF3, 0x00, 0x00
  0xFF, 0xFF, 0x10, 0x00, 0x00, 0x00, 0x00, 0x00, 0x06, 0xFF, 0xFA, 0x00, 0x00, 0xFF, 0xFF, 0x10, 0x00
  0x00, 0x00, 0x00, 0x00, 0x02, 0xFF, 0xFE, 0x00, 0x00, 0xFF, 0xFF, 0x10, 0x00, 0x00, 0x00, 0x00, 0x00
  0x01, 0xFF, 0xFF, 0x00, 0x00, 0xFF, 0xFF, 0x10, 0x00, 0x00, 0x00, 0x00, 0x00, 0x01, 0xFF, 0xFF, 0x00
  0x00, 0xFF, 0xFF, 0x10, 0x00, 0x00, 0x00, 0x00, 0x00, 0x03, 0xFF, 0xFD, 0x00, 0x00, 0xFF, 0xFF, 0x10
  0x00, 0x00, 0x00, 0x00, 0x00, 0x06, 0xFF, 0xF9, 0x00, 0x00, 0xFF, 0xFF, 0x10, 0x00, 0x00, 0x00, 0x00
  0x00, 0x0C, 0xFF, 0xF3, 0x00, 0x00, 0xFF, 0xFF, 0x10, 0x00, 0x00, 0x00, 0x00, 0x00, 0x7F, 0xFF, 0xA0
  0x00, 0x01, 0xFF, 0xFF, 0x10, 0x00, 0x00, 0x00, 0x00, 0x07, 0xFF, 0xFC, 0x00, 0x00, 0x08, 0xFF, 0xFF
  0x10, 0x00, 0x00, 0x00, 0x15, 0xCF, 0xFF, 0xA0, 0x00, 0x13, 0x9F, 0xFF, 0xFF, 0xCB, 0xBB, 0xBB, 0xCD
  0xFF, 0xFF, 0xB4, 0x00, 0x00, 0xEF, 0xFF, 0xFF, 0xFF, 0xFF, 0xFF, 0xFF, 0xED, 0xC9, 0x61, 0x00, 0x00
  0x00, 0x00, 0x00, 0x00, 0x00, 0x00, 0x00, 0x03, 0x68, 0x9A, 0x98, 0x76, 0x30, 0x00, 0x00, 0x00, 0x00
  0x00, 0x00, 0x00, 0x00, 0x00, 0x00, 0x6B, 0xFF, 0xFF, 0xFF, 0xFF, 0xFF, 0xFF, 0xD8, 0x30, 0x00, 0x00
  0x00, 0x00, 0x00, 0x00, 0x01, 0x8F, 0xFF, 0xFA, 0x63, 0x10, 0x01, 0x25, 0x8D, 0xFF, 0xFE, 0x70, 0x00
  0x00, 0x00, 0x00, 0x00, 0x5E, 0xFF, 0xE7, 0x00, 0x00, 0x00, 0x00, 0x00, 0x00, 0x29, 0xFF, 0xFE, 0x60
  0x00, 0x00, 0x00, 0x08, 0xFF, 0xFB, 0x10, 0x00, 0x00, 0x00, 0x00, 0x00, 0x00, 0x00, 0x2C, 0xFF, 0xE0
  0x00, 0x00, 0x00, 0x9F, 0xFF, 0x90, 0x00, 0x00, 0x00, 0x00, 0x00, 0x00, 0x00, 0x00, 0x00, 0xAF, 0xF1
  0x00, 0x00, 0x07, 0xFF, 0xFA, 0x00, 0x00, 0x00, 0x00, 0x00, 0x00, 0x00, 0x00, 0x00, 0x00, 0x0C, 0xF3
  0x00, 0x00, 0x3F, 0xFF, 0xD0, 0x00, 0x00, 0x00, 0x00, 0x00, 0x00, 0x00, 0x00, 0x00, 0x00, 0x01, 0xF6
  0x00, 0x00, 0xDF, 0xFF, 0x40, 0x00, 0x00, 0x00, 0x00, 0x00, 0x00, 0x00, 0x00, 0x00, 0x00, 0x00, 0x88
  0x00, 0x05, 0xFF, 0xFB, 0x00, 0x00, 0x00, 0x00, 0x00, 0x00, 0x00, 0x00, 0x00, 0x00, 0x00, 0x00, 0x1B
  0x00, 0x0C, 0xFF, 0xF4, 0x00, 0x00, 0x00, 0x00, 0x00, 0x00, 0x00, 0x00, 0x00, 0x00, 0x00, 0x00, 0x0A
  0x00, 0x1F, 0xFF, 0xE0, 0x00, 0x00, 0x00, 0x00, 0x00, 0x00, 0x00, 0x00, 0x00, 0x00, 0x00, 0x00, 0x04
  0x00, 0x6F, 0xFF, 0xA0, 0x00, 0x00, 0x00, 0x00, 0x00, 0x00, 0x00, 0x00, 0x00, 0x00, 0x00, 0x00, 0x00
  0x00, 0x9F, 0xFF, 0x70, 0x00, 0x00, 0x00, 0x00, 0x00, 0x00, 0x00, 0x00, 0x00, 0x00, 0x00, 0x00, 0x00
  0x00, 0xCF, 0xFF, 0x40, 0x00, 0x00, 0x00, 0x00, 0x00, 0x00, 0x00, 0x00, 0x00, 0x00, 0x00, 0x00, 0x00
  0x00, 0xEF, 0xFF, 0x20, 0x00, 0x00, 0x00, 0x00, 0x00, 0x00, 0x00, 0x00, 0x00, 0x00, 0x00, 0x00, 0x00
  0x00, 0xFF, 0xFF, 0x10, 0x00, 0x00, 0x00, 0x00, 0x00, 0x00, 0x00, 0x00, 0x00, 0x00, 0x00, 0x00, 0x00
  0x00, 0xFF, 0xFF, 0x10, 0x00, 0x00, 0x00, 0x00, 0x00, 0x00, 0x00, 0x00, 0x00, 0x00, 0x00, 0x00, 0x00
  0x00, 0xFF, 0xFF, 0x10, 0x00, 0x00, 0x00, 0x00, 0x00, 0x00, 0x00, 0x00, 0x00, 0x00, 0x00, 0x00, 0x00
  0x00, 0xEF, 0xFF, 0x20, 0x00, 0x00, 0x00, 0x00, 0x00, 0x00, 0x00, 0x00, 0x00, 0x00, 0x00, 0x00, 0x00
  0x00, 0xDF, 0xFF, 0x30, 0x00, 0x00, 0x00, 0x00, 0x00, 0x00, 0x00, 0x00, 0x00, 0x00, 0x00, 0x00, 0x00
  0x06, 0xAF, 0xFF, 0x60, 0x00, 0x00, 0x00, 0x00, 0x00, 0x00, 0x00, 0x00, 0x00, 0x00, 0x00, 0x00, 0x00
  0x19, 0x7F, 0xFF, 0x90, 0x00, 0x00, 0x00, 0x00, 0x00, 0x00, 0x00, 0x00, 0x00, 0x00, 0x00, 0x00, 0x00
  0x27, 0x3F, 0xFF, 0xD0, 0x00, 0x00, 0x00, 0x00, 0x00, 0x00, 0x00, 0x00, 0x00, 0x00, 0x00, 0x00, 0x00
  0x56, 0x0E, 0xFF, 0xF2, 0x00, 0x00, 0x00, 0x00, 0x00, 0x00, 0x00, 0x00, 0x00, 0x00, 0x00, 0x00, 0x00
  0x85, 0x07, 0xFF, 0xF9, 0x00, 0x00, 0x00, 0x00, 0x00, 0x00, 0x00, 0x00, 0x00, 0x00, 0x00, 0x00, 0x00
  0xE4, 0x01, 0xFF, 0xFF, 0x10, 0x00, 0x00, 0x00, 0x00, 0x00, 0x00, 0x00, 0x00, 0x00, 0x00, 0x00, 0x05
  0xF2, 0x00, 0x6F, 0xFF, 0xA0, 0x00, 0x00, 0x00, 0x00, 0x00, 0x00, 0x00, 0x00, 0x00, 0x00, 0x00, 0x0E
  0xF1, 0x00, 0x0C, 0xFF, 0xF5, 0x00, 0x00, 0x00, 0x00, 0x00, 0x00, 0x00, 0x00, 0x00, 0x00, 0x00, 0xBF
  0x90, 0x00, 0x01, 0xDF, 0xFF, 0x40, 0x00, 0x00, 0x00, 0x00, 0x00, 0x00, 0x00, 0x00, 0x00, 0x09, 0xFC
  0x00, 0x00, 0x00, 0x1D, 0xFF, 0xF6, 0x00, 0x00, 0x00, 0x00, 0x00, 0x00, 0x00, 0x00, 0x01, 0xBF, 0xB0
  0x00, 0x00, 0x00, 0x00, 0xBF, 0xFF, 0xB2, 0x00, 0x00, 0x00, 0x00, 0x00, 0x00, 0x00, 0x7E, 0xF8, 0x00
  0x00, 0x00, 0x00, 0x00, 0x05, 0xEF, 0xFF, 0xA5, 0x10, 0x00, 0x00, 0x00, 0x15, 0xAF, 0xFC, 0x30, 0x00
  0x00, 0x00, 0x00, 0x00, 0x00, 0x05, 0xCF, 0xFF, 0xFE, 0xBB, 0xAB, 0xCE, 0xFF, 0xFA, 0x40, 0x00, 0x00
  0x00, 0x00, 0x00, 0x00, 0x00, 0x00, 0x01, 0x59, 0xBD, 0xEF, 0xFE, 0xDB, 0x84, 0x00, 0x00, 0x00, 0x00
  0x00, 0xDF, 0xFF, 0xFF, 0xFF, 0xFF, 0xFF, 0xFF, 0xFF, 0xFF, 0xFF, 0xED, 0xA8, 0x40, 0x00, 0x00, 0x00
  0x00, 0x00, 0x00, 0x17, 0xFF, 0xFF, 0xFB, 0xAA, 0xAA, 0xAA, 0xAA, 0xAA, 0xBD, 0xEF, 0xFF, 0xF9, 0x30
  0x00, 0x00, 0x00, 0x00, 0x00, 0x07, 0xFF, 0xFF, 0x10, 0x00, 0x00, 0x00, 0x00, 0x00, 0x00, 0x27, 0xDF
  0xFF, 0xA1, 0x00, 0x00, 0x00, 0x00, 0x00, 0x1F, 0xFF, 0xF1, 0x00, 0x00, 0x00, 0x00, 0x00, 0x00, 0x00
  0x00, 0x6E, 0xFF, 0xF5, 0x00, 0x00, 0x00, 0x00, 0x00, 0xFF, 0xFF, 0x10, 0x00, 0x00, 0x00, 0x00, 0x00
  0x00, 0x00, 0x00, 0x1C, 0xFF, 0xF7, 0x00, 0x00, 0x00, 0x00, 0x0F, 0xFF, 0xF1, 0x00, 0x00, 0x00, 0x00
  0x00, 0x00, 0x00, 0x00, 0x00, 0x0B, 0xFF, 0xF6, 0x00, 0x00, 0x00, 0x00, 0xFF, 0xFF, 0x10, 0x00, 0x00
  0x00, 0x00, 0x00, 0x00, 0x00, 0x00, 0x00, 0x1E, 0xFF, 0xF2, 0x00, 0x00, 0x00, 0x0F, 0xFF, 0xF1, 0x00
  0x00, 0x00, 0x00, 0x00, 0x00, 0x00, 0x00, 0x00, 0x00, 0x4F, 0xFF, 0xD0, 0x00, 0x00, 0x00, 0xFF, 0xFF
  0x10, 0x00, 0x00, 0x00, 0x00, 0x00, 0x00, 0x00, 0x00, 0x00, 0x00, 0xBF, 0xFF, 0x50, 0x00, 0x00, 0x0F
  0xFF, 0xF1, 0x00, 0x00, 0x00, 0x00, 0x00, 0x00, 0x00, 0x00, 0x00, 0x00, 0x04, 0xFF, 0xFC, 0x00, 0x00
  0x00, 0xFF, 0xFF, 0x10, 0x00, 0x00, 0x00, 0x00, 0x00, 0x00, 0x00, 0x00, 0x00, 0x00, 0x0D, 0xFF, 0xF2
  0x00, 0x00, 0x0F, 0xFF, 0xF1, 0x00, 0x00, 0x00, 0x00, 0x00, 0x00, 0x00, 0x00, 0x00, 0x00, 0x00, 0xAF
  0xFF, 0x70, 0x00, 0x00, 0xFF, 0xFF, 0x10, 0x00, 0x00, 0x00, 0x00, 0x00, 0x00, 0x00, 0x00, 0x00, 0x00
  0x06, 0xFF, 0xFA, 0x00, 0x00, 0x0F, 0xFF, 0xF1, 0x00, 0x00, 0x00, 0x00, 0x00, 0x00, 0x00, 0x00, 0x00
  0x00, 0x00, 0x3F, 0xFF, 0xD0, 0x00, 0x00, 0xFF, 0xFF, 0x10, 0x00, 0x00, 0x00, 0x00, 0x00, 0x00, 0x00
  0x00, 0x00, 0x00, 0x02, 0xFF, 0xFF, 0x00, 0x00, 0x0F, 0xFF, 0xF1, 0x00, 0x00, 0x00, 0x00, 0x00, 0x00
  0x00, 0x00, 0x00, 0x00, 0x00, 0x1F, 0xFF, 0xF0, 0x00, 0x00, 0xFF, 0xFF, 0x10, 0x00, 0x00, 0x00, 0x00
  0x00, 0x00, 0x00, 0x00, 0x00, 0x00, 0x00, 0xFF, 0xFF, 0x00, 0x00, 0x0F, 0xFF, 0xF1, 0x00, 0x00, 0x00
  0x00, 0x00, 0x00, 0x00, 0x00, 0x00, 0x00, 0x00, 0x1F, 0xFF, 0xF0, 0x00, 0x00, 0xFF, 0xFF, 0x10, 0x00
  0x00, 0x00, 0x00, 0x00, 0x00, 0x00, 0x00, 0x00, 0x00, 0x02, 0xFF, 0xFF, 0x00, 0x00, 0x0F, 0xFF, 0xF1
  0x00, 0x00, 0x00, 0x00, 0x00, 0x00, 0x00, 0x00, 0x00, 0x00, 0x00, 0x3F, 0xFF, 0xD0, 0x00, 0x00, 0xFF
  0xFF, 0x10, 0x00, 0x00, 0x00, 0x00, 0x00, 0x00, 0x00, 0x00, 0x00, 0x00, 0x06, 0xFF, 0xFA, 0x00, 0x00
  0x0F, 0xFF, 0xF1, 0x00, 0x00, 0x00, 0x00, 0x00, 0x00, 0x00, 0x00, 0x00, 0x00, 0x00, 0xAF, 0xFF, 0x70
  0x00, 0x00, 0xFF, 0xFF, 0x10, 0x00, 0x00, 0x00, 0x00, 0x00, 0x00, 0x00, 0x00, 0x00, 0x00, 0x0E, 0xFF
  0xF2, 0x00, 0x00, 0x0F, 0xFF, 0xF1, 0x00, 0x00, 0x00, 0x00, 0x00, 0x00, 0x00, 0x00, 0x00, 0x00, 0x04
  0xFF, 0xFC, 0x00, 0x00, 0x00, 0xFF, 0xFF, 0x10, 0x00, 0x00, 0x00, 0x00, 0x00, 0x00, 0x00, 0x00, 0x00
  0x00, 0xBF, 0xFF, 0x40, 0x00, 0x00, 0x0F, 0xFF, 0xF1, 0x00, 0x00, 0x00, 0x00, 0x00, 0x00, 0x00, 0x00
  0x00, 0x00, 0x4F, 0xFF, 0xC0, 0x00, 0x00, 0x00, 0xFF, 0xFF, 0x10, 0x00, 0x00, 0x00, 0x00, 0x00, 0x00
  0x00, 0x00, 0x00, 0x1E, 0xFF, 0xF2, 0x00, 0x00, 0x00, 0x0F, 0xFF, 0xF1, 0x00, 0x00, 0x00, 0x00, 0x00
  0x00, 0x00, 0x00, 0x00, 0x0B, 0xFF, 0xF5, 0x00, 0x00, 0x00, 0x00, 0xFF, 0xFF, 0x10, 0x00, 0x00, 0x00
  0x00, 0x00, 0x00, 0x00, 0x00, 0x1C, 0xFF, 0xF6, 0x00, 0x00, 0x00, 0x00, 0x2F, 0xFF, 0xF1, 0x00, 0x00
  0x00, 0x00, 0x00, 0x00, 0x00, 0x00, 0x6E, 0xFF, 0xE4, 0x00, 0x00, 0x00, 0x00, 0x09, 0xFF, 0xFF, 0x10
  0x00, 0x00, 0x00, 0x00, 0x00, 0x00, 0x38, 0xDF, 0xFF, 0x91, 0x00, 0x00, 0x00, 0x00, 0x29, 0xFF, 0xFF
  0xFC, 0xBB, 0xBB, 0xBB, 0xBB, 0xBB, 0xCD, 0xFF, 0xFF, 0xE8, 0x20, 0x00, 0x00, 0x00, 0x00, 0xCF, 0xFF
  0xFF, 0xFF, 0xFF, 0xFF, 0xFF, 0xFF, 0xFF, 0xEE, 0xDC, 0x97, 0x30, 0x00, 0x00, 0x00, 0x00, 0x00, 0x00
  0x00, 0x00, 0x00, 0x00, 0x00, 0x00, 0x00, 0x00, 0x01, 0x24, 0x7B, 0x00, 0x0F, 0xFF, 0xFF, 0xFF, 0xFF
  0xFF, 0xFF, 0xFF, 0xFF, 0xFF, 0xFF, 0xF0, 0x00, 0x01, 0x7F, 0xFF, 0xFF, 0xBA, 0xAA, 0xAA, 0xAA, 0xAA
  0xBE, 0xFF, 0x00, 0x00, 0x00, 0x5F, 0xFF, 0xF1, 0x00, 0x00, 0x00, 0x00, 0x00, 0x0B, 0xF0, 0x00, 0x00
  0x00, 0xFF, 0xFF, 0x10, 0x00, 0x00, 0x00, 0x00, 0x00, 0x2F, 0x00, 0x00, 0x00, 0x0F, 0xFF, 0xF1, 0x00
  0x00, 0x00, 0x00, 0x00, 0x00, 0xF0, 0x00, 0x00, 0x00, 0xFF, 0xFF, 0x10, 0x00, 0x00, 0x00, 0x00, 0x00
  0x03, 0x00, 0x00, 0x00, 0x0F, 0xFF, 0xF1, 0x00, 0x00, 0x00, 0x00, 0x00, 0x00, 0x00, 0x00, 0x00, 0x00
  0xFF, 0xFF, 0x10, 0x00, 0x00, 0x00, 0x00, 0x00, 0x00, 0x00, 0x00, 0x00, 0x0F, 0xFF, 0xF1, 0x00, 0x00
  0x00, 0x00, 0x00, 0x00, 0x00, 0x00, 0x00, 0x00, 0xFF, 0xFF, 0x10, 0x00, 0x00, 0x00, 0x00, 0x00, 0x00
  0x00, 0x00, 0x00, 0x0F, 0xFF, 0xF1, 0x00, 0x00, 0x00, 0x00, 0x00, 0x00, 0x00, 0x00, 0x00, 0x00, 0xFF
  0xFF, 0x10, 0x00, 0x00, 0x00, 0x00, 0x00, 0x00, 0x00, 0x00, 0x00, 0x0F, 0xFF, 0xF1, 0x00, 0x00, 0x00
  0x00, 0x00, 0xA0, 0x00, 0x00, 0x00, 0x00, 0xFF, 0xFF, 0x10, 0x00, 0x00, 0x00, 0x00, 0x1F, 0x00, 0x00
  0x00, 0x00, 0x0F, 0xFF, 0xF1, 0x00, 0x00, 0x00, 0x00, 0x07, 0xF0, 0x00, 0x00, 0x00, 0x00, 0xFF, 0xFF
  0xBA, 0xAA, 0xAA, 0xAA, 0xAE, 0xFF, 0x00, 0x00, 0x00, 0x00, 0x0F, 0xFF, 0xFF, 0xFF, 0xFF, 0xFF, 0xFF
  0xFF, 0xF0, 0x00, 0x00, 0x00, 0x00, 0xFF, 0xFF, 0x10, 0x00, 0x00, 0x00, 0x01, 0xBF, 0x00, 0x00, 0x00
  0x00, 0x0F, 0xFF, 0xF1, 0x00, 0x00, 0x00, 0x00, 0x02, 0xF0, 0x00, 0x00, 0x00, 0x00, 0xFF, 0xFF, 0x10
  0x00, 0x00, 0x00, 0x00, 0x0F, 0x00, 0x00, 0x00, 0x00, 0x0F, 0xFF, 0xF1, 0x00, 0x00, 0x00, 0x00, 0x00
  0x10, 0x00, 0x00, 0x00, 0x00, 0xFF, 0xFF, 0x10, 0x00, 0x00, 0x00, 0x00, 0x00, 0x00, 0x00, 0x00, 0x00
  0x0F, 0xFF, 0xF1, 0x00, 0x00, 0x00, 0x00, 0x00, 0x00, 0x00, 0x00, 0x00, 0x00, 0xFF, 0xFF, 0x10, 0x00
  0x00, 0x00, 0x00, 0x00, 0x00, 0x00, 0x00, 0x00, 0x0F, 0xFF, 0xF1, 0x00, 0x00, 0x00, 0x00, 0x00, 0x00
  0x00, 0x00, 0x00, 0x00, 0xFF, 0xFF, 0x10, 0x00, 0x00, 0x00, 0x00, 0x00, 0x00, 0x00, 0x90, 0x00, 0x0F
  0xFF, 0xF1, 0x00, 0x00, 0x00, 0x00, 0x00, 0x00, 0x00, 0x28, 0x00, 0x00, 0xFF, 0xFF, 0x10, 0x00, 0x00
  0x00, 0x00, 0x00, 0x00, 0x0B, 0x20, 0x00, 0x0F, 0xFF, 0xF1, 0x00, 0x00, 0x00, 0x00, 0x00, 0x00, 0x06
  0xC0, 0x00, 0x00, 0xFF, 0xFF, 0x10, 0x00, 0x00, 0x00, 0x00, 0x00, 0x06, 0xF6, 0x00, 0x00, 0x5F, 0xFF
  0xF1, 0x00, 0x00, 0x00, 0x00, 0x00, 0x4B, 0xFF, 0x10, 0x02, 0x7F, 0xFF, 0xFF, 0xCB, 0xBB, 0xBB, 0xBF
  0xFF, 0xFF, 0xFF, 0xA0, 0x0E, 0xFF, 0xFF, 0xFF, 0xFF, 0xFF, 0xFF, 0xFF, 0xFF, 0xFF, 0xFF, 0xF4, 0x00
  0x00, 0x00, 0x00, 0x00, 0x00, 0x00, 0x00, 0x00, 0x01, 0x13, 0x58, 0xBF, 0xFF, 0xFF, 0xFF, 0xFF, 0xFF
  0xFF, 0xFF, 0xFF, 0xFF, 0xFF, 0xFF, 0x01, 0x7F, 0xFF, 0xFF, 0xBA, 0xAA, 0xAA, 0xAA, 0xAA, 0xAB, 0xEF
  0xF0, 0x00, 0x6F, 0xFF, 0xF1, 0x00, 0x00, 0x00, 0x00, 0x00, 0x00, 0xBF, 0x00, 0x00, 0xFF, 0xFF, 0x10
  0x00, 0x00, 0x00, 0x00, 0x00, 0x02, 0xF0, 0x00, 0x0F, 0xFF, 0xF1, 0x00, 0x00, 0x00, 0x00, 0x00, 0x00
  0x0F, 0x00, 0x00, 0xFF, 0xFF, 0x10, 0x00, 0x00, 0x00, 0x00, 0x00, 0x00, 0x30, 0x00, 0x0F, 0xFF, 0xF1
  0x00, 0x00, 0x00, 0x00, 0x00, 0x00, 0x00, 0x00, 0x00, 0xFF, 0xFF, 0x10, 0x00, 0x00, 0x00, 0x00, 0x00
  0x00, 0x00, 0x00, 0x0F, 0xFF, 0xF1, 0x00, 0x00, 0x00, 0x00, 0x00, 0x00, 0x00, 0x00, 0x00, 0xFF, 0xFF
  0x10, 0x00, 0x00, 0x00, 0x00, 0x00, 0x00, 0x00, 0x00, 0x0F, 0xFF, 0xF1, 0x00, 0x00, 0x00, 0x00, 0x00
  0x00, 0x00, 0x00, 0x00, 0xFF, 0xFF, 0x10, 0x00, 0x00, 0x00, 0x00, 0x00, 0x00, 0x00, 0x00, 0x0F, 0xFF
  0xF1, 0x00, 0x00, 0x00, 0x00, 0x00, 0xA0, 0x00, 0x00, 0x00, 0xFF, 0xFF, 0x10, 0x00, 0x00, 0x00, 0x00
  0x0F, 0x00, 0x00, 0x00, 0x0F, 0xFF, 0xF1, 0x00, 0x00, 0x00, 0x00, 0x07, 0xF0, 0x00, 0x00, 0x00, 0xFF
  0xFF, 0xBA, 0xAA, 0xAA, 0xAA, 0xAD, 0xFF, 0x00, 0x00, 0x00, 0x0F, 0xFF, 0xFF, 0xFF, 0xFF, 0xFF, 0xFF
  0xFF, 0xF0, 0x00, 0x00, 0x00, 0xFF, 0xFF, 0x10, 0x00, 0x00, 0x00, 0x01, 0xBF, 0x00, 0x00, 0x00, 0x0F
  0xFF, 0xF1, 0x00, 0x00, 0x00, 0x00, 0x02, 0xF0, 0x00, 0x00, 0x00, 0xFF, 0xFF, 0x10, 0x00, 0x00, 0x00
  0x00, 0x0F, 0x00, 0x00, 0x00, 0x0F, 0xFF, 0xF1, 0x00, 0x00, 0x00, 0x00, 0x00, 0x00, 0x00, 0x00, 0x00
  0xFF, 0xFF, 0x10, 0x00, 0x00, 0x00, 0x00, 0x00, 0x00, 0x00, 0x00, 0x0F, 0xFF, 0xF1, 0x00, 0x00, 0x00
  0x00, 0x00, 0x00, 0x00, 0x00, 0x00, 0xFF, 0xFF, 0x10, 0x00, 0x00, 0x00, 0x00, 0x00, 0x00, 0x00, 0x00
  0x0F, 0xFF, 0xF1, 0x00, 0x00, 0x00, 0x00, 0x00, 0x00, 0x00, 0x00, 0x00, 0xFF, 0xFF, 0x10, 0x00, 0x00
  0x00, 0x00, 0x00, 0x00, 0x00, 0x00, 0x0F, 0xFF, 0xF1, 0x00, 0x00, 0x00, 0x00, 0x00, 0x00, 0x00, 0x00
  0x00, 0xFF, 0xFF, 0x10, 0x00, 0x00, 0x00, 0x00, 0x00, 0x00, 0x00, 0x00, 0x0F, 0xFF, 0xF1, 0x00, 0x00
  0x00, 0x00, 0x00, 0x00, 0x00, 0x00, 0x01, 0xFF, 0xFF, 0x10, 0x00, 0x00, 0x00, 0x00, 0x00, 0x00, 0x00
  0x00, 0x8F, 0xFF, 0xF8, 0x00, 0x00, 0x00, 0x00, 0x00, 0x00, 0x00, 0x13, 0x9F, 0xFF, 0xFF, 0xF8, 0x20
  0x00, 0x00, 0x00, 0x00, 0x00, 0x0F, 0xFF, 0xFF, 0xFF, 0xFF, 0xFF, 0xB0, 0x00, 0x00, 0x00, 0x00, 0x00
  0x00, 0x00, 0x00, 0x00, 0x00, 0x00, 0x03, 0x58, 0x9A, 0xA9, 0x87, 0x52, 0x00, 0x00, 0x00, 0x00, 0x00
  0x00, 0x00, 0x00, 0x00, 0x00, 0x00, 0x00, 0x5B, 0xFF, 0xFF, 0xFF, 0xFF, 0xFF, 0xFF, 0xFB, 0x61, 0x00
  0x00, 0x00, 0x00, 0x00, 0x00, 0x00, 0x00, 0x00, 0x7E, 0xFF, 0xFB, 0x63, 0x10, 0x00, 0x23, 0x6A, 0xFF
  0xFF, 0xA2, 0x00, 0x00, 0x00, 0x00, 0x00, 0x00, 0x00, 0x4D, 0xFF, 0xF8, 0x10, 0x00, 0x00, 0x00, 0x00
  0x00, 0x06, 0xDF, 0xFF, 0x90, 0x00, 0x00, 0x00, 0x00, 0x00, 0x07, 0xFF, 0xFC, 0x10, 0x00, 0x00, 0x00
  0x00, 0x00, 0x00, 0x00, 0x09, 0xFF, 0xF0, 0x00, 0x00, 0x00, 0x00, 0x00, 0x7F, 0xFF, 0xA0, 0x00, 0x00
  0x00, 0x00, 0x00, 0x00, 0x00, 0x00, 0x00, 0x7F, 0xF2, 0x00, 0x00, 0x00, 0x00, 0x06, 0xFF, 0xFB, 0x00
  0x00, 0x00, 0x00, 0x00, 0x00, 0x00, 0x00, 0x00, 0x00, 0x09, 0xF5, 0x00, 0x00, 0x00, 0x00, 0x2F, 0xFF
  0xD0, 0x00, 0x00, 0x00, 0x00, 0x00, 0x00, 0x00, 0x00, 0x00, 0x00, 0x00, 0xE8, 0x00, 0x00, 0x00, 0x00
  0xCF, 0xFF, 0x40, 0x00, 0x00, 0x00, 0x00, 0x00, 0x00, 0x00, 0x00, 0x00, 0x00, 0x00, 0x6A, 0x00, 0x00
  0x00, 0x04, 0xFF, 0xFB, 0x00, 0x00, 0x00, 0x00, 0x00, 0x00, 0x00, 0x00, 0x00, 0x00, 0x00, 0x00, 0x0C
  0x00, 0x00, 0x00, 0x0B, 0xFF, 0xF5, 0x00, 0x00, 0x00, 0x00, 0x00, 0x00, 0x00, 0x00, 0x00, 0x00, 0x00
  0x00, 0x0A, 0x00, 0x00, 0x00, 0x1F, 0xFF, 0xF0, 0x00, 0x00, 0x00, 0x00, 0x00, 0x00, 0x00, 0x00, 0x00
  0x00, 0x00, 0x00, 0x01, 0x00, 0x00, 0x00, 0x6F, 0xFF, 0xA0, 0x00, 0x00, 0x00, 0x00, 0x00, 0x00, 0x00
  0x00, 0x00, 0x00, 0x00, 0x00, 0x00, 0x00, 0x00, 0x00, 0x9F, 0xFF, 0x70, 0x00, 0x00, 0x00, 0x00, 0x00
  0x00, 0x00, 0x00, 0x00, 0x00, 0x00, 0x00, 0x00, 0x00, 0x00, 0x00, 0xCF, 0xFF, 0x40, 0x00, 0x00, 0x00
  0x00, 0x00, 0x00, 0x00, 0x00, 0x00, 0x00, 0x00, 0x00, 0x00, 0x00, 0x00, 0x00, 0xEF, 0xFF, 0x20, 0x00
  0x00, 0x00, 0x00, 0x00, 0x00, 0x00, 0x00, 0x00, 0x00, 0x00, 0x00, 0x00, 0x00, 0x00, 0x00, 0xFF, 0xFF
  0x10, 0x00, 0x00, 0x00, 0x00, 0x00, 0x00, 0x00, 0x00, 0x00, 0x00, 0x00, 0x00, 0x00, 0x00, 0x00, 0x00
  0xFF, 0xFF, 0x10, 0x00, 0x00, 0x00, 0x00, 0x00, 0x00, 0x00, 0x00, 0x00, 0x00, 0x00, 0x00, 0x00, 0x00
  0x00, 0x00, 0xFF, 0xFF, 0x10, 0x00, 0x00, 0x00, 0x00, 0x00, 0x00, 0x00, 0x00, 0x00, 0x00, 0x5F, 0xFF
  0xFF, 0xFF, 0xFF, 0xF3, 0xEF, 0xFF, 0x20, 0x00, 0x00, 0x00, 0x00, 0x00, 0x00, 0x00, 0x00, 0x00, 0x00
  0x00, 0x3C, 0xFF, 0xFF, 0xB2, 0x00, 0xDF, 0xFF, 0x30, 0x00, 0x00, 0x00, 0x00, 0x00, 0x00, 0x00, 0x00
  0x00, 0x00, 0x00, 0x03, 0xFF, 0xFF, 0x20, 0x00, 0xAF, 0xFF, 0x60, 0x00, 0x00, 0x00, 0x00, 0x00, 0x00
  0x00, 0x00, 0x00, 0x00, 0x00, 0x01, 0xFF, 0xFF, 0x00, 0x00, 0x7F, 0xFF, 0x90, 0x00, 0x00, 0x00, 0x00
  0x00, 0x00, 0x00, 0x00, 0x00, 0x00, 0x00, 0x01, 0xFF, 0xFF, 0x00, 0x00, 0x2F, 0xFF, 0xD0, 0x00, 0x00
  0x00, 0x00, 0x00, 0x00, 0x00, 0x00, 0x00, 0x00, 0x00, 0x01, 0xFF, 0xFF, 0x00, 0x00, 0x0D, 0xFF, 0xF2
  0x00, 0x00, 0x00, 0x00, 0x00, 0x00, 0x00, 0x00, 0x00, 0x00, 0x00, 0x01, 0xFF, 0xFF, 0x00, 0x00, 0x06
  0xFF, 0xF9, 0x00, 0x00, 0x00, 0x00, 0x00, 0x00, 0x00, 0x00, 0x00, 0x00, 0x00, 0x01, 0xFF, 0xFF, 0x00
  0x00, 0x00, 0xEF, 0xFF, 0x10, 0x00, 0x00, 0x00, 0x00, 0x00, 0x00, 0x00, 0x00, 0x00, 0x00, 0x01, 0xFF
  0xFF, 0x00, 0x00, 0x00, 0x5F, 0xFF, 0xA0, 0x00, 0x00, 0x00, 0x00, 0x00, 0x00, 0x00, 0x00, 0x00, 0x00
  0x01, 0xFF, 0xFF, 0x00, 0x00, 0x00, 0x0A, 0xFF, 0xF6, 0x00, 0x00, 0x00, 0x00, 0x00, 0x00, 0x00, 0x00
  0x00, 0x00, 0x03, 0xFF, 0xF6, 0x00, 0x00, 0x00, 0x00, 0xCF, 0xFF, 0x40, 0x00, 0x00, 0x00, 0x00, 0x00
  0x00, 0x00, 0x00, 0x00, 0x4E, 0xFF, 0x60, 0x00, 0x00, 0x00, 0x00, 0x0B, 0xFF, 0xF6, 0x00, 0x00, 0x00
  0x00, 0x00, 0x00, 0x00, 0x00, 0x08, 0xFF, 0xF4, 0x00, 0x00, 0x00, 0x00, 0x00, 0x00, 0x9F, 0xFF, 0xB2
  0x00, 0x00, 0x00, 0x00, 0x00, 0x00, 0x05, 0xDF, 0xFB, 0x20, 0x00, 0x00, 0x00, 0x00, 0x00, 0x00, 0x03
  0xDF, 0xFF, 0xA5, 0x00, 0x00, 0x00, 0x00, 0x38, 0xDF, 0xFE, 0x50, 0x00, 0x00, 0x00, 0x00, 0x00, 0x00
  0x00, 0x00, 0x04, 0xBF, 0xFF, 0xFD, 0xBA, 0xAB, 0xDF, 0xFF, 0xFC, 0x50, 0x00, 0x00, 0x00, 0x00, 0x00
  0x00, 0x00, 0x00, 0x00, 0x00, 0x00, 0x58, 0xBD, 0xEF, 0xFF, 0xEC, 0x96, 0x10, 0x00, 0x00, 0x00, 0x00
  0x00, 0x00, 0xDF, 0xFF, 0xFF, 0xFF, 0xFF, 0xFD, 0x00, 0x00, 0x00, 0x00, 0x00, 0x00, 0xCF, 0xFF, 0xFF
  0xFF, 0xFF, 0xFE, 0x02, 0x9F, 0xFF, 0xFF, 0xF7, 0x10, 0x00, 0x00, 0x00, 0x00, 0x00, 0x00, 0x02, 0x8F
  0xFF, 0xFF, 0xF7, 0x20, 0x00, 0x0A, 0xFF, 0xFF, 0x60, 0x00, 0x00, 0x00, 0x00, 0x00, 0x00, 0x00, 0x00
  0x09, 0xFF, 0xFF, 0x70, 0x00, 0x00, 0x03, 0xFF, 0xFF, 0x10, 0x00, 0x00, 0x00, 0x00, 0x00, 0x00, 0x00
  0x00, 0x03, 0xFF, 0xFF, 0x10, 0x00, 0x00, 0x00, 0xFF, 0xFF, 0x10, 0x00, 0x00, 0x00, 0x00, 0x00, 0x00
  0x00, 0x00, 0x00, 0xFF, 0xFF, 0x10, 0x00, 0x00, 0x00, 0xFF, 0xFF, 0x10, 0x00, 0x00, 0x00, 0x00, 0x00
  0x00, 0x00, 0x00, 0x00, 0xFF, 0xFF, 0x10, 0x00, 0x00, 0x00, 0xFF, 0xFF, 0x10, 0x00, 0x00, 0x00, 0x00
  0x00, 0x00, 0x00, 0x00, 0x00, 0xFF, 0xFF, 0x10, 0x00, 0x00, 0x00, 0xFF, 0xFF, 0x10, 0x00, 0x00, 0x00
  0x00, 0x00, 0x00, 0x00, 0x00, 0x00, 0xFF, 0xFF, 0x10, 0x00, 0x00, 0x00, 0xFF, 0xFF, 0x10, 0x00, 0x00
  0x00, 0x00, 0x00, 0x00, 0x00, 0x00, 0x00, 0xFF, 0xFF, 0x10, 0x00, 0x00, 0x00, 0xFF, 0xFF, 0x10, 0x00
  0x00, 0x00, 0x00, 0x00, 0x00, 0x00, 0x00, 0x00, 0xFF, 0xFF, 0x10, 0x00, 0x00, 0x00, 0xFF, 0xFF, 0x10
  0x00, 0x00, 0x00, 0x00, 0x00, 0x00, 0x00, 0x00, 0x00, 0xFF, 0xFF, 0x10, 0x00, 0x00, 0x00, 0xFF, 0xFF
  0x10, 0x00, 0x00, 0x00, 0x00, 0x00, 0x00, 0x00, 0x00, 0x00, 0xFF, 0xFF, 0x10, 0x00, 0x00, 0x00, 0xFF
  0xFF, 0x10, 0x00, 0x00, 0x00, 0x00, 0x00, 0x00, 0x00, 0x00, 0x00, 0xFF, 0xFF, 0x10, 0x00, 0x00, 0x00
  0xFF, 0xFF, 0x10, 0x00, 0x00, 0x00, 0x00, 0x00, 0x00, 0x00, 0x00, 0x00, 0xFF, 0xFF, 0x10, 0x00, 0x00
  0x00, 0xFF, 0xFF, 0x10, 0x00, 0x00, 0x00, 0x00, 0x00, 0x00, 0x00, 0x00, 0x00, 0xFF, 0xFF, 0x10, 0x00
  0x00, 0x00, 0xFF, 0xFF, 0x10, 0x00, 0x00, 0x00, 0x00, 0x00, 0x00, 0x00, 0x00, 0x00, 0xFF, 0xFF, 0x10
  0x00, 0x00, 0x00, 0xFF, 0xFF, 0x10, 0x00, 0x00, 0x00, 0x00, 0x00, 0x00, 0x00, 0x00, 0x00, 0xFF, 0xFF
  0x10, 0x00, 0x00, 0x00, 0xFF, 0xFF, 0xFF, 0xFF, 0xFF, 0xFF, 0xFF, 0xFF, 0xFF, 0xFF, 0xFF, 0xFF, 0xFF
  0xFF, 0x10, 0x00, 0x00, 0x00, 0xFF, 0xFF, 0xBA, 0xAA, 0xAA, 0xAA, 0xAA, 0xAA, 0xAA, 0xAA, 0xAA, 0xAA
  0xFF, 0xFF, 0x10, 0x00, 0x00, 0x00, 0xFF, 0xFF, 0x10, 0x00, 0x00, 0x00, 0x00, 0x00, 0x00, 0x00, 0x00
  0x00, 0xFF, 0xFF, 0x10, 0x00, 0x00, 0x00, 0xFF, 0xFF, 0x10, 0x00, 0x00, 0x00, 0x00, 0x00, 0x00, 0x00
  0x00, 0x00, 0xFF, 0xFF, 0x10, 0x00, 0x00, 0x00, 0xFF, 0xFF, 0x10, 0x00, 0x00, 0x00, 0x00, 0x00, 0x00
  0x00, 0x00, 0x00, 0xFF, 0xFF, 0x10, 0x00, 0x00, 0x00, 0xFF, 0xFF, 0x10, 0x00, 0x00, 0x00, 0x00, 0x00
  0x00, 0x00, 0x00, 0x00, 0xFF, 0xFF, 0x10, 0x00, 0x00, 0x00, 0xFF, 0xFF, 0x10, 0x00, 0x00, 0x00, 0x00
  0x00, 0x00, 0x00, 0x00, 0x00, 0xFF, 0xFF, 0x10, 0x00, 0x00, 0x00, 0xFF, 0xFF, 0x10, 0x00, 0x00, 0x00
  0x00, 0x00, 0x00, 0x00, 0x00, 0x00, 0xFF, 0xFF, 0x10, 0x00, 0x00, 0x00, 0xFF, 0xFF, 0x10, 0x00, 0x00
  0x00, 0x00, 0x00, 0x00, 0x00, 0x00, 0x00, 0xFF, 0xFF, 0x10, 0x00, 0x00, 0x00, 0xFF, 0xFF, 0x10, 0x00
  0x00, 0x00, 0x00, 0x00, 0x00, 0x00, 0x00, 0x00, 0xFF, 0xFF, 0x10, 0x00, 0x00, 0x00, 0xFF, 0xFF, 0x10
  0x00, 0x00, 0x00, 0x00, 0x00, 0x00, 0x00, 0x00, 0x00, 0xFF, 0xFF, 0x10, 0x00, 0x00, 0x00, 0xFF, 0xFF
  0x10, 0x00, 0x00, 0x00, 0x00, 0x00, 0x00, 0x00, 0x00, 0x00, 0xFF, 0xFF, 0x10, 0x00, 0x00, 0x00, 0xFF
  0xFF, 0x10, 0x00, 0x00, 0x00, 0x00, 0x00, 0x00, 0x00, 0x00, 0x00, 0xFF, 0xFF, 0x10, 0x00, 0x00, 0x01
  0xFF, 0xFF, 0x20, 0x00, 0x00, 0x00, 0x00, 0x00, 0x00, 0x00, 0x00, 0x00, 0xFF, 0xFF, 0x30, 0x00, 0x00
  0x08, 0xFF, 0xFF, 0x90, 0x00, 0x00, 0x00, 0x00, 0x00, 0x00, 0x00, 0x00, 0x07, 0xFF, 0xFF, 0x90, 0x00
  0x02, 0x9F, 0xFF, 0xFF, 0xF9, 0x20, 0x00, 0x00, 0x00, 0x00, 0x00, 0x00, 0x02, 0x8F, 0xFF, 0xFF, 0xF9
  0x31, 0xCF, 0xFF, 0xFF, 0xFF, 0xFF, 0xFC, 0x00, 0x00, 0x00, 0x00, 0x00, 0x00, 0xBF, 0xFF, 0xFF, 0xFF
  0xFF, 0xFD, 0x8F, 0xFF, 0xFF, 0xFF, 0xFF, 0xFF, 0xF8, 0x00, 0x3B, 0xFF, 0xFF, 0xFF, 0x93, 0x00, 0x00
  0x00, 0xAF, 0xFF, 0xF7, 0x00, 0x00, 0x00, 0x00, 0x2F, 0xFF, 0xF1, 0x00, 0x00, 0x00, 0x00, 0x0F, 0xFF
  0xF1, 0x00, 0x00, 0x00, 0x00, 0x0F, 0xFF, 0xF1, 0x00, 0x00, 0x00, 0x00, 0x0F, 0xFF, 0xF1, 0x00, 0x00
  0x00, 0x00, 0x0F, 0xFF, 0xF1, 0x00, 0x00, 0x00, 0x00, 0x0F, 0xFF, 0xF1, 0x00, 0x00, 0x00, 0x00, 0x0F
  0xFF, 0xF1, 0x00, 0x00, 0x00, 0x00, 0x0F, 0xFF, 0xF1, 0x00, 0x00, 0x00, 0x00, 0x0F, 0xFF, 0xF1, 0x00
  0x00, 0x00, 0x00, 0x0F, 0xFF, 0xF1, 0x00, 0x00, 0x00, 0x00, 0x0F, 0xFF, 0xF1, 0x00, 0x00, 0x00, 0x00
  0x0F, 0xFF, 0xF1, 0x00, 0x00, 0x00, 0x00, 0x0F, 0xFF, 0xF1, 0x00, 0x00, 0x00, 0x00, 0x0F, 0xFF, 0xF1
  0x00, 0x00, 0x00, 0x00, 0x0F, 0xFF, 0xF1, 0x00, 0x00, 0x00, 0x00, 0x0F, 0xFF, 0xF1, 0x00, 0x00, 0x00
  0x00, 0x0F, 0xFF, 0xF1, 0x00, 0x00, 0x00, 0x00, 0x0F, 0xFF, 0xF1, 0x00, 0x00, 0x00, 0x00, 0x0F, 0xFF
  0xF1, 0x00, 0x00, 0x00, 0x00, 0x0F, 0xFF, 0xF1, 0x00, 0x00, 0x00, 0x00, 0x0F, 0xFF, 0xF1, 0x00, 0x00
  0x00, 0x00, 0x0F, 0xFF, 0xF1, 0x00, 0x00, 0x00, 0x00, 0x0F, 0xFF, 0xF1, 0x00, 0x00, 0x00, 0x00, 0x0F
  0xFF, 0xF1, 0x00, 0x00, 0x00, 0x00, 0x0F, 0xFF, 0xF1, 0x00, 0x00, 0x00, 0x00, 0x0F, 0xFF, 0xF1, 0x00
  0x00, 0x00, 0x00, 0x0F, 0xFF, 0xF1, 0x00, 0x00, 0x00, 0x00, 0x0F, 0xFF, 0xF3, 0x00, 0x00, 0x00, 0x00
  0x8F, 0xFF, 0xFB, 0x00, 0x00, 0x01, 0x4B, 0xFF, 0xFF, 0xFF, 0xC4, 0x10, 0x7F, 0xFF, 0xFF, 0xFF, 0xFF
  0xFF, 0xF8, 0x00, 0x3E, 0xEE, 0xEF, 0xEE, 0xEE, 0xEE, 0xE4, 0x00, 0x00, 0x29, 0xFF, 0xFF, 0xFF, 0xA3
  0x00, 0x00, 0x00, 0x00, 0x7F, 0xFF, 0xF9, 0x00, 0x00, 0x00, 0x00, 0x00, 0x0F, 0xFF, 0xF2, 0x00, 0x00
  0x00, 0x00, 0x00, 0x0F, 0xFF, 0xF1, 0x00, 0x00, 0x00, 0x00, 0x00, 0x0F, 0xFF, 0xF1, 0x00, 0x00, 0x00
  0x00, 0x00, 0x0F, 0xFF, 0xF1, 0x00, 0x00, 0x00, 0x00, 0x00, 0x0F, 0xFF, 0xF1, 0x00, 0x00, 0x00, 0x00
  0x00, 0x0F, 0xFF, 0xF1, 0x00, 0x00, 0x00, 0x00, 0x00, 0x0F, 0xFF, 0xF1, 0x00, 0x00, 0x00, 0x00, 0x00
  0x0F, 0xFF, 0xF1, 0x00, 0x00, 0x00, 0x00, 0x00, 0x0F, 0xFF, 0xF1, 0x00, 0x00, 0x00, 0x00, 0x00, 0x0F
  0xFF, 0xF1, 0x00, 0x00, 0x00, 0x00, 0x00, 0x0F, 0xFF, 0xF1, 0x00, 0x00, 0x00, 0x00, 0x00, 0x0F, 0xFF
  0xF1, 0x00, 0x00, 0x00, 0x00, 0x00, 0x0F, 0xFF, 0xF1, 0x00, 0x00, 0x00, 0x00, 0x00, 0x0F, 0xFF, 0xF1
  0x00, 0x00, 0x00, 0x00, 0x00, 0x0F, 0xFF, 0xF1, 0x00, 0x00, 0x00, 0x00, 0x00, 0x0F, 0xFF, 0xF1, 0x00
  0x00, 0x00, 0x00, 0x00, 0x0F, 0xFF, 0xF1, 0x00, 0x00, 0x00, 0x00, 0x00, 0x0F, 0xFF, 0xF1, 0x00, 0x00
  0x00, 0x00, 0x00, 0x0F, 0xFF, 0xF1, 0x00, 0x00, 0x00, 0x00, 0x00, 0x0F, 0xFF, 0xF1, 0x00, 0x00, 0x00
  0x00, 0x00, 0x0F, 0xFF, 0xF1, 0x00, 0x00, 0x00, 0x00, 0x00, 0x0F, 0xFF, 0xF1, 0x00, 0x00, 0x00, 0x00
  0x00, 0x0F, 0xFF, 0xF1, 0x00, 0x00, 0x00, 0x00, 0x00, 0x0F, 0xFF, 0xF1, 0x00, 0x00, 0x00, 0x00, 0x00
  0x0F, 0xFF, 0xF1, 0x00, 0x00, 0x00, 0x00, 0x00, 0x0F, 0xFF, 0xF1, 0x00, 0x00, 0x00, 0x00, 0x00, 0x0F
  0xFF, 0xF1, 0x00, 0x00, 0x00, 0x00, 0x00, 0x0F, 0xFF, 0xF1, 0x00, 0x00, 0x00, 0x00, 0x00, 0x0F, 0xFF
  0xF1, 0x00, 0x00, 0x00, 0x00, 0x00, 0x0F, 0xFF, 0xF1, 0x00, 0x00, 0x00, 0x00, 0x00, 0x0F, 0xFF, 0xF0
  0x00, 0x00, 0x00, 0x00, 0x00, 0x1F, 0xFF, 0xF0, 0x00, 0x00, 0x00, 0x00, 0x00, 0x3F, 0xFF, 0xD0, 0x00
  0x00, 0x00, 0x00, 0x00, 0x8F, 0xFF, 0x80, 0x00, 0x00, 0x00, 0x00, 0x00, 0xEF, 0xFF, 0x20, 0x00, 0x00
  0x00, 0x00, 0x07, 0xFF, 0xF9, 0x00, 0x00, 0x00, 0x00, 0x00, 0x2F, 0xFF, 0xC0, 0x00, 0x00, 0x00, 0x00
  0x01, 0xDF, 0xFD, 0x10, 0x00, 0x00, 0x00, 0x00, 0x2D, 0xFF, 0xA0, 0x00, 0x00, 0x00, 0x00, 0x18, 0xFF
  0xB3, 0x00, 0x00, 0x00, 0x00, 0x00, 0x46, 0x40, 0x00, 0x00, 0x00, 0x00, 0x00, 0x00, 0xEF, 0xFF, 0xFF
  0xFF, 0xFF, 0xFE, 0x00, 0x00, 0x00, 0x00, 0xEF, 0xFF, 0xFF, 0xFF, 0xFF, 0xF5, 0x00, 0x29, 0xFF, 0xFF
  0xFF, 0x71, 0x00, 0x00, 0x00, 0x00, 0x00, 0x4F, 0xFF, 0xFF, 0xF6, 0x20, 0x00, 0x00, 0x09, 0xFF, 0xFF
  0x60, 0x00, 0x00, 0x00, 0x00, 0x00, 0x00, 0xFF, 0xFF, 0xA0, 0x00, 0x00, 0x00, 0x00, 0x3F, 0xFF, 0xF1
  0x00, 0x00, 0x00, 0x00, 0x00, 0x00, 0x6F, 0xFF, 0x70, 0x00, 0x00, 0x00, 0x00, 0x00, 0xFF, 0xFF, 0x10
  0x00, 0x00, 0x00, 0x00, 0x00, 0x3F, 0xFF, 0x70, 0x00, 0x00, 0x00, 0x00, 0x00, 0x0F, 0xFF, 0xF1, 0x00
  0x00, 0x00, 0x00, 0x00, 0x2E, 0xFF, 0x70, 0x00, 0x00, 0x00, 0x00, 0x00, 0x00, 0xFF, 0xFF, 0x10, 0x00
  0x00, 0x00, 0x00, 0x1D, 0xFF, 0x80, 0x00, 0x00, 0x00, 0x00, 0x00, 0x00, 0x0F, 0xFF, 0xF1, 0x00, 0x00
  0x00, 0x00, 0x0C, 0xFF, 0x90, 0x00, 0x00, 0x00, 0x00, 0x00, 0x00, 0x00, 0xFF, 0xFF, 0x10, 0x00, 0x00
  0x00, 0x0A, 0xFF, 0xA0, 0x00, 0x00, 0x00, 0x00, 0x00, 0x00, 0x00, 0x0F, 0xFF, 0xF1, 0x00, 0x00, 0x00
  0x08, 0xFF, 0xB0, 0x00, 0x00, 0x00, 0x00, 0x00, 0x00, 0x00, 0x00, 0xFF, 0xFF, 0x10, 0x00, 0x00, 0x06
  0xFF, 0xB0, 0x00, 0x00, 0x00, 0x00, 0x00, 0x00, 0x00, 0x00, 0x0F, 0xFF, 0xF1, 0x00, 0x00, 0x04, 0xFF
  0xC0, 0x00, 0x00, 0x00, 0x00, 0x00, 0x00, 0x00, 0x00, 0x00, 0xFF, 0xFF, 0x10, 0x00, 0x02, 0xEF, 0xC0
  0x00, 0x00, 0x00, 0x00, 0x00, 0x00, 0x00, 0x00, 0x00, 0x0F, 0xFF, 0xF1, 0x00, 0x01, 0xDF, 0xD1, 0x00
  0x00, 0x00, 0x00, 0x00, 0x00, 0x00, 0x00, 0x00, 0x00, 0xFF, 0xFF, 0x10, 0x00, 0xCF, 0xD1, 0x00, 0x00
  0x00, 0x00, 0x00, 0x00, 0x00, 0x00, 0x00, 0x00, 0x0F, 0xFF, 0xF1, 0x00, 0xBF, 0xF2, 0x00, 0x00, 0x00
  0x00, 0x00, 0x00, 0x00, 0x00, 0x00, 0x00, 0x00, 0xFF, 0xFF, 0x10, 0xDF, 0xFF, 0x60, 0x00, 0x00, 0x00
  0x00, 0x00, 0x00, 0x00, 0x00, 0x00, 0x00, 0x0F, 0xFF, 0xF1, 0x0A, 0xFF, 0xFF, 0x50, 0x00, 0x00, 0x00
  0x00, 0x00, 0x00, 0x00, 0x00, 0x00, 0x00, 0xFF, 0xFF, 0x10, 0x0B, 0xFF, 0xFF, 0x40, 0x00, 0x00, 0x00
  0x00, 0x00, 0x00, 0x00, 0x00, 0x00, 0x0F, 0xFF, 0xF1, 0x00, 0x0C, 0xFF, 0xFF, 0x30, 0x00, 0x00, 0x00
  0x00, 0x00, 0x00, 0x00, 0x00, 0x00, 0xFF, 0xFF, 0x10, 0x00, 0x1D, 0xFF, 0xFE, 0x20, 0x00, 0x00, 0x00
  0x00, 0x00, 0x00, 0x00, 0x00, 0x0F, 0xFF, 0xF1, 0x00, 0x00, 0x1D, 0xFF, 0xFE, 0x10, 0x00, 0x00, 0x00
  0x00, 0x00, 0x00, 0x00, 0x00, 0xFF, 0xFF, 0x10, 0x00, 0x00, 0x2E, 0xFF, 0xFD, 0x10, 0x00, 0x00, 0x00
  0x00, 0x00, 0x00, 0x00, 0x0F, 0xFF, 0xF1, 0x00, 0x00, 0x00, 0x3F, 0xFF, 0xFC, 0x00, 0x00, 0x00, 0x00
  0x00, 0x00, 0x00, 0x00, 0xFF, 0xFF, 0x10, 0x00, 0x00, 0x00, 0x4F, 0xFF, 0xFB, 0x00, 0x00, 0x00, 0x00
  0x00, 0x00, 0x00, 0x0F, 0xFF, 0xF1, 0x00, 0x00, 0x00, 0x00, 0x5F, 0xFF, 0xFA, 0x00, 0x00, 0x00, 0x00
  0x00, 0x00, 0x00, 0xFF, 0xFF, 0x10, 0x00, 0x00, 0x00, 0x00, 0x6F, 0xFF, 0xF9, 0x00, 0x00, 0x00, 0x00
  0x00, 0x00, 0x0F, 0xFF, 0xF1, 0x00, 0x00, 0x00, 0x00, 0x00, 0x7F, 0xFF, 0xF7, 0x00, 0x00, 0x00, 0x00
  0x00, 0x00, 0xFF, 0xFF, 0x10, 0x00, 0x00, 0x00, 0x00, 0x00, 0x9F, 0xFF, 0xF6, 0x00, 0x00, 0x00, 0x00
  0x00, 0x0F, 0xFF, 0xF1, 0x00, 0x00, 0x00, 0x00, 0x00, 0x00, 0xBF, 0xFF, 0xF5, 0x00, 0x00, 0x00, 0x00
  0x02, 0xFF, 0xFF, 0x30, 0x00, 0x00, 0x00, 0x00, 0x00, 0x00, 0xCF, 0xFF, 0xF4, 0x00, 0x00, 0x00, 0x00
  0x9F, 0xFF, 0xFA, 0x00, 0x00, 0x00, 0x00, 0x00, 0x00, 0x00, 0xAF, 0xFF, 0xF4, 0x00, 0x00, 0x03, 0xAF
  0xFF, 0xFF, 0xF9, 0x31, 0x00, 0x00, 0x00, 0x00, 0x00, 0x00, 0x4C, 0xFF, 0xF9, 0x41, 0x0D, 0xFF, 0xFF
  0xFF, 0xFF, 0xFF, 0xD0, 0x00, 0x00, 0x00, 0x00, 0x00, 0x00, 0x03, 0x8C, 0xEE, 0xF3, 0xFF, 0xFF, 0xFF
  0xFF, 0xFF, 0xFE, 0x00, 0x00, 0x00, 0x00, 0x00, 0x00, 0x00, 0x02, 0x8F, 0xFF, 0xFF, 0xF8, 0x20, 0x00
  0x00, 0x00, 0x00, 0x00, 0x00, 0x00, 0x00, 0x08, 0xFF, 0xFF, 0x70, 0x00, 0x00, 0x00, 0x00, 0x00, 0x00
  0x00, 0x00, 0x00, 0x01, 0xFF, 0xFF, 0x10, 0x00, 0x00, 0x00, 0x00, 0x00, 0x00, 0x00, 0x00, 0x00, 0x00
  0xFF, 0xFF, 0x10, 0x00, 0x00, 0x00, 0x00, 0x00, 0x00, 0x00, 0x00, 0x00, 0x00, 0xFF, 0xFF, 0x10, 0x00
  0x00, 0x00, 0x00, 0x00, 0x00, 0x00, 0x00, 0x00, 0x00, 0xFF, 0xFF, 0x10, 0x00, 0x00, 0x00, 0x00, 0x00
  0x00, 0x00, 0x00, 0x00, 0x00, 0xFF, 0xFF, 0x10, 0x00, 0x00, 0x00, 0x00, 0x00, 0x00, 0x00, 0x00, 0x00
  0x00, 0xFF, 0xFF, 0x10, 0x00, 0x00, 0x00, 0x00, 0x00, 0x00, 0x00, 0x00, 0x00, 0x00, 0xFF, 0xFF, 0x10
  0x00, 0x00, 0x00, 0x00, 0x00, 0x00, 0x00, 0x00, 0x00, 0x00, 0xFF, 0xFF, 0x10, 0x00, 0x00, 0x00, 0x00
  0x00, 0x00, 0x00, 0x00, 0x00, 0x00, 0xFF, 0xFF, 0x10, 0x00, 0x00, 0x00, 0x00, 0x00, 0x00, 0x00, 0x00
  0x00, 0x00, 0xFF, 0xFF, 0x10, 0x00, 0x00, 0x00, 0x00, 0x00, 0x00, 0x00, 0x00, 0x00, 0x00, 0xFF, 0xFF
  0x10, 0x00, 0x00, 0x00, 0x00, 0x00, 0x00, 0x00, 0x00, 0x00, 0x00, 0xFF, 0xFF, 0x10, 0x00, 0x00, 0x00
  0x00, 0x00, 0x00, 0x00, 0x00, 0x00, 0x00, 0xFF, 0xFF, 0x10, 0x00, 0x00, 0x00, 0x00, 0x00, 0x00, 0x00
  0x00, 0x00, 0x00, 0xFF, 0xFF, 0x10, 0x00, 0x00, 0x00, 0x00, 0x00, 0x00, 0x00, 0x00, 0x00, 0x00, 0xFF
  0xFF, 0x10, 0x00, 0x00, 0x00, 0x00, 0x00, 0x00, 0x00, 0x00, 0x00, 0x00, 0xFF, 0xFF, 0x10, 0x00, 0x00
  0x00, 0x00, 0x00, 0x00, 0x00, 0x00, 0x00, 0x00, 0xFF, 0xFF, 0x10, 0x00, 0x00, 0x00, 0x00, 0x00, 0x00
  0x00, 0x00, 0x00, 0x00, 0xFF, 0xFF, 0x10, 0x00, 0x00, 0x00, 0x00, 0x00, 0x00, 0x00, 0x00, 0x00, 0x00
  0xFF, 0xFF, 0x10, 0x00, 0x00, 0x00, 0x00, 0x00, 0x00, 0x00, 0x00, 0x00, 0x00, 0xFF, 0xFF, 0x10, 0x00
  0x00, 0x00, 0x00, 0x00, 0x00, 0x00, 0x00, 0x00, 0x00, 0xFF, 0xFF, 0x10, 0x00, 0x00, 0x00, 0x00, 0x00
  0x00, 0x00, 0x00, 0x00, 0x00, 0xFF, 0xFF, 0x10, 0x00, 0x00, 0x00, 0x00, 0x00, 0x00, 0x00, 0x00, 0x00
  0x00, 0xFF, 0xFF, 0x10, 0x00, 0x00, 0x00, 0x00, 0x00, 0x00, 0x00, 0x00, 0x00, 0x00, 0xFF, 0xFF, 0x10
  0x00, 0x00, 0x00, 0x00, 0x00, 0x00, 0x00, 0x26, 0x00, 0x00, 0xFF, 0xFF, 0x10, 0x00, 0x00, 0x00, 0x00
  0x00, 0x00, 0x00, 0x91, 0x00, 0x00, 0xFF, 0xFF, 0x10, 0x00, 0x00, 0x00, 0x00, 0x00, 0x00, 0x03, 0xA0
  0x00, 0x00, 0xFF, 0xFF, 0x10, 0x00, 0x00, 0x00, 0x00, 0x00, 0x00, 0x1D, 0x40, 0x00, 0x00, 0xFF, 0xFF
  0x10, 0x00, 0x00, 0x00, 0x00, 0x00, 0x02, 0xDE, 0x00, 0x00, 0x05, 0xFF, 0xFF, 0x10, 0x00, 0x00, 0x00
  0x00, 0x02, 0x8F, 0xF8, 0x00, 0x02, 0x7F, 0xFF, 0xFF, 0xCB, 0xBB, 0xBB, 0xBD, 0xFF, 0xFF, 0xFF, 0xF2
  0x00, 0xEF, 0xFF, 0xFF, 0xFF, 0xFF, 0xFF, 0xFF, 0xFF, 0xFF, 0xFF, 0xFF, 0xF0, 0x00, 0x00, 0x00, 0x00
  0x00, 0x02, 0x00, 0x00, 0x00, 0x00, 0x00, 0x00, 0x00, 0x00, 0x00, 0x00, 0x00, 0x00, 0x00, 0x00, 0x20
  0x00, 0x00, 0x00, 0x00, 0x00, 0x00, 0x00, 0x00, 0x0F, 0x20, 0x00, 0x00, 0x00, 0x00, 0x00, 0x00, 0x00
  0x00, 0x00, 0x00, 0x00, 0x00, 0x01, 0xF0, 0x00, 0x00, 0x00, 0x00, 0x00, 0x00, 0x00, 0x00, 0x0F, 0xF0
  0x00, 0x00, 0x00, 0x00, 0x00, 0x00, 0x00, 0x00, 0x00, 0x00, 0x00, 0x00, 0x0D, 0xF0, 0x00, 0x00, 0x00
  0x00, 0x00, 0x00, 0x00, 0x00, 0x1F, 0xF1, 0x00, 0x00, 0x00, 0x00, 0x00, 0x00, 0x00, 0x00, 0x00, 0x00
  0x00, 0x00, 0x0F, 0xF1, 0x00, 0x00, 0x00, 0x00, 0x00, 0x00, 0x00, 0x00, 0x3F, 0xF9, 0x00, 0x00, 0x00
  0x00, 0x00, 0x00, 0x00, 0x00, 0x00, 0x00, 0x00, 0x00, 0x9F, 0xF4, 0x00, 0x00, 0x00, 0x00, 0x00, 0x00
  0x00, 0x00, 0x6F, 0xFF, 0x10, 0x00, 0x00, 0x00, 0x00, 0x00, 0x00, 0x00, 0x00, 0x00, 0x00, 0x00, 0xFF
  0xF6, 0x00, 0x00, 0x00, 0x00, 0x00, 0x00, 0x00, 0x00, 0xBF, 0xFF, 0x90, 0x00, 0x00, 0x00, 0x00, 0x00
  0x00, 0x00, 0x00, 0x00, 0x00, 0x07, 0xFF, 0xF8, 0x00, 0x00, 0x00, 0x00, 0x00, 0x00, 0x00, 0x00, 0xCF
  0xFF, 0xF2, 0x00, 0x00, 0x00, 0x00, 0x00, 0x00, 0x00, 0x00, 0x00, 0x00, 0x0E, 0xFF, 0xFB, 0x00, 0x00
  0x00, 0x00, 0x00, 0x00, 0x00, 0x00, 0xDF, 0xFF, 0xFA, 0x00, 0x00, 0x00, 0x00, 0x00, 0x00, 0x00, 0x00
  0x00, 0x00, 0x7F, 0xFF, 0xFD, 0x00, 0x00, 0x00, 0x00, 0x00, 0x00, 0x00, 0x00, 0xFF, 0xFF, 0xFF, 0x20
  0x00, 0x00, 0x00, 0x00, 0x00, 0x00, 0x00, 0x00, 0x00, 0xEF, 0xFF, 0xFF, 0x00, 0x00, 0x00, 0x00, 0x00
  0x00, 0x00, 0x01, 0xFF, 0xBF, 0xFF, 0xA0, 0x00, 0x00, 0x00, 0x00, 0x00, 0x00, 0x00, 0x00, 0x07, 0xFD
  0xAF, 0xFF, 0x20, 0x00, 0x00, 0x00, 0x00, 0x00, 0x00, 0x04, 0xFF, 0x2F, 0xFF, 0xF3, 0x00, 0x00, 0x00
  0x00, 0x00, 0x00, 0x00, 0x00, 0x0E, 0xF5, 0x7F, 0xFF, 0x40, 0x00, 0x00, 0x00, 0x00, 0x00, 0x00, 0x06
  0xFF, 0x07, 0xFF, 0xFB, 0x00, 0x00, 0x00, 0x00, 0x00, 0x00, 0x00, 0x00, 0x7F, 0xC0, 0x5F, 0xFF, 0x60
  0x00, 0x00, 0x00, 0x00, 0x00, 0x00, 0x08, 0xFE, 0x00, 0xEF, 0xFF, 0x30, 0x00, 0x00, 0x00, 0x00, 0x00
  0x00, 0x00, 0xEF, 0x40, 0x3F, 0xFF, 0x80, 0x00, 0x00, 0x00, 0x00, 0x00, 0x00, 0x0B, 0xFC, 0x00, 0x7F
  0xFF, 0xC0, 0x00, 0x00, 0x00, 0x00, 0x00, 0x00, 0x07, 0xFC, 0x00, 0x1F, 0xFF, 0xB0, 0x00, 0x00, 0x00
  0x00, 0x00, 0x00, 0x0D, 0xFA, 0x00, 0x0E, 0xFF, 0xF4, 0x00, 0x00, 0x00, 0x00, 0x00, 0x00, 0x0E, 0xF4
  0x00, 0x0F, 0xFF, 0xD0, 0x00, 0x00, 0x00, 0x00, 0x00, 0x00, 0x0F, 0xF8, 0x00, 0x07, 0xFF, 0xFC, 0x00
  0x00, 0x00, 0x00, 0x00, 0x00, 0x7F, 0xC0, 0x00, 0x0D, 0xFF, 0xF0, 0x00, 0x00, 0x00, 0x00, 0x00, 0x00
  0x2F, 0xF7, 0x00, 0x00, 0xEF, 0xFF, 0x40, 0x00, 0x00, 0x00, 0x00, 0x00, 0xEF, 0x40, 0x00, 0x0B, 0xFF
  0xF2, 0x00, 0x00, 0x00, 0x00, 0x00, 0x00, 0x4F, 0xF5, 0x00, 0x00, 0x6F, 0xFF, 0xD0, 0x00, 0x00, 0x00
  0x00, 0x07, 0xFC, 0x00, 0x00, 0x09, 0xFF, 0xF4, 0x00, 0x00, 0x00, 0x00, 0x00, 0x00, 0x6F, 0xF3, 0x00
  0x00, 0x0D, 0xFF, 0xF5, 0x00, 0x00, 0x00, 0x00, 0x0E, 0xF4, 0x00, 0x00, 0x07, 0xFF, 0xF6, 0x00, 0x00
  0x00, 0x00, 0x00, 0x00, 0x9F, 0xF1, 0x00, 0x00, 0x06, 0xFF, 0xFD, 0x00, 0x00, 0x00, 0x00, 0x7F, 0xC0
  0x00, 0x00, 0x05, 0xFF, 0xF9, 0x00, 0x00, 0x00, 0x00, 0x00, 0x00, 0xBF, 0xF0, 0x00, 0x00, 0x00, 0xDF
  0xFF, 0x50, 0x00, 0x00, 0x00, 0xEF, 0x40, 0x00, 0x00, 0x03, 0xFF, 0xFB, 0x00, 0x00, 0x00, 0x00, 0x00
  0x00, 0xDF, 0xE0, 0x00, 0x00, 0x00, 0x5F, 0xFF, 0xD0, 0x00, 0x00, 0x07, 0xFC, 0x00, 0x00, 0x00, 0x01
  0xFF, 0xFD, 0x00, 0x00, 0x00, 0x00, 0x00, 0x00, 0xFF, 0xC0, 0x00, 0x00, 0x00, 0x0D, 0xFF, 0xF6, 0x00
  0x00, 0x0E, 0xF4, 0x00, 0x00, 0x00, 0x00, 0xFF, 0xFF, 0x00, 0x00, 0x00, 0x00, 0x00, 0x02, 0xFF, 0xA0
  0x00, 0x00, 0x00, 0x05, 0xFF, 0xFE, 0x00, 0x00, 0x6F, 0xC0, 0x00, 0x00, 0x00, 0x00, 0xDF, 0xFF, 0x20
  0x00, 0x00, 0x00, 0x00, 0x04, 0xFF, 0x90, 0x00, 0x00, 0x00, 0x00, 0xCF, 0xFF, 0x70, 0x00, 0xEF, 0x40
  0x00, 0x00, 0x00, 0x00, 0xBF, 0xFF, 0x40, 0x00, 0x00, 0x00, 0x00, 0x07, 0xFF, 0x70, 0x00, 0x00, 0x00
  0x00, 0x4F, 0xFF, 0xE0, 0x06, 0xFC, 0x00, 0x00, 0x00, 0x00, 0x00, 0x9F, 0xFF, 0x70, 0x00, 0x00, 0x00
  0x00, 0x09, 0xFF, 0x50, 0x00, 0x00, 0x00, 0x00, 0x0C, 0xFF, 0xF7, 0x0E, 0xF4, 0x00, 0x00, 0x00, 0x00
  0x00, 0x7F, 0xFF, 0x90, 0x00, 0x00, 0x00, 0x00, 0x0B, 0xFF, 0x30, 0x00, 0x00, 0x00, 0x00, 0x04, 0xFF
  0xFE, 0x7F, 0xB0, 0x00, 0x00, 0x00, 0x00, 0x00, 0x5F, 0xFF, 0xB0, 0x00, 0x00, 0x00, 0x00, 0x0E, 0xFF
  0x20, 0x00, 0x00, 0x00, 0x00, 0x00, 0xCF, 0xFF, 0xFF, 0x30, 0x00, 0x00, 0x00, 0x00, 0x00, 0x3F, 0xFF
  0xE0, 0x00, 0x00, 0x00, 0x00, 0x1F, 0xFF, 0x00, 0x00, 0x00, 0x00, 0x00, 0x00, 0x3F, 0xFF, 0xFC, 0x00
  0x00, 0x00, 0x00, 0x00, 0x00, 0x1F, 0xFF, 0xF0, 0x00, 0x00, 0x00, 0x00, 0x8F, 0xFF, 0x00, 0x00, 0x00
  0x00, 0x00, 0x00, 0x0B, 0xFF, 0xF5, 0x00, 0x00, 0x00, 0x00, 0x00, 0x00, 0x0F, 0xFF, 0xF8, 0x00, 0x00
  0x00, 0x01, 0xFF, 0xFF, 0x00, 0x00, 0x00, 0x00, 0x00, 0x00, 0x03, 0xFF, 0xF0, 0x00, 0x00, 0x00, 0x00
  0x00, 0x00, 0x0F, 0xFF, 0xFF, 0x10, 0x00, 0x24, 0x7E, 0xFF, 0xFF, 0xB4, 0x20, 0x00, 0x00, 0x00, 0x00
  0x00, 0xCF, 0xA0, 0x00, 0x00, 0x00, 0x00, 0x00, 0x24, 0xBF, 0xFF, 0xFF, 0xE8, 0x42, 0x8C, 0xCC, 0xFF
  0xCD, 0xCC, 0x70, 0x00, 0x00, 0x00, 0x00, 0x00, 0x3F, 0x50, 0x00, 0x00, 0x00, 0x00, 0x00, 0x8C, 0xCC
  0xCC, 0xFF, 0xCC, 0xC8, 0x00, 0x00, 0x00, 0x00, 0x00, 0x00, 0x00, 0x00, 0x00, 0x00, 0x00, 0x0A, 0x10
  0x00, 0x00, 0x00, 0x00, 0x00, 0x00, 0x00, 0x00, 0x00, 0x00, 0x00, 0x00, 0x00, 0x00, 0x00, 0x00, 0x00
  0x00, 0x00, 0x00, 0x00, 0x00, 0x00, 0x00, 0x00, 0x00, 0x00, 0x00, 0x00, 0x00, 0x00, 0x00, 0x8C, 0x00
  0x00, 0x00, 0x00, 0x00, 0x00, 0x00, 0x00, 0x00, 0x00, 0x00, 0x0D, 0xFF, 0xFF, 0xFF, 0xFF, 0xFD, 0x00
  0x05, 0xF9, 0x00, 0x00, 0x00, 0x00, 0x00, 0x00, 0x00, 0x00, 0x00, 0x00, 0x00, 0x01, 0x5E, 0xFF, 0xFE
  0x51, 0x00, 0x00, 0x3F, 0xF7, 0x00, 0x00, 0x00, 0x00, 0x00, 0x00, 0x00, 0x00, 0x00, 0x00, 0x00, 0x00
  0x4F, 0xFF, 0x30, 0x00, 0x00, 0x02, 0xFF, 0xF7, 0x00, 0x00, 0x00, 0x00, 0x00, 0x00, 0x00, 0x00, 0x00
  0x00, 0x00, 0x00, 0xFF, 0xF0, 0x00, 0x00, 0x00, 0x0F, 0xFF, 0xF8, 0x00, 0x00, 0x00, 0x00, 0x00, 0x00
  0x00, 0x00, 0x00, 0x00, 0x00, 0x0D, 0xFF, 0x00, 0x00, 0x00, 0x00, 0xFF, 0xFF, 0xF8, 0x00, 0x00, 0x00
  0x00, 0x00, 0x00, 0x00, 0x00, 0x00, 0x00, 0x00, 0xDF, 0xF0, 0x00, 0x00, 0x00, 0x0F, 0xFF, 0xFF, 0xF9
  0x00, 0x00, 0x00, 0x00, 0x00, 0x00, 0x00, 0x00, 0x00, 0x00, 0x0D, 0xFF, 0x00, 0x00, 0x00, 0x00, 0xFF
  0xFF, 0xFF, 0xFA, 0x00, 0x00, 0x00, 0x00, 0x00, 0x00, 0x00, 0x00, 0x00, 0x00, 0xDF, 0xF0, 0x00, 0x00
  0x00, 0x0F, 0xF3, 0xCF, 0xFF, 0xFB, 0x00, 0x00, 0x00, 0x00, 0x00, 0x00, 0x00, 0x00, 0x00, 0x0D, 0xFF
  0x00, 0x00, 0x00, 0x00, 0xFF, 0x30, 0xBF, 0xFF, 0xFB, 0x00, 0x00, 0x00, 0x00, 0x00, 0x00, 0x00, 0x00
  0x00, 0xDF, 0xF0, 0x00, 0x00, 0x00, 0x0F, 0xF3, 0x00, 0xBF, 0xFF, 0xFC, 0x00, 0x00, 0x00, 0x00, 0x00
  0x00, 0x00, 0x00, 0x0D, 0xFF, 0x00, 0x00, 0x00, 0x00, 0xFF, 0x30, 0x00, 0xAF, 0xFF, 0xFC, 0x10, 0x00
  0x00, 0x00, 0x00, 0x00, 0x00, 0x00, 0xDF, 0xF0, 0x00, 0x00, 0x00, 0x0F, 0xF3, 0x00, 0x00, 0x9F, 0xFF
  0xFD, 0x10, 0x00, 0x00, 0x00, 0x00, 0x00, 0x00, 0x0D, 0xFF, 0x00, 0x00, 0x00, 0x00, 0xFF, 0x30, 0x00
  0x00, 0x9F, 0xFF, 0xFD, 0x20, 0x00, 0x00, 0x00, 0x00, 0x00, 0x00, 0xDF, 0xF0, 0x00, 0x00, 0x00, 0x0F
  0xF3, 0x00, 0x00, 0x00, 0x8F, 0xFF, 0xFE, 0x20, 0x00, 0x00, 0x00, 0x00, 0x00, 0x0D, 0xFF, 0x00, 0x00
  0x00, 0x00, 0xFF, 0x30, 0x00, 0x00, 0x00, 0x7F, 0xFF, 0xFE, 0x20, 0x00, 0x00, 0x00, 0x00, 0x00, 0xDF
  0xF0, 0x00, 0x00, 0x00, 0x0F, 0xF3, 0x00, 0x00, 0x00, 0x00, 0x7F, 0xFF, 0xFE, 0x30, 0x00, 0x00, 0x00
  0x00, 0x0D, 0xFF, 0x00, 0x00, 0x00, 0x00, 0xFF, 0x30, 0x00, 0x00, 0x00, 0x00, 0x6F, 0xFF, 0xFF, 0x40
  0x00, 0x00, 0x00, 0x00, 0xDF, 0xF0, 0x00, 0x00, 0x00, 0x0F, 0xF3, 0x00, 0x00, 0x00, 0x00, 0x00, 0x5F
  0xFF, 0xFF, 0x40, 0x00, 0x00, 0x00, 0x0D, 0xFF, 0x00, 0x00, 0x00, 0x00, 0xFF, 0x30, 0x00, 0x00, 0x00
  0x00, 0x00, 0x5F, 0xFF, 0xFF, 0x50, 0x00, 0x00, 0x00, 0xDF, 0xF0, 0x00, 0x00, 0x00, 0x0F, 0xF3, 0x00
  0x00, 0x00, 0x00, 0x00, 0x00, 0x4F, 0xFF, 0xFF, 0x60, 0x00, 0x00, 0x0D, 0xFF, 0x00, 0x00, 0x00, 0x00
  0xFF, 0x30, 0x00, 0x00, 0x00, 0x00, 0x00, 0x00, 0x4F, 0xFF, 0xFF, 0x60, 0x00, 0x00, 0xDF, 0xF0, 0x00
  0x00, 0x00, 0x0F, 0xF3, 0x00, 0x00, 0x00, 0x00, 0x00, 0x00, 0x00, 0x3E, 0xFF, 0xFF, 0x70, 0x00, 0x0D
  0xFF, 0x00, 0x00, 0x00, 0x00, 0xFF, 0x30, 0x00, 0x00, 0x00, 0x00, 0x00, 0x00, 0x00, 0x3E, 0xFF, 0xFF
  0x80, 0x00, 0xDF, 0xF0, 0x00, 0x00, 0x00, 0x0F, 0xF3, 0x00, 0x00, 0x00, 0x00, 0x00, 0x00, 0x00, 0x00
  0x2E, 0xFF, 0xFF, 0x90, 0x0D, 0xFF, 0x00, 0x00, 0x00, 0x00, 0xFF, 0x30, 0x00, 0x00, 0x00, 0x00, 0x00
  0x00, 0x00, 0x00, 0x2E, 0xFF, 0xFF, 0x90, 0xDF, 0xF0, 0x00, 0x00, 0x00, 0x0F, 0xF3, 0x00, 0x00, 0x00
  0x00, 0x00, 0x00, 0x00, 0x00, 0x00, 0x1D, 0xFF, 0xFF, 0xAD, 0xFF, 0x00, 0x00, 0x00, 0x00, 0xFF, 0x30
  0x00, 0x00, 0x00, 0x00, 0x00, 0x00, 0x00, 0x00, 0x00, 0x1D, 0xFF, 0xFF, 0xFF, 0xF0, 0x00, 0x00, 0x00
  0x0F, 0xF3, 0x00, 0x00, 0x00, 0x00, 0x00, 0x00, 0x00, 0x00, 0x00, 0x00, 0x1C, 0xFF, 0xFF, 0xFF, 0x00
  0x00, 0x00, 0x00, 0xFF, 0x30, 0x00, 0x00, 0x00, 0x00, 0x00, 0x00, 0x00, 0x00, 0x00, 0x00, 0x0C, 0xFF
  0xFF, 0xF0, 0x00, 0x00, 0x00, 0x0F, 0xF6, 0x00, 0x00, 0x00, 0x00, 0x00, 0x00, 0x00, 0x00, 0x00, 0x00
  0x00, 0x0B, 0xFF, 0xFF, 0x00, 0x00, 0x00, 0x06, 0xFF, 0xD0, 0x00, 0x00, 0x00, 0x00, 0x00, 0x00, 0x00
  0x00, 0x00, 0x00, 0x00, 0x0B, 0xFF, 0xF0, 0x00, 0x00, 0x27, 0xFF, 0xFF, 0xA3, 0x10, 0x00, 0x00, 0x00
  0x00, 0x00, 0x00, 0x00, 0x00, 0x00, 0x00, 0x0B, 0xFF, 0x00, 0x00, 0xEF, 0xFF, 0xFF, 0xFF, 0xFF, 0x20
  0x00, 0x00, 0x00, 0x00, 0x00, 0x00, 0x00, 0x00, 0x00, 0x00, 0x0D, 0xF1, 0x00, 0x00, 0x00, 0x00, 0x00
  0x00, 0x00, 0x00, 0x00, 0x00, 0x00, 0x00, 0x00, 0x00, 0x00, 0x00, 0x00, 0x00, 0x0D, 0x30, 0x00, 0x00
  0x00, 0x00, 0x00, 0x00, 0x00, 0x01, 0x47, 0x89, 0xA9, 0x87, 0x41, 0x00, 0x00, 0x00, 0x00, 0x00, 0x00
  0x00, 0x00, 0x00, 0x00, 0x00, 0x00, 0x17, 0xCF, 0xFF, 0xFF, 0xFF, 0xFF, 0xFF, 0xC7, 0x10, 0x00, 0x00
  0x00, 0x00, 0x00, 0x00, 0x00, 0x00, 0x00, 0x2A, 0xFF, 0xFE, 0x95, 0x21, 0x01, 0x25, 0x8E, 0xFF, 0xFA
  0x20, 0x00, 0x00, 0x00, 0x00, 0x00, 0x00, 0x00, 0x07, 0xFF, 0xFD, 0x50, 0x00, 0x00, 0x00, 0x00, 0x00
  0x4C, 0xFF, 0xF8, 0x00, 0x00, 0x00, 0x00, 0x00, 0x00, 0x01, 0xBF, 0xFF, 0x70, 0x00, 0x00, 0x00, 0x00
  0x00, 0x00, 0x00, 0x6F, 0xFF, 0xC1, 0x00, 0x00, 0x00, 0x00, 0x00, 0x1D, 0xFF, 0xF3, 0x00, 0x00, 0x00
  0x00, 0x00, 0x00, 0x00, 0x00, 0x03, 0xEF, 0xFE, 0x20, 0x00, 0x00, 0x00, 0x01, 0xDF, 0xFF, 0x30, 0x00
  0x00, 0x00, 0x00, 0x00, 0x00, 0x00, 0x00, 0x00, 0x2E, 0xFF, 0xE1, 0x00, 0x00, 0x00, 0x0B, 0xFF, 0xF4
  0x00, 0x00, 0x00, 0x00, 0x00, 0x00, 0x00, 0x00, 0x00, 0x00, 0x04, 0xFF, 0xFC, 0x00, 0x00, 0x00, 0x6F
  0xFF, 0x90, 0x00, 0x00, 0x00, 0x00, 0x00, 0x00, 0x00, 0x00, 0x00, 0x00, 0x00, 0x8F, 0xFF, 0x70, 0x00
  0x00, 0xEF, 0xFE, 0x10, 0x00, 0x00, 0x00, 0x00, 0x00, 0x00, 0x00, 0x00, 0x00, 0x00, 0x00, 0x0E, 0xFF
  0xF1, 0x00, 0x07, 0xFF, 0xF8, 0x00, 0x00, 0x00, 0x00, 0x00, 0x00, 0x00, 0x00, 0x00, 0x00, 0x00, 0x00
  0x07, 0xFF, 0xF8, 0x00, 0x0E, 0xFF, 0xF1, 0x00, 0x00, 0x00, 0x00, 0x00, 0x00, 0x00, 0x00, 0x00, 0x00
  0x00, 0x00, 0x00, 0xFF, 0xFE, 0x00, 0x4F, 0xFF, 0xC0, 0x00, 0x00, 0x00, 0x00, 0x00, 0x00, 0x00, 0x00
  0x00, 0x00, 0x00, 0x00, 0x00, 0xBF, 0xFF, 0x40, 0x8F, 0xFF, 0x80, 0x00, 0x00, 0x00, 0x00, 0x00, 0x00
  0x00, 0x00, 0x00, 0x00, 0x00, 0x00, 0x00, 0x7F, 0xFF, 0x90, 0xBF, 0xFF, 0x50, 0x00, 0x00, 0x00, 0x00
  0x00, 0x00, 0x00, 0x00, 0x00, 0x00, 0x00, 0x00, 0x00, 0x4F, 0xFF, 0xC0, 0xDF, 0xFF, 0x20, 0x00, 0x00
  0x00, 0x00, 0x00, 0x00, 0x00, 0x00, 0x00, 0x00, 0x00, 0x00, 0x00, 0x2F, 0xFF, 0xE0, 0xFF, 0xFF, 0x10
  0x00, 0x00, 0x00, 0x00, 0x00, 0x00, 0x00, 0x00, 0x00, 0x00, 0x00, 0x00, 0x00, 0x1F, 0xFF, 0xF0, 0xFF
  0xFF, 0x10, 0x00, 0x00, 0x00, 0x00, 0x00, 0x00, 0x00, 0x00, 0x00, 0x00, 0x00, 0x00, 0x00, 0x0F, 0xFF
  0xF0, 0xFF, 0xFF, 0x10, 0x00, 0x00, 0x00, 0x00, 0x00, 0x00, 0x00, 0x00, 0x00, 0x00, 0x00, 0x00, 0x00
  0x0F, 0xFF, 0xF0, 0xEF, 0xFF, 0x20, 0x00, 0x00, 0x00, 0x00, 0x00, 0x00, 0x00, 0x00, 0x00, 0x00, 0x00
  0x00, 0x00, 0x1F, 0xFF, 0xF0, 0xCF, 0xFF, 0x40, 0x00, 0x00, 0x00, 0x00, 0x00, 0x00, 0x00, 0x00, 0x00
  0x00, 0x00, 0x00, 0x00, 0x3F, 0xFF, 0xD0, 0x9F, 0xFF, 0x70, 0x00, 0x00, 0x00, 0x00, 0x00, 0x00, 0x00
  0x00, 0x00, 0x00, 0x00, 0x00, 0x00, 0x6F, 0xFF, 0xA0, 0x5F, 0xFF, 0xA0, 0x00, 0x00, 0x00, 0x00, 0x00
  0x00, 0x00, 0x00, 0x00, 0x00, 0x00, 0x00, 0x00, 0x9F, 0xFF, 0x60, 0x1F, 0xFF, 0xF0, 0x00, 0x00, 0x00
  0x00, 0x00, 0x00, 0x00, 0x00, 0x00, 0x00, 0x00, 0x00, 0x00, 0xEF, 0xFF, 0x10, 0x0A, 0xFF, 0xF5, 0x00
  0x00, 0x00, 0x00, 0x00, 0x00, 0x00, 0x00, 0x00, 0x00, 0x00, 0x00, 0x04, 0xFF, 0xFB, 0x00, 0x02, 0xFF
  0xFD, 0x00, 0x00, 0x00, 0x00, 0x00, 0x00, 0x00, 0x00, 0x00, 0x00, 0x00, 0x00, 0x0C, 0xFF, 0xF3, 0x00
  0x00, 0x9F, 0xFF, 0x60, 0x00, 0x00, 0x00, 0x00, 0x00, 0x00, 0x00, 0x00, 0x00, 0x00, 0x00, 0x5F, 0xFF
  0xA0, 0x00, 0x00, 0x1E, 0xFF, 0xE1, 0x00, 0x00, 0x00, 0x00, 0x00, 0x00, 0x00, 0x00, 0x00, 0x00, 0x01
  0xEF, 0xFE, 0x10, 0x00, 0x00, 0x03, 0xFF, 0xFC, 0x00, 0x00, 0x00, 0x00, 0x00, 0x00, 0x00, 0x00, 0x00
  0x00, 0x0C, 0xFF, 0xF4, 0x00, 0x00, 0x00, 0x00, 0x5F, 0xFF, 0xB0, 0x00, 0x00, 0x00, 0x00, 0x00, 0x00
  0x00, 0x00, 0x00, 0xBF, 0xFF, 0x50, 0x00, 0x00, 0x00, 0x00, 0x04, 0xFF, 0xFD, 0x20, 0x00, 0x00, 0x00
  0x00, 0x00, 0x00, 0x00, 0x2C, 0xFF, 0xF5, 0x00, 0x00, 0x00, 0x00, 0x00, 0x00, 0x2C, 0xFF, 0xF7, 0x00
  0x00, 0x00, 0x00, 0x00, 0x00, 0x07, 0xFF, 0xFD, 0x20, 0x00, 0x00, 0x00, 0x00, 0x00, 0x00, 0x00, 0x7E
  0xFF, 0xE8, 0x30, 0x00, 0x00, 0x00, 0x38, 0xEF, 0xFE, 0x70, 0x00, 0x00, 0x00, 0x00, 0x00, 0x00, 0x00
  0x00, 0x00, 0x6D, 0xFF, 0xFF, 0xCB, 0xAB, 0xCF, 0xFF, 0xFD, 0x70, 0x00, 0x00, 0x00, 0x00, 0x00, 0x00
  0x00, 0x00, 0x00, 0x00, 0x00, 0x26, 0xAC, 0xEF, 0xFF, 0xEC, 0xA6, 0x20, 0x00, 0x00, 0x00, 0x00, 0x00
  0x00, 0xFF, 0xFF, 0xFF, 0xFF, 0xFF, 0xFF, 0xFF, 0xFD, 0xB8, 0x30, 0x00, 0x00, 0x00, 0x01, 0x7F, 0xFF
  0xFF, 0xBA, 0xAA, 0xAB, 0xCF, 0xFF, 0xFD, 0x60, 0x00, 0x00, 0x00, 0x06, 0xFF, 0xFF, 0x10, 0x00, 0x00
  0x00, 0x3A, 0xFF, 0xFC, 0x10, 0x00, 0x00, 0x00, 0xFF, 0xFF, 0x10, 0x00, 0x00, 0x00, 0x00, 0x4F, 0xFF
  0xD1, 0x00, 0x00, 0x00, 0xFF, 0xFF, 0x10, 0x00, 0x00, 0x00, 0x00, 0x04, 0xFF, 0xFB, 0x00, 0x00, 0x00
  0xFF, 0xFF, 0x10, 0x00, 0x00, 0x00, 0x00, 0x00, 0xBF, 0xFF, 0x40, 0x00, 0x00, 0xFF, 0xFF, 0x10, 0x00
  0x00, 0x00, 0x00, 0x00, 0x5F, 0xFF, 0xA0, 0x00, 0x00, 0xFF, 0xFF, 0x10, 0x00, 0x00, 0x00, 0x00, 0x00
  0x1F, 0xFF, 0xE0, 0x00, 0x00, 0xFF, 0xFF, 0x10, 0x00, 0x00, 0x00, 0x00, 0x00, 0x0F, 0xFF, 0xF0, 0x00
  0x00, 0xFF, 0xFF, 0x10, 0x00, 0x00, 0x00, 0x00, 0x00, 0x0F, 0xFF, 0xF0, 0x00, 0x00, 0xFF, 0xFF, 0x10
  0x00, 0x00, 0x00, 0x00, 0x00, 0x2F, 0xFF, 0xF0, 0x00, 0x00, 0xFF, 0xFF, 0x10, 0x00, 0x00, 0x00, 0x00
  0x00, 0x5F, 0xFF, 0xD0, 0x00, 0x00, 0xFF, 0xFF, 0x10, 0x00, 0x00, 0x00, 0x00, 0x00, 0xAF, 0xFF, 0x90
  0x00, 0x00, 0xFF, 0xFF, 0x10, 0x00, 0x00, 0x00, 0x00, 0x02, 0xFF, 0xFF, 0x30, 0x00, 0x00, 0xFF, 0xFF
  0x10, 0x00, 0x00, 0x00, 0x00, 0x0C, 0xFF, 0xFB, 0x00, 0x00, 0x00, 0xFF, 0xFF, 0x10, 0x00, 0x00, 0x00
  0x01, 0xBF, 0xFF, 0xE1, 0x00, 0x00, 0x00, 0xFF, 0xFF, 0x10, 0x00, 0x00, 0x00, 0x6E, 0xFF, 0xFE, 0x20
  0x00, 0x00, 0x00, 0xFF, 0xFF, 0x10, 0xAB, 0xAB, 0xCF, 0xFF, 0xFF, 0xA1, 0x00, 0x00, 0x00, 0x00, 0xFF
  0xFF, 0x10, 0x03, 0x9C, 0xFF, 0xEC, 0x82, 0x00, 0x00, 0x00, 0x00, 0x00, 0xFF, 0xFF, 0x10, 0x00, 0x00
  0x00, 0x00, 0x00, 0x00, 0x00, 0x00, 0x00, 0x00, 0xFF, 0xFF, 0x10, 0x00, 0x00, 0x00, 0x00, 0x00, 0x00
  0x00, 0x00, 0x00, 0x00, 0xFF, 0xFF, 0x10, 0x00, 0x00, 0x00, 0x00, 0x00, 0x00, 0x00, 0x00, 0x00, 0x00
  0xFF, 0xFF, 0x10, 0x00, 0x00, 0x00, 0x00, 0x00, 0x00, 0x00, 0x00, 0x00, 0x00, 0xFF, 0xFF, 0x10, 0x00
  0x00, 0x00, 0x00, 0x00, 0x00, 0x00, 0x00, 0x00, 0x00, 0xFF, 0xFF, 0x10, 0x00, 0x00, 0x00, 0x00, 0x00
  0x00, 0x00, 0x00, 0x00, 0x00, 0xFF, 0xFF, 0x10, 0x00, 0x00, 0x00, 0x00, 0x00, 0x00, 0x00, 0x00, 0x00
  0x00, 0xFF, 0xFF, 0x10, 0x00, 0x00, 0x00, 0x00, 0x00, 0x00, 0x00, 0x00, 0x00, 0x00, 0xFF, 0xFF, 0x10
  0x00, 0x00, 0x00, 0x00, 0x00, 0x00, 0x00, 0x00, 0x00, 0x00, 0xFF, 0xFF, 0x10, 0x00, 0x00, 0x00, 0x00
  0x00, 0x00, 0x00, 0x00, 0x00, 0x01, 0xFF, 0xFF, 0x10, 0x00, 0x00, 0x00, 0x00, 0x00, 0x00, 0x00, 0x00
  0x00, 0x08, 0xFF, 0xFF, 0x70, 0x00, 0x00, 0x00, 0x00, 0x00, 0x00, 0x00, 0x00, 0x02, 0x9F, 0xFF, 0xFF
  0xF7, 0x20, 0x00, 0x00, 0x00, 0x00, 0x00, 0x00, 0x00, 0xEF, 0xFF, 0xFF, 0xFF, 0xFF, 0xFA, 0x00, 0x00
  0x00, 0x00, 0x00, 0x00, 0x00, 0x00, 0x00, 0x00, 0x00, 0x00, 0x00, 0x02, 0x57, 0x9A, 0xA9, 0x75, 0x20
  0x00, 0x00, 0x00, 0x00, 0x00, 0x00, 0x00, 0x00, 0x00, 0x00, 0x00, 0x00, 0x00, 0x00, 0x00, 0x00, 0x00
  0x00, 0x00, 0x00, 0x00, 0x00, 0x00, 0x00, 0x03, 0x9E, 0xFF, 0xFF, 0xFF, 0xFF, 0xFF, 0xE9, 0x30, 0x00
  0x00, 0x00, 0x00, 0x00, 0x00, 0x00, 0x00, 0x00, 0x00, 0x00, 0x00, 0x00, 0x00, 0x00, 0x00, 0x00, 0x00
  0x00, 0x00, 0x00, 0x00, 0x3C, 0xFF, 0xFC, 0x74, 0x10, 0x01, 0x37, 0xCF, 0xFF, 0xC4, 0x00, 0x00, 0x00
  0x00, 0x00, 0x00, 0x00, 0x00, 0x00, 0x00, 0x00, 0x00, 0x00, 0x00, 0x00, 0x00, 0x00, 0x00, 0x00, 0x00
  0x00, 0x9F, 0xFF, 0xB2, 0x00, 0x00, 0x00, 0x00, 0x00, 0x2A, 0xFF, 0xFA, 0x10, 0x00, 0x00, 0x00, 0x00
  0x00, 0x00, 0x00, 0x00, 0x00, 0x00, 0x00, 0x00, 0x00, 0x00, 0x00, 0x00, 0x00, 0x00, 0x02, 0xDF, 0xFE
  0x50, 0x00, 0x00, 0x00, 0x00, 0x00, 0x00, 0x04, 0xEF, 0xFD, 0x20, 0x00, 0x00, 0x00, 0x00, 0x00, 0x00
  0x00, 0x00, 0x00, 0x00, 0x00, 0x00, 0x00, 0x00, 0x00, 0x00, 0x00, 0x02, 0xEF, 0xFE, 0x20, 0x00, 0x00
  0x00, 0x00, 0x00, 0x00, 0x00, 0x01, 0xDF, 0xFE, 0x30, 0x00, 0x00, 0x00, 0x00, 0x00, 0x00, 0x00, 0x00
  0x00, 0x00, 0x00, 0x00, 0x00, 0x00, 0x00, 0x00, 0x01, 0xEF, 0xFE, 0x10, 0x00, 0x00, 0x00, 0x00, 0x00
  0x00, 0x00, 0x00, 0x01, 0xEF, 0xFE, 0x20, 0x00, 0x00, 0x00, 0x00, 0x00, 0x00, 0x00, 0x00, 0x00, 0x00
  0x00, 0x00, 0x00, 0x00, 0x00, 0x00, 0xCF, 0xFF, 0x30, 0x00, 0x00, 0x00, 0x00, 0x00, 0x00, 0x00, 0x00
  0x00, 0x03, 0xFF, 0xFD, 0x00, 0x00, 0x00, 0x00, 0x00, 0x00, 0x00, 0x00, 0x00, 0x00, 0x00, 0x00, 0x00
  0x00, 0x00, 0x00, 0x7F, 0xFF, 0x80, 0x00, 0x00, 0x00, 0x00, 0x00, 0x00, 0x00, 0x00, 0x00, 0x00, 0x07
  0xFF, 0xF8, 0x00, 0x00, 0x00, 0x00, 0x00, 0x00, 0x00, 0x00, 0x00, 0x00, 0x00, 0x00, 0x00, 0x00, 0x00
  0x1F, 0xFF, 0xE0, 0x00, 0x00, 0x00, 0x00, 0x00, 0x00, 0x00, 0x00, 0x00, 0x00, 0x00, 0x0D, 0xFF, 0xF1
  0x00, 0x00, 0x00, 0x00, 0x00, 0x00, 0x00, 0x00, 0x00, 0x00, 0x00, 0x00, 0x00, 0x00, 0x08, 0xFF, 0xF7
  0x00, 0x00, 0x00, 0x00, 0x00, 0x00, 0x00, 0x00, 0x00, 0x00, 0x00, 0x00, 0x6F, 0xFF, 0x90, 0x00, 0x00
  0x00, 0x00, 0x00, 0x00, 0x00, 0x00, 0x00, 0x00, 0x00, 0x00, 0x00, 0x00, 0xEF, 0xFF, 0x10, 0x00, 0x00
  0x00, 0x00, 0x00, 0x00, 0x00, 0x00, 0x00, 0x00, 0x00, 0x00, 0xFF, 0xFF, 0x00, 0x00, 0x00, 0x00, 0x00
  0x00, 0x00, 0x00, 0x00, 0x00, 0x00, 0x00, 0x00, 0x00, 0x4F, 0xFF, 0xC0, 0x00, 0x00, 0x00, 0x00, 0x00
  0x00, 0x00, 0x00, 0x00, 0x00, 0x00, 0x00, 0x0B, 0xFF, 0xF5, 0x00, 0x00, 0x00, 0x00, 0x00, 0x00, 0x00
  0x00, 0x00, 0x00, 0x00, 0x00, 0x00, 0x08, 0xFF, 0xF7, 0x00, 0x00, 0x00, 0x00, 0x00, 0x00, 0x00, 0x00
  0x00, 0x00, 0x00, 0x00, 0x00, 0x7F, 0xFF, 0x90, 0x00, 0x00, 0x00, 0x00, 0x00, 0x00, 0x00, 0x00, 0x00
  0x00, 0x00, 0x00, 0x00, 0xBF, 0xFF, 0x50, 0x00, 0x00, 0x00, 0x00, 0x00, 0x00, 0x00, 0x00, 0x00, 0x00
  0x00, 0x00, 0x04, 0xFF, 0xFC, 0x00, 0x00, 0x00, 0x00, 0x00, 0x00, 0x00, 0x00, 0x00, 0x00, 0x00, 0x00
  0x00, 0x0D, 0xFF, 0xF2, 0x00, 0x00, 0x00, 0x00, 0x00, 0x00, 0x00, 0x00, 0x00, 0x00, 0x00, 0x00, 0x00
  0x1F, 0xFF, 0xE0, 0x00, 0x00, 0x00, 0x00, 0x00, 0x00, 0x00, 0x00, 0x00, 0x00, 0x00, 0x00, 0x00, 0xFF
  0xFF, 0x10, 0x00, 0x00, 0x00, 0x00, 0x00, 0x00, 0x00, 0x00, 0x00, 0x00, 0x00, 0x00, 0x01, 0xFF, 0xFF
  0x00, 0x00, 0x00, 0x00, 0x00, 0x00, 0x00, 0x00, 0x00, 0x00, 0x00, 0x00, 0x00, 0x0F, 0xFF, 0xF1, 0x00
  0x00, 0x00, 0x00, 0x00, 0x00, 0x00, 0x00, 0x00, 0x00, 0x00, 0x00, 0x00, 0x0F, 0xFF, 0xF0, 0x00, 0x00
  0x00, 0x00, 0x00, 0x00, 0x00, 0x00, 0x00, 0x00, 0x00, 0x00, 0x00, 0xFF, 0xFF, 0x10, 0x00, 0x00, 0x00
  0x00, 0x00, 0x00, 0x00, 0x00, 0x00, 0x00, 0x00, 0x00, 0x00, 0xFF, 0xFF, 0x00, 0x00, 0x00, 0x00, 0x00
  0x00, 0x00, 0x00, 0x00, 0x00, 0x00, 0x00, 0x00, 0x0E, 0xFF, 0xF2, 0x00, 0x00, 0x00, 0x00, 0x00, 0x00
  0x00, 0x00, 0x00, 0x00, 0x00, 0x00, 0x00, 0x1F, 0xFF, 0xF0, 0x00, 0x00, 0x00, 0x00, 0x00, 0x00, 0x00
  0x00, 0x00, 0x00, 0x00, 0x00, 0x00, 0xCF, 0xFF, 0x40, 0x00, 0x00, 0x00, 0x00, 0x00, 0x00, 0x00, 0x00
  0x00, 0x00, 0x00, 0x00, 0x03, 0xFF, 0xFD, 0x00, 0x00, 0x00, 0x00, 0x00, 0x00, 0x00, 0x00, 0x00, 0x00
  0x00, 0x00, 0x00, 0x09, 0xFF, 0xF7, 0x00, 0x00, 0x00, 0x00, 0x00, 0x00, 0x00, 0x00, 0x00, 0x00, 0x00
  0x00, 0x00, 0x6F, 0xFF, 0xA0, 0x00, 0x00, 0x00, 0x00, 0x00, 0x00, 0x00, 0x00, 0x00, 0x00, 0x00, 0x00
  0x00, 0x5F, 0xFF, 0xA0, 0x00, 0x00, 0x00, 0x00, 0x00, 0x00, 0x00, 0x00, 0x00, 0x00, 0x00, 0x00, 0x09
  0xFF, 0xF6, 0x00, 0x00, 0x00, 0x00, 0x00, 0x00, 0x00, 0x00, 0x00, 0x00, 0x00, 0x00, 0x00, 0x01, 0xFF
  0xFF, 0x00, 0x00, 0x00, 0x00, 0x00, 0x00, 0x00, 0x00, 0x00, 0x00, 0x00, 0x00, 0x00, 0xEF, 0xFF, 0x10
  0x00, 0x00, 0x00, 0x00, 0x00, 0x00, 0x00, 0x00, 0x00, 0x00, 0x00, 0x00, 0x00, 0x0A, 0xFF, 0xF5, 0x00
  0x00, 0x00, 0x00, 0x00, 0x00, 0x00, 0x00, 0x00, 0x00, 0x00, 0x00, 0x4F, 0xFF, 0xB0, 0x00, 0x00, 0x00
  0x00, 0x00, 0x00, 0x00, 0x00, 0x00, 0x00, 0x00, 0x00, 0x00, 0x00, 0x3F, 0xFF, 0xC0, 0x00, 0x00, 0x00
  0x00, 0x00, 0x00, 0x00, 0x00, 0x00, 0x00, 0x00, 0x0B, 0xFF, 0xF4, 0x00, 0x00, 0x00, 0x00, 0x00, 0x00
  0x00, 0x00, 0x00, 0x00, 0x00, 0x00, 0x00, 0x00, 0x00, 0xAF, 0xFF, 0x50, 0x00, 0x00, 0x00, 0x00, 0x00
  0x00, 0x00, 0x00, 0x00, 0x00, 0x04, 0xFF, 0xFB, 0x00, 0x00, 0x00, 0x00, 0x00, 0x00, 0x00, 0x00, 0x00
  0x00, 0x00, 0x00, 0x00, 0x00, 0x00, 0x01, 0xEF, 0xFE, 0x10, 0x00, 0x00, 0x00, 0x00, 0x00, 0x00, 0x00
  0x00, 0x00, 0x00, 0xDF, 0xFF, 0x20, 0x00, 0x00, 0x00, 0x00, 0x00, 0x00, 0x00, 0x00, 0x00, 0x00, 0x00
  0x00, 0x00, 0x00, 0x00, 0x04, 0xFF, 0xFB, 0x00, 0x00, 0x00, 0x00, 0x00, 0x00, 0x00, 0x00, 0x00, 0x00
  0xAF, 0xFF, 0x50, 0x00, 0x00, 0x00, 0x00, 0x00, 0x00, 0x00, 0x00, 0x00, 0x00, 0x00, 0x00, 0x00, 0x00
  0x00, 0x00, 0x06, 0xFF, 0xFA, 0x00, 0x00, 0x00, 0x00, 0x00, 0x00, 0x00, 0x00, 0x00, 0x9F, 0xFF, 0x70
  0x00, 0x00, 0x00, 0x00, 0x00, 0x00, 0x00, 0x00, 0x00, 0x00, 0x00, 0x00, 0x00, 0x00, 0x00, 0x00, 0x00
  0x06, 0xFF, 0xFB, 0x10, 0x00, 0x00, 0x00, 0x00, 0x00, 0x00, 0x00, 0xAF, 0xFF, 0x70, 0x00, 0x00, 0x00
  0x00, 0x00, 0x00, 0x00, 0x00, 0x00, 0x00, 0x00, 0x00, 0x00, 0x00, 0x00, 0x00, 0x00, 0x00, 0x04, 0xEF
  0xFE, 0x50, 0x00, 0x00, 0x00, 0x00, 0x00, 0x05, 0xEF, 0xFE, 0x40, 0x00, 0x00, 0x00, 0x00, 0x00, 0x00
  0x00, 0x00, 0x00, 0x00, 0x00, 0x00, 0x00, 0x00, 0x00, 0x00, 0x00, 0x00, 0x00, 0x00, 0x8F, 0xFF, 0xD7
  0x10, 0x00, 0x00, 0x01, 0x6C, 0xFF, 0xF9, 0x10, 0x00, 0x00, 0x00, 0x00, 0x00, 0x00, 0x00, 0x00, 0x00
  0x00, 0x00, 0x00, 0x00, 0x00, 0x00, 0x00, 0x00, 0x00, 0x00, 0x00, 0x00, 0x18, 0xEF, 0xFF, 0xEC, 0xBD
  0xEE, 0xFF, 0xFE, 0x92, 0x00, 0x00, 0x00, 0x00, 0x00, 0x00, 0x00, 0x00, 0x00, 0x00, 0x00, 0x00, 0x00
  0x00, 0x00, 0x00, 0x00, 0x00, 0x00, 0x00, 0x00, 0x00, 0x00, 0x00, 0x37, 0xBD, 0xFF, 0xFF, 0xFF, 0xF7
  0x00, 0x00, 0x00, 0x00, 0x00, 0x00, 0x00, 0x00, 0x00, 0x00, 0x00, 0x00, 0x00, 0x00, 0x00, 0x00, 0x00
  0x00, 0x00, 0x00, 0x00, 0x00, 0x00, 0x00, 0x00, 0x00, 0x00, 0x00, 0x01, 0x59, 0xEF, 0xFD, 0x83, 0x00
  0x00, 0x00, 0x00, 0x00, 0x00, 0x00, 0x00, 0x00, 0x00, 0x00, 0x00, 0x00, 0x00, 0x00, 0x00, 0x00, 0x00
  0x00, 0x00, 0x00, 0x00, 0x00, 0x00, 0x00, 0x00, 0x00, 0x00, 0x00, 0x4A, 0xFF, 0xFD, 0x82, 0x00, 0x00
  0x00, 0x00, 0x00, 0x00, 0x00, 0x00, 0x00, 0x00, 0x00, 0x00, 0x00, 0x00, 0x00, 0x00, 0x00, 0x00, 0x00
  0x00, 0x00, 0x00, 0x00, 0x00, 0x00, 0x00, 0x00, 0x00, 0x01, 0x7E, 0xFF, 0xFC, 0x61, 0x00, 0x00, 0x00
  0x00, 0x00, 0x00, 0x00, 0x00, 0x00, 0x00, 0x00, 0x00, 0x00, 0x00, 0x00, 0x00, 0x00, 0x00, 0x00, 0x00
  0x00, 0x00, 0x00, 0x00, 0x00, 0x00, 0x00, 0x00, 0x06, 0xEF, 0xFF, 0xFA, 0x40, 0x00, 0x00, 0x00, 0x00
  0x00, 0x00, 0x00, 0x00, 0x00, 0x00, 0x00, 0x00, 0x01, 0x40, 0x00, 0x00, 0x00, 0x00, 0x00, 0x00, 0x00
  0x00, 0x00, 0x00, 0x00, 0x00, 0x00, 0x00, 0x6E, 0xFF, 0xFF, 0xE8, 0x10, 0x00, 0x00, 0x00, 0x00, 0x00
  0x00, 0x00, 0x00, 0x00, 0x00, 0x04, 0xD1, 0x00, 0x00, 0x00, 0x00, 0x00, 0x00, 0x00, 0x00, 0x00, 0x00
  0x00, 0x00, 0x00, 0x00, 0x00, 0x07, 0xEF, 0xFF, 0xFF, 0xB6, 0x10, 0x00, 0x00, 0x00, 0x00, 0x00, 0x00
  0x00, 0x00, 0x2A, 0xF3, 0x00, 0x00, 0x00, 0x00, 0x00, 0x00, 0x00, 0x00, 0x00, 0x00, 0x00, 0x00, 0x00
  0x00, 0x00, 0x00, 0x00, 0x7E, 0xFF, 0xFF, 0xFF, 0xB8, 0x41, 0x00, 0x00, 0x00, 0x00, 0x00, 0x15, 0xBF
  0xE3, 0x00, 0x00, 0x00, 0x00, 0x00, 0x00, 0x00, 0x00, 0x00, 0x00, 0x00, 0x00, 0x00, 0x00, 0x00, 0x00
  0x00, 0x00, 0x07, 0xEF, 0xFF, 0xFF, 0xFF, 0xFE, 0xCA, 0x99, 0x88, 0x9A, 0xDF, 0xFF, 0xB1, 0x00, 0x00
  0x00, 0x00, 0x00, 0x00, 0x00, 0x00, 0x00, 0x00, 0x00, 0x00, 0x00, 0x00, 0x00, 0x00, 0x00, 0x00, 0x00
  0x00, 0x6D, 0xFF, 0xFF, 0xFF, 0xFF, 0xFF, 0xFF, 0xFF, 0xFF, 0xFE, 0x60, 0x00, 0x00, 0x00, 0x00, 0x00
  0x00, 0x00, 0x00, 0x00, 0x00, 0x00, 0x00, 0x00, 0x00, 0x00, 0x00, 0x00, 0x00, 0x00, 0x00, 0x00, 0x03
  0x9E, 0xFF, 0xFF, 0xFF, 0xFF, 0xFF, 0xFF, 0xC6, 0x00, 0x00, 0x00, 0x00, 0x00, 0x00, 0x00, 0x00, 0x00
  0x00, 0x00, 0x00, 0x00, 0x00, 0x00, 0x00, 0x00, 0x00, 0x00, 0x00, 0x00, 0x00, 0x00, 0x00, 0x03, 0x7A
  0xCE, 0xEE, 0xDC, 0x96, 0x10, 0x00, 0x00, 0x00, 0x00, 0xDF, 0xFF, 0xFF, 0xFF, 0xFF, 0xFF, 0xFF, 0xFE
  0xC9, 0x50, 0x00, 0x00, 0x00, 0x00, 0x00, 0x00, 0x00, 0x16, 0xFF, 0xFF, 0xFB, 0xAA, 0xAA, 0xAB, 0xDF
  0xFF, 0xF9, 0x00, 0x00, 0x00, 0x00, 0x00, 0x00, 0x00, 0x05, 0xFF, 0xFF, 0x10, 0x00, 0x00, 0x00, 0x18
  0xFF, 0xFE, 0x30, 0x00, 0x00, 0x00, 0x00, 0x00, 0x00, 0x0F, 0xFF, 0xF1, 0x00, 0x00, 0x00, 0x00, 0x02
  0xEF, 0xFF, 0x30, 0x00, 0x00, 0x00, 0x00, 0x00, 0x00, 0xFF, 0xFF, 0x10, 0x00, 0x00, 0x00, 0x00, 0x03
  0xFF, 0xFD, 0x00, 0x00, 0x00, 0x00, 0x00, 0x00, 0x0F, 0xFF, 0xF1, 0x00, 0x00, 0x00, 0x00, 0x00, 0x09
  0xFF, 0xF6, 0x00, 0x00, 0x00, 0x00, 0x00, 0x00, 0xFF, 0xFF, 0x10, 0x00, 0x00, 0x00, 0x00, 0x00, 0x3F
  0xFF, 0xB0, 0x00, 0x00, 0x00, 0x00, 0x00, 0x0F, 0xFF, 0xF1, 0x00, 0x00, 0x00, 0x00, 0x00, 0x01, 0xFF
  0xFE, 0x00, 0x00, 0x00, 0x00, 0x00, 0x00, 0xFF, 0xFF, 0x10, 0x00, 0x00, 0x00, 0x00, 0x00, 0x0F, 0xFF
  0xF0, 0x00, 0x00, 0x00, 0x00, 0x00, 0x0F, 0xFF, 0xF1, 0x00, 0x00, 0x00, 0x00, 0x00, 0x01, 0xFF, 0xFF
  0x00, 0x00, 0x00, 0x00, 0x00, 0x00, 0xFF, 0xFF, 0x10, 0x00, 0x00, 0x00, 0x00, 0x00, 0x3F, 0xFF, 0xE0
  0x00, 0x00, 0x00, 0x00, 0x00, 0x0F, 0xFF, 0xF1, 0x00, 0x00, 0x00, 0x00, 0x00, 0x07, 0xFF, 0xFA, 0x00
  0x00, 0x00, 0x00, 0x00, 0x00, 0xFF, 0xFF, 0x10, 0x00, 0x00, 0x00, 0x00, 0x00, 0xDF, 0xFF, 0x40, 0x00
  0x00, 0x00, 0x00, 0x00, 0x0F, 0xFF, 0xF1, 0x00, 0x00, 0x00, 0x00, 0x00, 0x6F, 0xFF, 0xC0, 0x00, 0x00
  0x00, 0x00, 0x00, 0x00, 0xFF, 0xFF, 0x10, 0x00, 0x00, 0x00, 0x00, 0x5F, 0xFF, 0xE1, 0x00, 0x00, 0x00
  0x00, 0x00, 0x00, 0x0F, 0xFF, 0xF1, 0x00, 0x00, 0x01, 0x25, 0xBF, 0xFF, 0xE3, 0x00, 0x00, 0x00, 0x00
  0x00, 0x00, 0x00, 0xFF, 0xFF, 0x10, 0xFF, 0xFF, 0xFF, 0xFF, 0xFF, 0xB1, 0x00, 0x00, 0x00, 0x00, 0x00
  0x00, 0x00, 0x0F, 0xFF, 0xF1, 0x00, 0x4C, 0xFF, 0xFF, 0xC9, 0x30, 0x00, 0x00, 0x00, 0x00, 0x00, 0x00
  0x00, 0x00, 0xFF, 0xFF, 0x10, 0x00, 0x09, 0xFF, 0xF7, 0x00, 0x00, 0x00, 0x00, 0x00, 0x00, 0x00, 0x00
  0x00, 0x0F, 0xFF, 0xF1, 0x00, 0x00, 0x09, 0xFF, 0xF9, 0x00, 0x00, 0x00, 0x00, 0x00, 0x00, 0x00, 0x00
  0x00, 0xFF, 0xFF, 0x10, 0x00, 0x00, 0x0B, 0xFF, 0xF8, 0x00, 0x00, 0x00, 0x00, 0x00, 0x00, 0x00, 0x00
  0x0F, 0xFF, 0xF1, 0x00, 0x00, 0x00, 0x1E, 0xFF, 0xF6, 0x00, 0x00, 0x00, 0x00, 0x00, 0x00, 0x00, 0x00
  0xFF, 0xFF, 0x10, 0x00, 0x00, 0x00, 0x4F, 0xFF, 0xF2, 0x00, 0x00, 0x00, 0x00, 0x00, 0x00, 0x00, 0x0F
  0xFF, 0xF1, 0x00, 0x00, 0x00, 0x00, 0x9F, 0xFF, 0xD1, 0x00, 0x00, 0x00, 0x00, 0x00, 0x00, 0x00, 0xFF
  0xFF, 0x10, 0x00, 0x00, 0x00, 0x00, 0xDF, 0xFF, 0xB0, 0x00, 0x00, 0x00, 0x00, 0x00, 0x00, 0x0F, 0xFF
  0xF1, 0x00, 0x00, 0x00, 0x00, 0x03, 0xFF, 0xFF, 0x80, 0x00, 0x00, 0x00, 0x00, 0x00, 0x00, 0xFF, 0xFF
  0x10, 0x00, 0x00, 0x00, 0x00, 0x07, 0xFF, 0xFF, 0x60, 0x00, 0x00, 0x00, 0x00, 0x00, 0x0F, 0xFF, 0xF1
  0x00, 0x00, 0x00, 0x00, 0x00, 0x0C, 0xFF, 0xFF, 0x40, 0x00, 0x00, 0x00, 0x00, 0x00, 0xFF, 0xFF, 0x10
  0x00, 0x00, 0x00, 0x00, 0x00, 0x1E, 0xFF, 0xFF, 0x30, 0x00, 0x00, 0x00, 0x00, 0x1F, 0xFF, 0xF1, 0x00
  0x00, 0x00, 0x00, 0x00, 0x00, 0x2E, 0xFF, 0xFF, 0x30, 0x00, 0x00, 0x00, 0x07, 0xFF, 0xFF, 0x80, 0x00
  0x00, 0x00, 0x00, 0x00, 0x00, 0x2D, 0xFF, 0xFF, 0x50, 0x00, 0x00, 0x28, 0xFF, 0xFF, 0xFF, 0x82, 0x00
  0x00, 0x00, 0x00, 0x00, 0x00, 0x08, 0xFF, 0xFF, 0xB5, 0x20, 0xCF, 0xFF, 0xFF, 0xFF, 0xFF, 0xFB, 0x00
  0x00, 0x00, 0x00, 0x00, 0x00, 0x01, 0x6A, 0xCE, 0xEF, 0x50, 0x00, 0x00, 0x00, 0x15, 0x8A, 0xA9, 0x86
  0x40, 0x00, 0x00, 0x00, 0x01, 0x9F, 0xFF, 0xFF, 0xFF, 0xFF, 0xFF, 0x10, 0x00, 0x03, 0xEF, 0xE7, 0x30
  0x01, 0x49, 0xFF, 0xF1, 0x00, 0x02, 0xFF, 0xA0, 0x00, 0x00, 0x00, 0x04, 0xFF, 0x10, 0x00, 0xDF, 0xC0
  0x00, 0x00, 0x00, 0x00, 0x07, 0xF1, 0x00, 0x6F, 0xF3, 0x00, 0x00, 0x00, 0x00, 0x00, 0x1F, 0x10, 0x0B
  0xFE, 0x00, 0x00, 0x00, 0x00, 0x00, 0x00, 0xD0, 0x00, 0xEF, 0xE0, 0x00, 0x00, 0x00, 0x00, 0x00, 0x00
  0x00, 0x0F, 0xFF, 0x00, 0x00, 0x00, 0x00, 0x00, 0x00, 0x00, 0x00, 0xEF, 0xF5, 0x00, 0x00, 0x00, 0x00
  0x00, 0x00, 0x00, 0x0B, 0xFF, 0xD0, 0x00, 0x00, 0x00, 0x00, 0x00, 0x00, 0x00, 0x7F, 0xFF, 0xB0, 0x00
  0x00, 0x00, 0x00, 0x00, 0x00, 0x00, 0xEF, 0xFF, 0xD2, 0x00, 0x00, 0x00, 0x00, 0x00, 0x00, 0x04, 0xFF
  0xFF, 0xF4, 0x00, 0x00, 0x00, 0x00, 0x00, 0x00, 0x05, 0xFF, 0xFF, 0xF7, 0x00, 0x00, 0x00, 0x00, 0x00
  0x00, 0x03, 0xEF, 0xFF, 0xFA, 0x00, 0x00, 0x00, 0x00, 0x00, 0x00, 0x01, 0xCF, 0xFF, 0xFD, 0x20, 0x00
  0x00, 0x00, 0x00, 0x00, 0x00, 0x9F, 0xFF, 0xFE, 0x40, 0x00, 0x00, 0x00, 0x00, 0x00, 0x00, 0x6F, 0xFF
  0xFF, 0x60, 0x00, 0x00, 0x00, 0x00, 0x00, 0x00, 0x3E, 0xFF, 0xFF, 0x90, 0x00, 0x00, 0x00, 0x00, 0x00
  0x00, 0x1C, 0xFF, 0xFF, 0xC0, 0x00, 0x00, 0x00, 0x00, 0x00, 0x00, 0x09, 0xFF, 0xFF, 0x90, 0x00, 0x00
  0x00, 0x00, 0x00, 0x00, 0x06, 0xFF, 0xFF, 0x20, 0x00, 0x00, 0x00, 0x00, 0x00, 0x00, 0x05, 0xFF, 0xF7
  0x00, 0x00, 0x00, 0x00, 0x00, 0x00, 0x00, 0x0A, 0xFF, 0xB1, 0x40, 0x00, 0x00, 0x00, 0x00, 0x00, 0x00
  0x3F, 0xFD, 0x69, 0x00, 0x00, 0x00, 0x00, 0x00, 0x00, 0x00, 0xFF, 0xEA, 0xA0, 0x00, 0x00, 0x00, 0x00
  0x00, 0x00, 0x0F, 0xFC, 0xDD, 0x00, 0x00, 0x00, 0x00, 0x00, 0x00, 0x00, 0xFF, 0x9E, 0xF2, 0x00, 0x00
  0x00, 0x00, 0x00, 0x00, 0x5F, 0xF3, 0xFF, 0xC0, 0x00, 0x00, 0x00, 0x00, 0x00, 0x0C, 0xFA, 0x0F, 0xFF
  0xA0, 0x00, 0x00, 0x00, 0x00, 0x0A, 0xFD, 0x00, 0x9F, 0xFF, 0xD5, 0x00, 0x00, 0x00, 0x4C, 0xFD, 0x20
  0x00, 0x4C, 0xFF, 0xFF, 0xCB, 0xAC, 0xFF, 0xF9, 0x00, 0x00, 0x00, 0x01, 0x69, 0xCE, 0xFF, 0xEC, 0x82
  0x00, 0x00, 0x00, 0xDA, 0x74, 0x20, 0x00, 0x00, 0x00, 0x00, 0x00, 0x00, 0x00, 0x00, 0x00, 0x01, 0x36
  0xAE, 0xFF, 0xFF, 0xFF, 0xFF, 0xFF, 0xFF, 0xFF, 0xFF, 0xFF, 0xFF, 0xFF, 0xFF, 0xFF, 0xFF, 0xFF, 0xFF
  0x72, 0x00, 0x00, 0x00, 0x00, 0x0D, 0xFF, 0xF1, 0x00, 0x00, 0x00, 0x00, 0x16, 0xFF, 0xF7, 0x00, 0x00
  0x00, 0x00, 0x00, 0x0D, 0xFF, 0xF1, 0x00, 0x00, 0x00, 0x00, 0x00, 0x6F, 0xF2, 0x00, 0x00, 0x00, 0x00
  0x00, 0x0D, 0xFF, 0xF1, 0x00, 0x00, 0x00, 0x00, 0x00, 0x1F, 0xF1, 0x00, 0x00, 0x00, 0x00, 0x00, 0x0D
  0xFF, 0xF1, 0x00, 0x00, 0x00, 0x00, 0x00, 0x0F, 0x00, 0x00, 0x00, 0x00, 0x00, 0x00, 0x0D, 0xFF, 0xF1
  0x00, 0x00, 0x00, 0x00, 0x00, 0x00, 0x00, 0x00, 0x00, 0x00, 0x00, 0x00, 0x0D, 0xFF, 0xF1, 0x00, 0x00
  0x00, 0x00, 0x00, 0x00, 0x00, 0x00, 0x00, 0x00, 0x00, 0x00, 0x0D, 0xFF, 0xF1, 0x00, 0x00, 0x00, 0x00
  0x00, 0x00, 0x00, 0x00, 0x00, 0x00, 0x00, 0x00, 0x0D, 0xFF, 0xF1, 0x00, 0x00, 0x00, 0x00, 0x00, 0x00
  0x00, 0x00, 0x00, 0x00, 0x00, 0x00, 0x0D, 0xFF, 0xF1, 0x00, 0x00, 0x00, 0x00, 0x00, 0x00, 0x00, 0x00
  0x00, 0x00, 0x00, 0x00, 0x0D, 0xFF, 0xF1, 0x00, 0x00, 0x00, 0x00, 0x00, 0x00, 0x00, 0x00, 0x00, 0x00
  0x00, 0x00, 0x0D, 0xFF, 0xF1, 0x00, 0x00, 0x00, 0x00, 0x00, 0x00, 0x00, 0x00, 0x00, 0x00, 0x00, 0x00
  0x0D, 0xFF, 0xF1, 0x00, 0x00, 0x00, 0x00, 0x00, 0x00, 0x00, 0x00, 0x00, 0x00, 0x00, 0x00, 0x0D, 0xFF
  0xF1, 0x00, 0x00, 0x00, 0x00, 0x00, 0x00, 0x00, 0x00, 0x00, 0x00, 0x00, 0x00, 0x0D, 0xFF, 0xF1, 0x00
  0x00, 0x00, 0x00, 0x00, 0x00, 0x00, 0x00, 0x00, 0x00, 0x00, 0x00, 0x0D, 0xFF, 0xF1, 0x00, 0x00, 0x00
  0x00, 0x00, 0x00, 0x00, 0x00, 0x00, 0x00, 0x00, 0x00, 0x0D, 0xFF, 0xF1, 0x00, 0x00, 0x00, 0x00, 0x00
  0x00, 0x00, 0x00, 0x00, 0x00, 0x00, 0x00, 0x0D, 0xFF, 0xF1, 0x00, 0x00, 0x00, 0x00, 0x00, 0x00, 0x00
  0x00, 0x00, 0x00, 0x00, 0x00, 0x0D, 0xFF, 0xF1, 0x00, 0x00, 0x00, 0x00, 0x00, 0x00, 0x00, 0x00, 0x00
  0x00, 0x00, 0x00, 0x0D, 0xFF, 0xF1, 0x00, 0x00, 0x00, 0x00, 0x00, 0x00, 0x00, 0x00, 0x00, 0x00, 0x00
  0x00, 0x0D, 0xFF, 0xF1, 0x00, 0x00, 0x00, 0x00, 0x00, 0x00, 0x00, 0x00, 0x00, 0x00, 0x00, 0x00, 0x0D
  0xFF, 0xF1, 0x00, 0x00, 0x00, 0x00, 0x00, 0x00, 0x00, 0x00, 0x00, 0x00, 0x00, 0x00, 0x0D, 0xFF, 0xF1
  0x00, 0x00, 0x00, 0x00, 0x00, 0x00, 0x00, 0x00, 0x00, 0x00, 0x00, 0x00, 0x0D, 0xFF, 0xF1, 0x00, 0x00
  0x00, 0x00, 0x00, 0x00, 0x00, 0x00, 0x00, 0x00, 0x00, 0x00, 0x0D, 0xFF, 0xF1, 0x00, 0x00, 0x00, 0x00
  0x00, 0x00, 0x00, 0x00, 0x00, 0x00, 0x00, 0x00, 0x0D, 0xFF, 0xF1, 0x00, 0x00, 0x00, 0x00, 0x00, 0x00
  0x00, 0x00, 0x00, 0x00, 0x00, 0x00, 0x0D, 0xFF, 0xF1, 0x00, 0x00, 0x00, 0x00, 0x00, 0x00, 0x00, 0x00
  0x00, 0x00, 0x00, 0x00, 0x0D, 0xFF, 0xF1, 0x00, 0x00, 0x00, 0x00, 0x00, 0x00, 0x00, 0x00, 0x00, 0x00
  0x00, 0x00, 0x0D, 0xFF, 0xF1, 0x00, 0x00, 0x00, 0x00, 0x00, 0x00, 0x00, 0x00, 0x00, 0x00, 0x00, 0x00
  0x0F, 0xFF, 0xF3, 0x00, 0x00, 0x00, 0x00, 0x00, 0x00, 0x00, 0x00, 0x00, 0x00, 0x00, 0x00, 0x6F, 0xFF
  0xFA, 0x00, 0x00, 0x00, 0x00, 0x00, 0x00, 0x00, 0x00, 0x00, 0x00, 0x00, 0x27, 0xFF, 0xFF, 0xFF, 0x92
  0x00, 0x00, 0x00, 0x00, 0x00, 0x00, 0x00, 0x00, 0x00, 0x08, 0xFF, 0xFF, 0xFF, 0xFF, 0xFF, 0xA0, 0x00
  0x00, 0x00, 0x00, 0x7F, 0xFF, 0xFF, 0xFF, 0xFF, 0xF7, 0x00, 0x00, 0x00, 0x00, 0x00, 0x00, 0x06, 0xFF
  0xFF, 0xFF, 0xFF, 0xF5, 0x00, 0x4E, 0xFF, 0xFF, 0xF4, 0x00, 0x00, 0x00, 0x00, 0x00, 0x00, 0x00, 0x00
  0x04, 0xDF, 0xFF, 0xC3, 0x00, 0x00, 0x03, 0xFF, 0xFF, 0x40, 0x00, 0x00, 0x00, 0x00, 0x00, 0x00, 0x00
  0x00, 0x00, 0x3F, 0xFF, 0x10, 0x00, 0x00, 0x00, 0xFF, 0xFF, 0x10, 0x00, 0x00, 0x00, 0x00, 0x00, 0x00
  0x00, 0x00, 0x00, 0x0F, 0xFD, 0x00, 0x00, 0x00, 0x00, 0xFF, 0xFF, 0x10, 0x00, 0x00, 0x00, 0x00, 0x00
  0x00, 0x00, 0x00, 0x00, 0x0F, 0xFD, 0x00, 0x00, 0x00, 0x00, 0xFF, 0xFF, 0x10, 0x00, 0x00, 0x00, 0x00
  0x00, 0x00, 0x00, 0x00, 0x00, 0x0F, 0xFD, 0x00, 0x00, 0x00, 0x00, 0xFF, 0xFF, 0x10, 0x00, 0x00, 0x00
  0x00, 0x00, 0x00, 0x00, 0x00, 0x00, 0x0F, 0xFD, 0x00, 0x00, 0x00, 0x00, 0xFF, 0xFF, 0x10, 0x00, 0x00
  0x00, 0x00, 0x00, 0x00, 0x00, 0x00, 0x00, 0x0F, 0xFD, 0x00, 0x00, 0x00, 0x00, 0xFF, 0xFF, 0x10, 0x00
  0x00, 0x00, 0x00, 0x00, 0x00, 0x00, 0x00, 0x00, 0x0F, 0xFD, 0x00, 0x00, 0x00, 0x00, 0xFF, 0xFF, 0x10
  0x00, 0x00, 0x00, 0x00, 0x00, 0x00, 0x00, 0x00, 0x00, 0x0F, 0xFD, 0x00, 0x00, 0x00, 0x00, 0xFF, 0xFF
  0x10, 0x00, 0x00, 0x00, 0x00, 0x00, 0x00, 0x00, 0x00, 0x00, 0x0F, 0xFD, 0x00, 0x00, 0x00, 0x00, 0xFF
  0xFF, 0x10, 0x00, 0x00, 0x00, 0x00, 0x00, 0x00, 0x00, 0x00, 0x00, 0x0F, 0xFD, 0x00, 0x00, 0x00, 0x00
  0xFF, 0xFF, 0x10, 0x00, 0x00, 0x00, 0x00, 0x00, 0x00, 0x00, 0x00, 0x00, 0x0F, 0xFD, 0x00, 0x00, 0x00
  0x00, 0xFF, 0xFF, 0x10, 0x00, 0x00, 0x00, 0x00, 0x00, 0x00, 0x00, 0x00, 0x00, 0x0F, 0xFD, 0x00, 0x00
  0x00, 0x00, 0xFF, 0xFF, 0x10, 0x00, 0x00, 0x00, 0x00, 0x00, 0x00, 0x00, 0x00, 0x00, 0x0F, 0xFD, 0x00
  0x00, 0x00, 0x00, 0xFF, 0xFF, 0x10, 0x00, 0x00, 0x00, 0x00, 0x00, 0x00, 0x00, 0x00, 0x00, 0x0F, 0xFD
  0x00, 0x00, 0x00, 0x00, 0xFF, 0xFF, 0x10, 0x00, 0x00, 0x00, 0x00, 0x00, 0x00, 0x00, 0x00, 0x00, 0x0F
  0xFD, 0x00, 0x00, 0x00, 0x00, 0xFF, 0xFF, 0x10, 0x00, 0x00, 0x00, 0x00, 0x00, 0x00, 0x00, 0x00, 0x00
  0x0F, 0xFD, 0x00, 0x00, 0x00, 0x00, 0xFF, 0xFF, 0x10, 0x00, 0x00, 0x00, 0x00, 0x00, 0x00, 0x00, 0x00
  0x00, 0x0F, 0xFD, 0x00, 0x00, 0x00, 0x00, 0xFF, 0xFF, 0x10, 0x00, 0x00, 0x00, 0x00, 0x00, 0x00, 0x00
  0x00, 0x00, 0x0F, 0xFD, 0x00, 0x00, 0x00, 0x00, 0xFF, 0xFF, 0x10, 0x00, 0x00, 0x00, 0x00, 0x00, 0x00
  0x00, 0x00, 0x00, 0x0F, 0xFD, 0x00, 0x00, 0x00, 0x00, 0xFF, 0xFF, 0x10, 0x00, 0x00, 0x00, 0x00, 0x00
  0x00, 0x00, 0x00, 0x00, 0x0F, 0xFD, 0x00, 0x00, 0x00, 0x00, 0xEF, 0xFF, 0x20, 0x00, 0x00, 0x00, 0x00
  0x00, 0x00, 0x00, 0x00, 0x00, 0x1F, 0xFC, 0x00, 0x00, 0x00, 0x00, 0xDF, 0xFF, 0x40, 0x00, 0x00, 0x00
  0x00, 0x00, 0x00, 0x00, 0x00, 0x00, 0x2F, 0xFA, 0x00, 0x00, 0x00, 0x00, 0xBF, 0xFF, 0x70, 0x00, 0x00
  0x00, 0x00, 0x00, 0x00, 0x00, 0x00, 0x00, 0x5F, 0xF8, 0x00, 0x00, 0x00, 0x00, 0x6F, 0xFF, 0xB0, 0x00
  0x00, 0x00, 0x00, 0x00, 0x00, 0x00, 0x00, 0x00, 0x9F, 0xF4, 0x00, 0x00, 0x00, 0x00, 0x2F, 0xFF, 0xF1
  0x00, 0x00, 0x00, 0x00, 0x00, 0x00, 0x00, 0x00, 0x00, 0xFF, 0xE0, 0x00, 0x00, 0x00, 0x00, 0x0A, 0xFF
  0xF8, 0x00, 0x00, 0x00, 0x00, 0x00, 0x00, 0x00, 0x00, 0x07, 0xFF, 0x70, 0x00, 0x00, 0x00, 0x00, 0x01
  0xFF, 0xFF, 0x30, 0x00, 0x00, 0x00, 0x00, 0x00, 0x00, 0x00, 0x3F, 0xFE, 0x00, 0x00, 0x00, 0x00, 0x00
  0x00, 0x5F, 0xFF, 0xD1, 0x00, 0x00, 0x00, 0x00, 0x00, 0x00, 0x02, 0xEF, 0xF3, 0x00, 0x00, 0x00, 0x00
  0x00, 0x00, 0x06, 0xFF, 0xFE, 0x30, 0x00, 0x00, 0x00, 0x00, 0x00, 0x5F, 0xFF, 0x40, 0x00, 0x00, 0x00
  0x00, 0x00, 0x00, 0x00, 0x3D, 0xFF, 0xFA, 0x30, 0x00, 0x00, 0x01, 0x6D, 0xFF, 0xC2, 0x00, 0x00, 0x00
  0x00, 0x00, 0x00, 0x00, 0x00, 0x00, 0x6D, 0xFF, 0xFE, 0xCB, 0xBC, 0xDF, 0xFF, 0xD6, 0x00, 0x00, 0x00
  0x00, 0x00, 0x00, 0x00, 0x00, 0x00, 0x00, 0x00, 0x37, 0xBD, 0xEF, 0xFE, 0xDA, 0x73, 0x00, 0x00, 0x00
  0x00, 0x00, 0x00, 0x4F, 0xFF, 0xFF, 0xFF, 0xFF, 0xFF, 0x00, 0x00, 0x00, 0x00, 0x00, 0x00, 0x00, 0x0B
  0xFF, 0xFF, 0xFF, 0xFF, 0xFB, 0x00, 0x4C, 0xFF, 0xFF, 0xFF, 0x50, 0x00, 0x00, 0x00, 0x00, 0x00, 0x00
  0x00, 0x00, 0x3D, 0xFF, 0xFF, 0xF7, 0x10, 0x00, 0x00, 0xAF, 0xFF, 0xFC, 0x00, 0x00, 0x00, 0x00, 0x00
  0x00, 0x00, 0x00, 0x00, 0x03, 0xFF, 0xFF, 0x20, 0x00, 0x00, 0x00, 0x0F, 0xFF, 0xFF, 0x00, 0x00, 0x00
  0x00, 0x00, 0x00, 0x00, 0x00, 0x00, 0x08, 0xFF, 0xF4, 0x00, 0x00, 0x00, 0x00, 0x02, 0xFF, 0xFF, 0x10
  0x00, 0x00, 0x00, 0x00, 0x00, 0x00, 0x00, 0x00, 0x0B, 0xFF, 0x90, 0x00, 0x00, 0x00, 0x00, 0x00, 0xAF
  0xFF, 0x70, 0x00, 0x00, 0x00, 0x00, 0x00, 0x00, 0x00, 0x00, 0x1F, 0xFF, 0x20, 0x00, 0x00, 0x00, 0x00
  0x00, 0x3F, 0xFF, 0xD0, 0x00, 0x00, 0x00, 0x00, 0x00, 0x00, 0x00, 0x00, 0x8F, 0xFA, 0x00, 0x00, 0x00
  0x00, 0x00, 0x00, 0x0C, 0xFF, 0xF4, 0x00, 0x00, 0x00, 0x00, 0x00, 0x00, 0x00, 0x00, 0xEF, 0xF3, 0x00
  0x00, 0x00, 0x00, 0x00, 0x00, 0x05, 0xFF, 0xFA, 0x00, 0x00, 0x00, 0x00, 0x00, 0x00, 0x00, 0x05, 0xFF
  0xB0, 0x00, 0x00, 0x00, 0x00, 0x00, 0x00, 0x00, 0xDF, 0xFF, 0x10, 0x00, 0x00, 0x00, 0x00, 0x00, 0x00
  0x0C, 0xFF, 0x40, 0x00, 0x00, 0x00, 0x00, 0x00, 0x00, 0x00, 0x6F, 0xFF, 0x70, 0x00, 0x00, 0x00, 0x00
  0x00, 0x00, 0x3F, 0xFC, 0x00, 0x00, 0x00, 0x00, 0x00, 0x00, 0x00, 0x00, 0x0E, 0xFF, 0xE0, 0x00, 0x00
  0x00, 0x00, 0x00, 0x00, 0x9F, 0xF5, 0x00, 0x00, 0x00, 0x00, 0x00, 0x00, 0x00, 0x00, 0x08, 0xFF, 0xF4
  0x00, 0x00, 0x00, 0x00, 0x00, 0x01, 0xFF, 0xE0, 0x00, 0x00, 0x00, 0x00, 0x00, 0x00, 0x00, 0x00, 0x01
  0xFF, 0xFB, 0x00, 0x00, 0x00, 0x00, 0x00, 0x07, 0xFF, 0x60, 0x00, 0x00, 0x00, 0x00, 0x00, 0x00, 0x00
  0x00, 0x00, 0xAF, 0xFF, 0x20, 0x00, 0x00, 0x00, 0x00, 0x0D, 0xFE, 0x00, 0x00, 0x00, 0x00, 0x00, 0x00
  0x00, 0x00, 0x00, 0x00, 0x2F, 0xFF, 0x80, 0x00, 0x00, 0x00, 0x00, 0x4F, 0xF8, 0x00, 0x00, 0x00, 0x00
  0x00, 0x00, 0x00, 0x00, 0x00, 0x00, 0x0B, 0xFF, 0xE0, 0x00, 0x00, 0x00, 0x00, 0xBF, 0xF1, 0x00, 0x00
  0x00, 0x00, 0x00, 0x00, 0x00, 0x00, 0x00, 0x00, 0x04, 0xFF, 0xF5, 0x00, 0x00, 0x00, 0x02, 0xFF, 0x90
  0x00, 0x00, 0x00, 0x00, 0x00, 0x00, 0x00, 0x00, 0x00, 0x00, 0x00, 0xDF, 0xFB, 0x00, 0x00, 0x00, 0x08
  0xFF, 0x20, 0x00, 0x00, 0x00, 0x00, 0x00, 0x00, 0x00, 0x00, 0x00, 0x00, 0x00, 0x6F, 0xFF, 0x20, 0x00
  0x00, 0x0E, 0xFA, 0x00, 0x00, 0x00, 0x00, 0x00, 0x00, 0x00, 0x00, 0x00, 0x00, 0x00, 0x00, 0x0E, 0xFF
  0x90, 0x00, 0x00, 0x6F, 0xF3, 0x00, 0x00, 0x00, 0x00, 0x00, 0x00, 0x00, 0x00, 0x00, 0x00, 0x00, 0x00
  0x07, 0xFF, 0xE0, 0x00, 0x00, 0xCF, 0xB0, 0x00, 0x00, 0x00, 0x00, 0x00, 0x00, 0x00, 0x00, 0x00, 0x00
  0x00, 0x00, 0x01, 0xFF, 0xF6, 0x00, 0x03, 0xFF, 0x40, 0x00, 0x00, 0x00, 0x00, 0x00, 0x00, 0x00, 0x00
  0x00, 0x00, 0x00, 0x00, 0x00, 0x9F, 0xFC, 0x00, 0x0A, 0xFD, 0x00, 0x00, 0x00, 0x00, 0x00, 0x00, 0x00
  0x00, 0x00, 0x00, 0x00, 0x00, 0x00, 0x00, 0x2F, 0xFF, 0x30, 0x1F, 0xF5, 0x00, 0x00, 0x00, 0x00, 0x00
  0x00, 0x00, 0x00, 0x00, 0x00, 0x00, 0x00, 0x00, 0x00, 0x0B, 0xFF, 0x90, 0x7F, 0xE0, 0x00, 0x00, 0x00
  0x00, 0x00, 0x00, 0x00, 0x00, 0x00, 0x00, 0x00, 0x00, 0x00, 0x00, 0x03, 0xFF, 0xF1, 0xDF, 0x70, 0x00
  0x00, 0x00, 0x00, 0x00, 0x00, 0x00, 0x00, 0x00, 0x00, 0x00, 0x00, 0x00, 0x00, 0x00, 0xCF, 0xFB, 0xFE
  0x00, 0x00, 0x00, 0x00, 0x00, 0x00, 0x00, 0x00, 0x00, 0x00, 0x00, 0x00, 0x00, 0x00, 0x00, 0x00, 0x5F
  0xFF, 0xF8, 0x00, 0x00, 0x00, 0x00, 0x00, 0x00, 0x00, 0x00, 0x00, 0x00, 0x00, 0x00, 0x00, 0x00, 0x00
  0x00, 0x0E, 0xFF, 0xF1, 0x00, 0x00, 0x00, 0x00, 0x00, 0x00, 0x00, 0x00, 0x00, 0x00, 0x00, 0x00, 0x00
  0x00, 0x00, 0x00, 0x07, 0xFF, 0xA0, 0x00, 0x00, 0x00, 0x00, 0x00, 0x00, 0x00, 0x00, 0x00, 0x00, 0x00
  0x00, 0x00, 0x00, 0x00, 0x00, 0x00, 0xFF, 0x30, 0x00, 0x00, 0x00, 0x00, 0x00, 0x00, 0x00, 0x00, 0x00
  0x00, 0x00, 0x00, 0x00, 0x00, 0x00, 0x00, 0x00, 0xBF, 0x00, 0x00, 0x00, 0x00, 0x00, 0x00, 0x00, 0x00
  0x00, 0x00, 0x00, 0x00, 0x00, 0x00, 0x00, 0x00, 0x00, 0x00, 0x29, 0x00, 0x00, 0x00, 0x00, 0x00, 0x00
  0x00, 0x00, 0x00, 0x00, 0x00, 0x00, 0x00, 0x00, 0x00, 0x00, 0x00, 0x00, 0x00, 0x00, 0x00, 0x07, 0x70
  0x00, 0x00, 0x00, 0x00, 0x00, 0x00, 0x00, 0x00, 0x00, 0x00, 0x00, 0x0E, 0xFF, 0xFF, 0xFF, 0xFF, 0xFF
  0x70, 0x00, 0x00, 0x00, 0x00, 0x00, 0x00, 0xFF, 0x00, 0x00, 0x00, 0x00, 0x00, 0x00, 0x0E, 0xFF, 0xFF
  0xFF, 0xFF, 0xF2, 0x02, 0x6E, 0xFF, 0xFF, 0xFA, 0x10, 0x00, 0x00, 0x00, 0x00, 0x00, 0x00, 0x2F, 0xF1
  0x00, 0x00, 0x00, 0x00, 0x00, 0x00, 0x05, 0xFF, 0xFF, 0xF8, 0x20, 0x00, 0x00, 0x1F, 0xFF, 0xFF, 0x10
  0x00, 0x00, 0x00, 0x00, 0x00, 0x00, 0x08, 0xFF, 0x60, 0x00, 0x00, 0x00, 0x00, 0x00, 0x00, 0x0F, 0xFF
  0xF4, 0x00, 0x00, 0x00, 0x00, 0x4F, 0xFF, 0xF5, 0x00, 0x00, 0x00, 0x00, 0x00, 0x00, 0x00, 0xFF, 0xFC
  0x00, 0x00, 0x00, 0x00, 0x00, 0x00, 0x00, 0xFF, 0xFC, 0x00, 0x00, 0x00, 0x00, 0x00, 0x9F, 0xFF, 0x80
  0x00, 0x00, 0x00, 0x00, 0x00, 0x00, 0x2F, 0xFF, 0xF3, 0x00, 0x00, 0x00, 0x00, 0x00, 0x00, 0x1F, 0xFE
  0x00, 0x00, 0x00, 0x00, 0x00, 0x03, 0xFF, 0xFD, 0x00, 0x00, 0x00, 0x00, 0x00, 0x00, 0x08, 0xFF, 0xFF
  0x90, 0x00, 0x00, 0x00, 0x00, 0x00, 0x06, 0xFF, 0x90, 0x00, 0x00, 0x00, 0x00, 0x00, 0x0D, 0xFF, 0xF2
  0x00, 0x00, 0x00, 0x00, 0x00, 0x00, 0xDF, 0xFF, 0xFF, 0x00, 0x00, 0x00, 0x00, 0x00, 0x00, 0xAF, 0xF4
  0x00, 0x00, 0x00, 0x00, 0x00, 0x00, 0x7F, 0xFF, 0x80, 0x00, 0x00, 0x00, 0x00, 0x00, 0x3F, 0xFF, 0xFF
  0xF5, 0x00, 0x00, 0x00, 0x00, 0x00, 0x0F, 0xFE, 0x00, 0x00, 0x00, 0x00, 0x00, 0x00, 0x01, 0xFF, 0xFD
  0x00, 0x00, 0x00, 0x00, 0x00, 0x08, 0xFE, 0x7F, 0xFF, 0xC0, 0x00, 0x00, 0x00, 0x00, 0x04, 0xFF, 0x90
  0x00, 0x00, 0x00, 0x00, 0x00, 0x00, 0x0B, 0xFF, 0xF2, 0x00, 0x00, 0x00, 0x00, 0x00, 0xEF, 0x91, 0xFF
  0xFF, 0x20, 0x00, 0x00, 0x00, 0x00, 0x9F, 0xF4, 0x00, 0x00, 0x00, 0x00, 0x00, 0x00, 0x00, 0x5F, 0xFF
  0x70, 0x00, 0x00, 0x00, 0x00, 0x3F, 0xF3, 0x0A, 0xFF, 0xF8, 0x00, 0x00, 0x00, 0x00, 0x0D, 0xFE, 0x00
  0x00, 0x00, 0x00, 0x00, 0x00, 0x00, 0x00, 0xEF, 0xFC, 0x00, 0x00, 0x00, 0x00, 0x09, 0xFE, 0x00, 0x4F
  0xFF, 0xE0, 0x00, 0x00, 0x00, 0x02, 0xFF, 0x90, 0x00, 0x00, 0x00, 0x00, 0x00, 0x00, 0x00, 0x09, 0xFF
  0xF1, 0x00, 0x00, 0x00, 0x00, 0xEF, 0x80, 0x00, 0xEF, 0xFF, 0x50, 0x00, 0x00, 0x00, 0x7F, 0xF4, 0x00
  0x00, 0x00, 0x00, 0x00, 0x00, 0x00, 0x00, 0x3F, 0xFF, 0x70, 0x00, 0x00, 0x00, 0x3F, 0xF2, 0x00, 0x08
  0xFF, 0xFB, 0x00, 0x00, 0x00, 0x0C, 0xFE, 0x00, 0x00, 0x00, 0x00, 0x00, 0x00, 0x00, 0x00, 0x00, 0xDF
  0xFC, 0x00, 0x00, 0x00, 0x09, 0xFD, 0x00, 0x00, 0x1F, 0xFF, 0xF1, 0x00, 0x00, 0x01, 0xFF, 0x90, 0x00
  0x00, 0x00, 0x00, 0x00, 0x00, 0x00, 0x00, 0x07, 0xFF, 0xF1, 0x00, 0x00, 0x00, 0xEF, 0x70, 0x00, 0x00
  0xBF, 0xFF, 0x70, 0x00, 0x00, 0x5F, 0xF4, 0x00, 0x00, 0x00, 0x00, 0x00, 0x00, 0x00, 0x00, 0x00, 0x1F
  0xFF, 0x60, 0x00, 0x00, 0x4F, 0xF2, 0x00, 0x00, 0x05, 0xFF, 0xFD, 0x00, 0x00, 0x0A, 0xFE, 0x00, 0x00
  0x00, 0x00, 0x00, 0x00, 0x00, 0x00, 0x00, 0x00, 0xBF, 0xFB, 0x00, 0x00, 0x09, 0xFC, 0x00, 0x00, 0x00
  0x0E, 0xFF, 0xF4, 0x00, 0x00, 0xEF, 0x90, 0x00, 0x00, 0x00, 0x00, 0x00, 0x00, 0x00, 0x00, 0x00, 0x05
  0xFF, 0xF1, 0x00, 0x00, 0xEF, 0x60, 0x00, 0x00, 0x00, 0x9F, 0xFF, 0xA0, 0x00, 0x3F, 0xF4, 0x00, 0x00
  0x00, 0x00, 0x00, 0x00, 0x00, 0x00, 0x00, 0x00, 0x0E, 0xFF, 0x50, 0x00, 0x4F, 0xF1, 0x00, 0x00, 0x00
  0x02, 0xFF, 0xFF, 0x10, 0x08, 0xFE, 0x00, 0x00, 0x00, 0x00, 0x00, 0x00, 0x00, 0x00, 0x00, 0x00, 0x00
  0x9F, 0xFB, 0x00, 0x0A, 0xFB, 0x00, 0x00, 0x00, 0x00, 0x0C, 0xFF, 0xF7, 0x00, 0xDF, 0x90, 0x00, 0x00
  0x00, 0x00, 0x00, 0x00, 0x00, 0x00, 0x00, 0x00, 0x03, 0xFF, 0xF0, 0x00, 0xFF, 0x50, 0x00, 0x00, 0x00
  0x00, 0x6F, 0xFF, 0xD0, 0x2F, 0xF4, 0x00, 0x00, 0x00, 0x00, 0x00, 0x00, 0x00, 0x00, 0x00, 0x00, 0x00
  0x0D, 0xFF, 0x50, 0x4F, 0xF0, 0x00, 0x00, 0x00, 0x00, 0x00, 0xFF, 0xFF, 0x37, 0xFE, 0x00, 0x00, 0x00
  0x00, 0x00, 0x00, 0x00, 0x00, 0x00, 0x00, 0x00, 0x00, 0x7F, 0xFA, 0x0A, 0xFA, 0x00, 0x00, 0x00, 0x00
  0x00, 0x09, 0xFF, 0xF9, 0xBF, 0x90, 0x00, 0x00, 0x00, 0x00, 0x00, 0x00, 0x00, 0x00, 0x00, 0x00, 0x00
  0x01, 0xFF, 0xF1, 0xFF, 0x50, 0x00, 0x00, 0x00, 0x00, 0x00, 0x3F, 0xFF, 0xFF, 0xF4, 0x00, 0x00, 0x00
  0x00, 0x00, 0x00, 0x00, 0x00, 0x00, 0x00, 0x00, 0x00, 0x0B, 0xFF, 0xAF, 0xF0, 0x00, 0x00, 0x00, 0x00
  0x00, 0x00, 0xDF, 0xFF, 0xFE, 0x00, 0x00, 0x00, 0x00, 0x00, 0x00, 0x00, 0x00, 0x00, 0x00, 0x00, 0x00
  0x00, 0x5F, 0xFF, 0xF9, 0x00, 0x00, 0x00, 0x00, 0x00, 0x00, 0x07, 0xFF, 0xFF, 0x90, 0x00, 0x00, 0x00
  0x00, 0x00, 0x00, 0x00, 0x00, 0x00, 0x00, 0x00, 0x00, 0x00, 0xEF, 0xFF, 0x40, 0x00, 0x00, 0x00, 0x00
  0x00, 0x00, 0x1F, 0xFF, 0xF4, 0x00, 0x00, 0x00, 0x00, 0x00, 0x00, 0x00, 0x00, 0x00, 0x00, 0x00, 0x00
  0x00, 0x08, 0xFF, 0xF0, 0x00, 0x00, 0x00, 0x00, 0x00, 0x00, 0x00, 0xAF, 0xFF, 0x00, 0x00, 0x00, 0x00
  0x00, 0x00, 0x00, 0x00, 0x00, 0x00, 0x00, 0x00, 0x00, 0x00, 0x2F, 0xFB, 0x00, 0x00, 0x00, 0x00, 0x00
  0x00, 0x00, 0x04, 0xFF, 0xE0, 0x00, 0x00, 0x00, 0x00, 0x00, 0x00, 0x00, 0x00, 0x00, 0x00, 0x00, 0x00
  0x00, 0x00, 0xFF, 0x70, 0x00, 0x00, 0x00, 0x00, 0x00, 0x00, 0x00, 0x0E, 0xF8, 0x00, 0x00, 0x00, 0x00
  0x00, 0x00, 0x00, 0x00, 0x00, 0x00, 0x00, 0x00, 0x00, 0x00, 0x07, 0xF3, 0x00, 0x00, 0x00, 0x00, 0x00
  0x00, 0x00, 0x00, 0x8F, 0x40, 0x00, 0x00, 0x00, 0x00, 0x00, 0x00, 0x00, 0x00, 0x00, 0x00, 0x00, 0x00
  0x00, 0x00, 0x1F, 0x10, 0x00, 0x00, 0x00, 0x00, 0x00, 0x00, 0x00, 0x02, 0xF1, 0x00, 0x00, 0x00, 0x00
  0x00, 0x00, 0x00, 0x00, 0x00, 0x00, 0x00, 0x00, 0x00, 0x00, 0x00, 0xD0, 0x00, 0x00, 0x00, 0x00, 0x00
  0x00, 0x00, 0x00, 0x0E, 0x00, 0x00, 0x00, 0x00, 0x00, 0x00, 0x00, 0x00, 0x0B, 0xFF, 0xFF, 0xFF, 0xFF
  0xFF, 0xFF, 0x30, 0x00, 0x00, 0x00, 0x1F, 0xFF, 0xFF, 0xFF, 0xFF, 0xFF, 0xF1, 0x00, 0x01, 0x39, 0xFF
  0xFF, 0xFF, 0xF5, 0x00, 0x00, 0x00, 0x00, 0x00, 0x04, 0xEF, 0xFF, 0xFF, 0xC5, 0x10, 0x00, 0x00, 0x00
  0x03, 0xFF, 0xFF, 0xFA, 0x00, 0x00, 0x00, 0x00, 0x00, 0x00, 0x07, 0xFF, 0xFF, 0x60, 0x00, 0x00, 0x00
  0x00, 0x00, 0x01, 0xFF, 0xFF, 0xF0, 0x00, 0x00, 0x00, 0x00, 0x00, 0x00, 0xFF, 0xFF, 0x60, 0x00, 0x00
  0x00, 0x00, 0x00, 0x00, 0x00, 0xEF, 0xFF, 0x60, 0x00, 0x00, 0x00, 0x00, 0x00, 0x4F, 0xFF, 0x40, 0x00
  0x00, 0x00, 0x00, 0x00, 0x00, 0x00, 0x04, 0xFF, 0xFF, 0x20, 0x00, 0x00, 0x00, 0x00, 0x0D, 0xFF, 0x80
  0x00, 0x00, 0x00, 0x00, 0x00, 0x00, 0x00, 0x00, 0x09, 0xFF, 0xFC, 0x00, 0x00, 0x00, 0x00, 0x09, 0xFF
  0xD0, 0x00, 0x00, 0x00, 0x00, 0x00, 0x00, 0x00, 0x00, 0x00, 0x0D, 0xFF, 0xF7, 0x00, 0x00, 0x00, 0x03
  0xFF, 0xF2, 0x00, 0x00, 0x00, 0x00, 0x00, 0x00, 0x00, 0x00, 0x00, 0x00, 0x3F, 0xFF, 0xF2, 0x00, 0x00
  0x00, 0xDF, 0xF7, 0x00, 0x00, 0x00, 0x00, 0x00, 0x00, 0x00, 0x00, 0x00, 0x00, 0x00, 0x8F, 0xFF, 0xC0
  0x00, 0x00, 0x8F, 0xFB, 0x00, 0x00, 0x00, 0x00, 0x00, 0x00, 0x00, 0x00, 0x00, 0x00, 0x00, 0x00, 0xDF
  0xFF, 0x70, 0x00, 0x3F, 0xFE, 0x10, 0x00, 0x00, 0x00, 0x00, 0x00, 0x00, 0x00, 0x00, 0x00, 0x00, 0x00
  0x03, 0xFF, 0xFF, 0x30, 0x0D, 0xFF, 0x50, 0x00, 0x00, 0x00, 0x00, 0x00, 0x00, 0x00, 0x00, 0x00, 0x00
  0x00, 0x00, 0x08, 0xFF, 0xFD, 0x07, 0xFF, 0xA0, 0x00, 0x00, 0x00, 0x00, 0x00, 0x00, 0x00, 0x00, 0x00
  0x00, 0x00, 0x00, 0x00, 0x0D, 0xFF, 0xFB, 0xFF, 0xE0, 0x00, 0x00, 0x00, 0x00, 0x00, 0x00, 0x00, 0x00
  0x00, 0x00, 0x00, 0x00, 0x00, 0x00, 0x3F, 0xFF, 0xFF, 0xF3, 0x00, 0x00, 0x00, 0x00, 0x00, 0x00, 0x00
  0x00, 0x00, 0x00, 0x00, 0x00, 0x00, 0x00, 0x00, 0x7F, 0xFF, 0xF9, 0x00, 0x00, 0x00, 0x00, 0x00, 0x00
  0x00, 0x00, 0x00, 0x00, 0x00, 0x00, 0x00, 0x00, 0x00, 0x00, 0xCF, 0xFF, 0x90, 0x00, 0x00, 0x00, 0x00
  0x00, 0x00, 0x00, 0x00, 0x00, 0x00, 0x00, 0x00, 0x00, 0x00, 0x00, 0x0B, 0xFF, 0xFF, 0x40, 0x00, 0x00
  0x00, 0x00, 0x00, 0x00, 0x00, 0x00, 0x00, 0x00, 0x00, 0x00, 0x00, 0x00, 0x04, 0xFF, 0xFF, 0xFE, 0x00
  0x00, 0x00, 0x00, 0x00, 0x00, 0x00, 0x00, 0x00, 0x00, 0x00, 0x00, 0x00, 0x00, 0x02, 0xEF, 0xCC, 0xFF
  0xF9, 0x00, 0x00, 0x00, 0x00, 0x00, 0x00, 0x00, 0x00, 0x00, 0x00, 0x00, 0x00, 0x00, 0x00, 0xDF, 0xF2
  0x2F, 0xFF, 0xF4, 0x00, 0x00, 0x00, 0x00, 0x00, 0x00, 0x00, 0x00, 0x00, 0x00, 0x00, 0x00, 0x00, 0xAF
  0xF5, 0x00, 0x7F, 0xFF, 0xE1, 0x00, 0x00, 0x00, 0x00, 0x00, 0x00, 0x00, 0x00, 0x00, 0x00, 0x00, 0x00
  0x6F, 0xF9, 0x00, 0x00, 0xCF, 0xFF, 0xA0, 0x00, 0x00, 0x00, 0x00, 0x00, 0x00, 0x00, 0x00, 0x00, 0x00
  0x00, 0x3F, 0xFD, 0x00, 0x00, 0x02, 0xFF, 0xFF, 0x50, 0x00, 0x00, 0x00, 0x00, 0x00, 0x00, 0x00, 0x00
  0x00, 0x00, 0x1E, 0xFF, 0x20, 0x00, 0x00, 0x06, 0xFF, 0xFE, 0x10, 0x00, 0x00, 0x00, 0x00, 0x00, 0x00
  0x00, 0x00, 0x00, 0x0B, 0xFF, 0x60, 0x00, 0x00, 0x00, 0x0B, 0xFF, 0xFB, 0x00, 0x00, 0x00, 0x00, 0x00
  0x00, 0x00, 0x00, 0x00, 0x08, 0xFF, 0xA0, 0x00, 0x00, 0x00, 0x00, 0x1F, 0xFF, 0xF6, 0x00, 0x00, 0x00
  0x00, 0x00, 0x00, 0x00, 0x00, 0x04, 0xFF, 0xD0, 0x00, 0x00, 0x00, 0x00, 0x00, 0x6F, 0xFF, 0xF1, 0x00
  0x00, 0x00, 0x00, 0x00, 0x00, 0x00, 0x02, 0xEF, 0xF3, 0x00, 0x00, 0x00, 0x00, 0x00, 0x00, 0xBF, 0xFF
  0xB0, 0x00, 0x00, 0x00, 0x00, 0x00, 0x00, 0x01, 0xFF, 0xF7, 0x00, 0x00, 0x00, 0x00, 0x00, 0x00, 0x01
  0xFF, 0xFF, 0x80, 0x00, 0x00, 0x00, 0x00, 0x00, 0x03, 0xFF, 0xFF, 0x00, 0x00, 0x00, 0x00, 0x00, 0x00
  0x00, 0x0A, 0xFF, 0xFF, 0xB0, 0x00, 0x00, 0x00, 0x00, 0x06, 0xFF, 0xFF, 0xD0, 0x00, 0x00, 0x00, 0x00
  0x00, 0x00, 0x00, 0x6F, 0xFF, 0xFF, 0xB1, 0x00, 0x00, 0x25, 0x7D, 0xFF, 0xFF, 0xFF, 0xB5, 0x10, 0x00
  0x00, 0x00, 0x00, 0x04, 0x7F, 0xFF, 0xFF, 0xFF, 0xF9, 0x64, 0x07, 0xBB, 0xBF, 0xFF, 0xFB, 0xBB, 0xB4
  0x00, 0x00, 0x00, 0x00, 0x00, 0xBB, 0xBB, 0xFF, 0xFF, 0xFC, 0xBB, 0xB0, 0xEF, 0xFF, 0xFF, 0xFF, 0xFF
  0xFF, 0xD0, 0x00, 0x00, 0x00, 0x00, 0x00, 0x2F, 0xFF, 0xFF, 0xFF, 0xFF, 0xFF, 0x50, 0x13, 0x8F, 0xFF
  0xFF, 0xFA, 0x10, 0x00, 0x00, 0x00, 0x00, 0x00, 0x00, 0x03, 0xDF, 0xFF, 0xFC, 0x62, 0x00, 0x00, 0x00
  0x1F, 0xFF, 0xFF, 0x50, 0x00, 0x00, 0x00, 0x00, 0x00, 0x00, 0x00, 0x0C, 0xFF, 0xF8, 0x00, 0x00, 0x00
  0x00, 0x00, 0x1E, 0xFF, 0xF9, 0x00, 0x00, 0x00, 0x00, 0x00, 0x00, 0x00, 0x00, 0xDF, 0xF7, 0x00, 0x00
  0x00, 0x00, 0x00, 0x00, 0x5F, 0xFF, 0xF2, 0x00, 0x00, 0x00, 0x00, 0x00, 0x00, 0x00, 0x7F, 0xFC, 0x00
  0x00, 0x00, 0x00, 0x00, 0x00, 0x00, 0xBF, 0xFF, 0xB0, 0x00, 0x00, 0x00, 0x00, 0x00, 0x00, 0x1F, 0xFF
  0x30, 0x00, 0x00, 0x00, 0x00, 0x00, 0x00, 0x02, 0xFF, 0xFF, 0x50, 0x00, 0x00, 0x00, 0x00, 0x00, 0x0B
  0xFF, 0x80, 0x00, 0x00, 0x00, 0x00, 0x00, 0x00, 0x00, 0x07, 0xFF, 0xFD, 0x00, 0x00, 0x00, 0x00, 0x00
  0x05, 0xFF, 0xD0, 0x00, 0x00, 0x00, 0x00, 0x00, 0x00, 0x00, 0x00, 0x0D, 0xFF, 0xF7, 0x00, 0x00, 0x00
  0x00, 0x00, 0xEF, 0xF3, 0x00, 0x00, 0x00, 0x00, 0x00, 0x00, 0x00, 0x00, 0x00, 0x3F, 0xFF, 0xF1, 0x00
  0x00, 0x00, 0x00, 0x8F, 0xF8, 0x00, 0x00, 0x00, 0x00, 0x00, 0x00, 0x00, 0x00, 0x00, 0x00, 0x9F, 0xFF
  0xA0, 0x00, 0x00, 0x00, 0x2F, 0xFD, 0x00, 0x00, 0x00, 0x00, 0x00, 0x00, 0x00, 0x00, 0x00, 0x00, 0x00
  0xEF, 0xFF, 0x30, 0x00, 0x00, 0x0C, 0xFF, 0x30, 0x00, 0x00, 0x00, 0x00, 0x00, 0x00, 0x00, 0x00, 0x00
  0x00, 0x04, 0xFF, 0xFC, 0x00, 0x00, 0x06, 0xFF, 0x90, 0x00, 0x00, 0x00, 0x00, 0x00, 0x00, 0x00, 0x00
  0x00, 0x00, 0x00, 0x0A, 0xFF, 0xF6, 0x00, 0x01, 0xEF, 0xE0, 0x00, 0x00, 0x00, 0x00, 0x00, 0x00, 0x00
  0x00, 0x00, 0x00, 0x00, 0x00, 0x1E, 0xFF, 0xE0, 0x00, 0xAF, 0xF4, 0x00, 0x00, 0x00, 0x00, 0x00, 0x00
  0x00, 0x00, 0x00, 0x00, 0x00, 0x00, 0x00, 0x6F, 0xFF, 0x80, 0x3F, 0xF9, 0x00, 0x00, 0x00, 0x00, 0x00
  0x00, 0x00, 0x00, 0x00, 0x00, 0x00, 0x00, 0x00, 0x00, 0xCF, 0xFF, 0x2D, 0xFE, 0x00, 0x00, 0x00, 0x00
  0x00, 0x00, 0x00, 0x00, 0x00, 0x00, 0x00, 0x00, 0x00, 0x00, 0x02, 0xFF, 0xFF, 0xFF, 0x40, 0x00, 0x00
  0x00, 0x00, 0x00, 0x00, 0x00, 0x00, 0x00, 0x00, 0x00, 0x00, 0x00, 0x00, 0x07, 0xFF, 0xFF, 0xA0, 0x00
  0x00, 0x00, 0x00, 0x00, 0x00, 0x00, 0x00, 0x00, 0x00, 0x00, 0x00, 0x00, 0x00, 0x00, 0x0F, 0xFF, 0xF2
  0x00, 0x00, 0x00, 0x00, 0x00, 0x00, 0x00, 0x00, 0x00, 0x00, 0x00, 0x00, 0x00, 0x00, 0x00, 0x00, 0xFF
  0xFF, 0x10, 0x00, 0x00, 0x00, 0x00, 0x00, 0x00, 0x00, 0x00, 0x00, 0x00, 0x00, 0x00, 0x00, 0x00, 0x00
  0x0F, 0xFF, 0xF1, 0x00, 0x00, 0x00, 0x00, 0x00, 0x00, 0x00, 0x00, 0x00, 0x00, 0x00, 0x00, 0x00, 0x00
  0x00, 0x00, 0xFF, 0xFF, 0x10, 0x00, 0x00, 0x00, 0x00, 0x00, 0x00, 0x00, 0x00, 0x00, 0x00, 0x00, 0x00
  0x00, 0x00, 0x00, 0x0F, 0xFF, 0xF1, 0x00, 0x00, 0x00, 0x00, 0x00, 0x00, 0x00, 0x00, 0x00, 0x00, 0x00
  0x00, 0x00, 0x00, 0x00, 0x00, 0xFF, 0xFF, 0x10, 0x00, 0x00, 0x00, 0x00, 0x00, 0x00, 0x00, 0x00, 0x00
  0x00, 0x00, 0x00, 0x00, 0x00, 0x00, 0x0F, 0xFF, 0xF1, 0x00, 0x00, 0x00, 0x00, 0x00, 0x00, 0x00, 0x00
  0x00, 0x00, 0x00, 0x00, 0x00, 0x00, 0x00, 0x00, 0xFF, 0xFF, 0x10, 0x00, 0x00, 0x00, 0x00, 0x00, 0x00
  0x00, 0x00, 0x00, 0x00, 0x00, 0x00, 0x00, 0x00, 0x00, 0x0F, 0xFF, 0xF1, 0x00, 0x00, 0x00, 0x00, 0x00
  0x00, 0x00, 0x00, 0x00, 0x00, 0x00, 0x00, 0x00, 0x00, 0x00, 0x00, 0xFF, 0xFF, 0x10, 0x00, 0x00, 0x00
  0x00, 0x00, 0x00, 0x00, 0x00, 0x00, 0x00, 0x00, 0x00, 0x00, 0x00, 0x00, 0x1F, 0xFF, 0xF3, 0x00, 0x00
  0x00, 0x00, 0x00, 0x00, 0x00, 0x00, 0x00, 0x00, 0x00, 0x00, 0x00, 0x00, 0x00, 0x08, 0xFF, 0xFF, 0xA0
  0x00, 0x00, 0x00, 0x00, 0x00, 0x00, 0x00, 0x00, 0x00, 0x00, 0x00, 0x00, 0x00, 0x00, 0x29, 0xFF, 0xFF
  0xFF, 0x93, 0x10, 0x00, 0x00, 0x00, 0x00, 0x00, 0x00, 0x00, 0x00, 0x00, 0x00, 0x00, 0x00, 0xCF, 0xFF
  0xFF, 0xFF, 0xFF, 0xFD, 0x00, 0x00, 0x00, 0x00, 0x00, 0x00, 0x00, 0x0B, 0x85, 0x31, 0x00, 0x00, 0x00
  0x00, 0x00, 0x00, 0x00, 0x00, 0x13, 0x57, 0x30, 0x00, 0x0F, 0xFF, 0xFF, 0xFF, 0xFF, 0xFF, 0xFF, 0xFF
  0xFF, 0xFF, 0xFF, 0xFF, 0xFD, 0x00, 0x00, 0x0F, 0xFF, 0xCA, 0xAA, 0xAA, 0xAA, 0xAA, 0xAA, 0xAA, 0xAA
  0xBF, 0xFF, 0xF3, 0x00, 0x00, 0x0F, 0xC1, 0x00, 0x00, 0x00, 0x00, 0x00, 0x00, 0x00, 0x00, 0x9F, 0xFF
  0x80, 0x00, 0x00, 0x0F, 0x40, 0x00, 0x00, 0x00, 0x00, 0x00, 0x00, 0x00, 0x04, 0xFF, 0xFD, 0x00, 0x00
  0x00, 0x0F, 0x10, 0x00, 0x00, 0x00, 0x00, 0x00, 0x00, 0x00, 0x0E, 0xFF, 0xF3, 0x00, 0x00, 0x00, 0x05
  0x00, 0x00, 0x00, 0x00, 0x00, 0x00, 0x00, 0x00, 0x9F, 0xFF, 0x80, 0x00, 0x00, 0x00, 0x00, 0x00, 0x00
  0x00, 0x00, 0x00, 0x00, 0x00, 0x04, 0xFF, 0xFD, 0x00, 0x00, 0x00, 0x00, 0x00, 0x00, 0x00, 0x00, 0x00
  0x00, 0x00, 0x00, 0x1E, 0xFF, 0xF3, 0x00, 0x00, 0x00, 0x00, 0x00, 0x00, 0x00, 0x00, 0x00, 0x00, 0x00
  0x00, 0xAF, 0xFF, 0x80, 0x00, 0x00, 0x00, 0x00, 0x00, 0x00, 0x00, 0x00, 0x00, 0x00, 0x00, 0x05, 0xFF
  0xFD, 0x00, 0x00, 0x00, 0x00, 0x00, 0x00, 0x00, 0x00, 0x00, 0x00, 0x00, 0x00, 0x1E, 0xFF, 0xF3, 0x00
  0x00, 0x00, 0x00, 0x00, 0x00, 0x00, 0x00, 0x00, 0x00, 0x00, 0x00, 0xAF, 0xFF, 0x90, 0x00, 0x00, 0x00
  0x00, 0x00, 0x00, 0x00, 0x00, 0x00, 0x00, 0x00, 0x05, 0xFF, 0xFD, 0x00, 0x00, 0x00, 0x00, 0x00, 0x00
  0x00, 0x00, 0x00, 0x00, 0x00, 0x00, 0x1E, 0xFF, 0xF3, 0x00, 0x00, 0x00, 0x00, 0x00, 0x00, 0x00, 0x00
  0x00, 0x00, 0x00, 0x00, 0xBF, 0xFF, 0x90, 0x00, 0x00, 0x00, 0x00, 0x00, 0x00, 0x00, 0x00, 0x00, 0x00
  0x00, 0x06, 0xFF, 0xFD, 0x00, 0x00, 0x00, 0x00, 0x00, 0x00, 0x00, 0x00, 0x00, 0x00, 0x00, 0x00, 0x2F
  0xFF, 0xF4, 0x00, 0x00, 0x00, 0x00, 0x00, 0x00, 0x00, 0x00, 0x00, 0x00, 0x00, 0x00, 0xBF, 0xFF, 0x90
  0x00, 0x00, 0x00, 0x00, 0x00, 0x00, 0x00, 0x00, 0x00, 0x00, 0x00, 0x06, 0xFF, 0xFE, 0x00, 0x00, 0x00
  0x00, 0x00, 0x00, 0x00, 0x00, 0x00, 0x00, 0x00, 0x00, 0x2F, 0xFF, 0xF4, 0x00, 0x00, 0x00, 0x00, 0x00
  0x00, 0x00, 0x00, 0x00, 0x00, 0x00, 0x00, 0xCF, 0xFF, 0x90, 0x00, 0x00, 0x00, 0x00, 0x00, 0x00, 0x00
  0x00, 0x00, 0x00, 0x00, 0x07, 0xFF, 0xFE, 0x00, 0x00, 0x00, 0x00, 0x00, 0x00, 0x00, 0x00, 0x00, 0x00
  0x00, 0x00, 0x2F, 0xFF, 0xF4, 0x00, 0x00, 0x00, 0x00, 0x00, 0x00, 0x00, 0x00, 0x00, 0x00, 0x00, 0x00
  0xCF, 0xFF, 0x90, 0x00, 0x00, 0x00, 0x00, 0x00, 0x00, 0x00, 0x00, 0x00, 0x00, 0x00, 0x08, 0xFF, 0xFE
  0x00, 0x00, 0x00, 0x00, 0x00, 0x00, 0x00, 0x00, 0x00, 0x00, 0x00, 0x00, 0x3F, 0xFF, 0xF4, 0x00, 0x00
  0x00, 0x00, 0x00, 0x00, 0x00, 0x00, 0x00, 0x07, 0x00, 0x00, 0xDF, 0xFF, 0xA0, 0x00, 0x00, 0x00, 0x00
  0x00, 0x00, 0x00, 0x00, 0x00, 0x64, 0x00, 0x08, 0xFF, 0xFE, 0x10, 0x00, 0x00, 0x00, 0x00, 0x00, 0x00
  0x00, 0x00, 0x01, 0xC0, 0x00, 0x3F, 0xFF, 0xF4, 0x00, 0x00, 0x00, 0x00, 0x00, 0x00, 0x00, 0x00, 0x00
  0x0A, 0x80, 0x00, 0xDF, 0xFF, 0xA0, 0x00, 0x00, 0x00, 0x00, 0x00, 0x00, 0x00, 0x00, 0x00, 0xAF, 0x20
  0x09, 0xFF, 0xFE, 0x10, 0x00, 0x00, 0x00, 0x00, 0x00, 0x00, 0x00, 0x00, 0x5D, 0xFC, 0x00, 0x4F, 0xFF
  0xFF, 0xAA, 0xAA, 0xAA, 0xAA, 0xAA, 0xAA, 0xAB, 0xFF, 0xFF, 0xFF, 0xF6, 0x00, 0xDF, 0xFF, 0xFF, 0xFF
  0xFF, 0xFF, 0xFF, 0xFF, 0xFF, 0xFF, 0xFF, 0xFF, 0xFF, 0xF0, 0x00, 0x00, 0x00, 0x00, 0x00, 0x28, 0xBD
  0x80, 0x00, 0x00, 0x00, 0x8F, 0xF8, 0x00, 0x00, 0x00, 0x00, 0xCF, 0xF6, 0x00, 0x00, 0x00, 0x00, 0xAF
  0xFB, 0x00, 0x00, 0x00, 0x00, 0x5F, 0xFF, 0x20, 0x00, 0x00, 0x00, 0x0D, 0xFF, 0xC0, 0x00, 0x00, 0x00
  0x02, 0xFF, 0xF8, 0x00, 0x00, 0x00, 0x00, 0x6F, 0xFF, 0x50, 0x00, 0x00, 0x00, 0x0A, 0xFF, 0xF3, 0x00
  0x00, 0x00, 0x00, 0xDF, 0xFF, 0x20, 0x00, 0x00, 0x00, 0x0E, 0xFF, 0xF1, 0x00, 0x00, 0x00, 0x00, 0xFF
  0xFF, 0x10, 0x00, 0x00, 0x00, 0x0F, 0xFF, 0xF1, 0x00, 0x00, 0x00, 0x00, 0xEF, 0xFF, 0x10, 0x00, 0x00
  0x00, 0x0D, 0xFF, 0xF1, 0x00, 0x00, 0x00, 0x00, 0xBF, 0xFF, 0x00, 0x00, 0x00, 0x00, 0x09, 0xFF, 0xF0
  0x00, 0x00, 0x00, 0x00, 0x7F, 0xFF, 0x00, 0x00, 0x00, 0x00, 0x04, 0xFF, 0xE0, 0x00, 0x00, 0x00, 0x00
  0x2F, 0xFC, 0x00, 0x00, 0x00, 0x00, 0x01, 0xFF, 0x80, 0x00, 0x00, 0x00, 0x00, 0x3F, 0xF2, 0x00, 0x00
  0x00, 0x07, 0x9E, 0xD3, 0x00, 0x00, 0x00, 0x00, 0x47, 0xEC, 0x40, 0x00, 0x00, 0x00, 0x00, 0x06, 0xFF
  0x20, 0x00, 0x00, 0x00, 0x00, 0x3F, 0xF9, 0x00, 0x00, 0x00, 0x00, 0x03, 0xFF, 0xC0, 0x00, 0x00, 0x00
  0x00, 0x5F, 0xFE, 0x00, 0x00, 0x00, 0x00, 0x07, 0xFF, 0xF0, 0x00, 0x00, 0x00, 0x00, 0x9F, 0xFF, 0x00
  0x00, 0x00, 0x00, 0x0B, 0xFF, 0xF0, 0x00, 0x00, 0x00, 0x00, 0xDF, 0xFF, 0x10, 0x00, 0x00, 0x00, 0x0F
  0xFF, 0xF1, 0x00, 0x00, 0x00, 0x00, 0xFF, 0xFF, 0x10, 0x00, 0x00, 0x00, 0x0F, 0xFF, 0xF1, 0x00, 0x00
  0x00, 0x00, 0xEF, 0xFF, 0x10, 0x00, 0x00, 0x00, 0x0D, 0xFF, 0xF2, 0x00, 0x00, 0x00, 0x00, 0xAF, 0xFF
  0x30, 0x00, 0x00, 0x00, 0x06, 0xFF, 0xF5, 0x00, 0x00, 0x00, 0x00, 0x2F, 0xFF, 0x80, 0x00, 0x00, 0x00
  0x00, 0xDF, 0xFC, 0x00, 0x00, 0x00, 0x00, 0x05, 0xFF, 0xF1, 0x00, 0x00, 0x00, 0x00, 0x0A, 0xFF, 0x90
  0x00, 0x00, 0x00, 0x00, 0x0C, 0xFF, 0x60, 0x00, 0x00, 0x00, 0x00, 0x09, 0xFF, 0x80, 0x00, 0x00, 0x00
  0x00, 0x02, 0x8C, 0xD9, 0x88, 0x1F, 0xF2, 0xFF, 0x2F, 0xF2, 0xFF, 0x2F, 0xF2, 0xFF, 0x2F, 0xF2, 0xFF
  0x2F, 0xF2, 0xFF, 0x2F, 0xF2, 0xFF, 0x2F, 0xF2, 0xFF, 0x2F, 0xF2, 0xFF, 0x2F, 0xF2, 0xFF, 0x2F, 0xF2
  0xFF, 0x2F, 0xF2, 0xFF, 0x2F, 0xF2, 0xFF, 0x2F, 0xF2, 0xFF, 0x2F, 0xF2, 0xFF, 0x2F, 0xF2, 0xFF, 0x2F
  0xF2, 0xFF, 0x2F, 0xF2, 0xFF, 0x2F, 0xF2, 0xFF, 0x2F, 0xF2, 0xFF, 0x2F, 0xF2, 0xFF, 0x2F, 0xF2, 0xFF
  0x2F, 0xF2, 0xFF, 0x2F, 0xF2, 0xFF, 0x2F, 0xF2, 0xFF, 0x20, 0x6C, 0xC8, 0x30, 0x00, 0x00, 0x00, 0x00
  0x06, 0xFF, 0xA0, 0x00, 0x00, 0x00, 0x00, 0x04, 0xFF, 0xD1, 0x00, 0x00, 0x00, 0x00, 0x09, 0xFF, 0xC0
  0x00, 0x00, 0x00, 0x00, 0x1F, 0xFF, 0x60, 0x00, 0x00, 0x00, 0x00, 0xBF, 0xFE, 0x00, 0x00, 0x00, 0x00
  0x07, 0xFF, 0xF3, 0x00, 0x00, 0x00, 0x00, 0x5F, 0xFF, 0x70, 0x00, 0x00, 0x00, 0x02, 0xFF, 0xFB, 0x00
  0x00, 0x00, 0x00, 0x1F, 0xFF, 0xD0, 0x00, 0x00, 0x00, 0x00, 0xFF, 0xFF, 0x00, 0x00, 0x00, 0x00, 0x0F
  0xFF, 0xF0, 0x00, 0x00, 0x00, 0x00, 0xFF, 0xFF, 0x00, 0x00, 0x00, 0x00, 0x0F, 0xFF, 0xF0, 0x00, 0x00
  0x00, 0x00, 0xFF, 0xFE, 0x00, 0x00, 0x00, 0x00, 0x0F, 0xFF, 0xC0, 0x00, 0x00, 0x00, 0x00, 0xFF, 0xF9
  0x00, 0x00, 0x00, 0x00, 0x0F, 0xFF, 0x70, 0x00, 0x00, 0x00, 0x00, 0xEF, 0xF5, 0x00, 0x00, 0x00, 0x00
  0x0B, 0xFF, 0x30, 0x00, 0x00, 0x00, 0x00, 0x7F, 0xF2, 0x00, 0x00, 0x00, 0x00, 0x01, 0xEF, 0x40, 0x00
  0x00, 0x00, 0x00, 0x02, 0xCE, 0xA7, 0x10, 0x00, 0x00, 0x00, 0x3B, 0xF8, 0x40, 0x00, 0x00, 0x00, 0x1E
  0xF7, 0x00, 0x00, 0x00, 0x00, 0x07, 0xFF, 0x50, 0x00, 0x00, 0x00, 0x00, 0xBF, 0xF5, 0x00, 0x00, 0x00
  0x00, 0x0E, 0xFF, 0x60, 0x00, 0x00, 0x00, 0x00, 0xEF, 0xF8, 0x00, 0x00, 0x00, 0x00, 0x0F, 0xFF, 0xA0
  0x00, 0x00, 0x00, 0x00, 0xFF, 0xFC, 0x00, 0x00, 0x00, 0x00, 0x0F, 0xFF, 0xE0, 0x00, 0x00, 0x00, 0x00
  0xFF, 0xFF, 0x00, 0x00, 0x00, 0x00, 0x0F, 0xFF, 0xF0, 0x00, 0x00, 0x00, 0x00, 0xFF, 0xFF, 0x00, 0x00
  0x00, 0x00, 0x0F, 0xFF, 0xF0, 0x00, 0x00, 0x00, 0x01, 0xFF, 0xFD, 0x00, 0x00, 0x00, 0x00, 0x2F, 0xFF
  0xB0, 0x00, 0x00, 0x00, 0x04, 0xFF, 0xF7, 0x00, 0x00, 0x00, 0x00, 0x6F, 0xFF, 0x30, 0x00, 0x00, 0x00
  0x0A, 0xFF, 0xD0, 0x00, 0x00, 0x00, 0x00, 0xFF, 0xF6, 0x00, 0x00, 0x00, 0x00, 0x8F, 0xFC, 0x00, 0x00
  0x00, 0x00, 0x4F, 0xFD, 0x10, 0x00, 0x00, 0x00, 0x7F, 0xFA, 0x10, 0x00, 0x00, 0x07, 0xDC, 0x93, 0x00
  0x00, 0x00, 0x00, 0x00, 0x18, 0xDF, 0xEA, 0x30, 0x00, 0x00, 0x00, 0x00, 0x00, 0x7F, 0xF0, 0x03, 0xEF
  0xFF, 0xFF, 0xFA, 0x10, 0x00, 0x00, 0x00, 0x00, 0x4F, 0xF2, 0x1E, 0xFE, 0x63, 0x4A, 0xFF, 0xE4, 0x00
  0x00, 0x00, 0x00, 0x5F, 0xF3, 0x8F, 0xF3, 0x00, 0x00, 0x2D, 0xFF, 0x90, 0x00, 0x00, 0x00, 0x9F, 0xF1
  0xDF, 0xB0, 0x00, 0x00, 0x00, 0x9F, 0xFD, 0x20, 0x00, 0x03, 0xFF, 0xC0, 0xFF, 0x80, 0x00, 0x00, 0x00
  0x05, 0xFF, 0xF9, 0x43, 0x8F, 0xFF, 0x30, 0xEF, 0x80, 0x00, 0x00, 0x00, 0x00, 0x2C, 0xFF, 0xFF, 0xFF
  0xF5, 0x00, 0xAC, 0x70, 0x00, 0x00, 0x00, 0x00, 0x00, 0x4B, 0xEF, 0xD8, 0x20, 0x00
};

static const AAGlyph CinzelRegular36AAGlyphs[] PROGMEM = {
  {        0,  0,  0, 13,   0,   0 },  // ' '
  {        0,  5, 39, 12,   4, -39 },  // '!'
  {       98, 12, 13, 17,   3, -40 },  // '"'
  {      176, 27, 39, 29,   1, -39 },  // '#'
  {      703, 20, 50, 25,   3, -44 },  // '$'
  {     1203, 34, 40, 37,   2, -39 },  // '%'
  {     1883, 39, 40, 35,   2, -39 },  // '&'
  {     2663,  5, 13,  9,   2, -40 },  // "'"
  {     2696, 13, 47, 18,   5, -41 },  // '('
  {     3002, 14, 47, 18,   1, -41 },  // ')'
  {     3331, 18, 18, 21,   2, -43 },  // '*'
  {     3493, 23, 23, 26,   2, -29 },  // '+'
  {     3758,  6, 10, 10,   2,  -5 },  // ','
  {     3788, 18,  3, 20,   1, -18 },  // '-'
  {     3815,  5,  5,  9,   2,  -5 },  // '.'
  {     3828, 22, 41, 22,   0, -40 },  // '/'
  {     4279, 26, 40, 32,   3, -39 },  // '0'
  {     4799, 14, 40, 18,   3, -40 },  // '1'
  {     5079, 26, 40, 30,   3, -40 },  // '2'
  {     5599, 22, 42, 27,   3, -39 },  // '3'
  {     6061, 27, 40, 32,   2, -40 },  // '4'
  {     6601, 21, 44, 27,   2, -41 },  // '5'
  {     7063, 25, 42, 30,   4, -41 },  // '6'
  {     7588, 24, 39, 27,   2, -39 },  // '7'
  {     8056, 24, 40, 30,   3, -39 },  // '8'
  {     8536, 25, 42, 30,   3, -40 },  // '9'
  {     9061,  5, 26,  9,   2, -26 },  // ':'
  {     9126,  6, 33, 10,   2, -28 },  // ';'
  {     9225, 22, 24, 26,   2, -29 },  // '<'
  {     9489, 22, 12, 26,   2, -22 },  // '='
  {     9621, 22, 24, 26,   2, -29 },  // '>'
  {     9885, 20, 40, 22,   1, -40 },  // '?'
  {    10285, 48, 46, 53,   3, -39 },  // '@'
  {    11389, 41, 40, 39,  -1, -40 },  // 'A'
  {    12209, 27, 39, 32,   3, -39 },  // 'B'
  {    12736, 36, 40, 41,   3, -39 },  // 'C'
  {    13456, 40, 39, 44,   3, -39 },  // 'D'
  {    14236, 28, 40, 31,   3, -40 },  // 'E'
  {    14796, 24, 40, 29,   3, -40 },  // 'F'
  {    15276, 40, 40, 43,   3, -39 },  // 'G'
  {    16076, 40, 39, 44,   3, -39 },  // 'H'
  {    16856, 14, 39, 18,   3, -39 },  // 'I'
  {    17129, 16, 51, 17,   1, -39 },  // 'J'
  {    17537, 35, 39, 36,   3, -39 },  // 'K'
  {    18220, 27, 39, 30,   3, -39 },  // 'L'
  {    18747, 51, 41, 51,   0, -40 },  // 'M'
  {    19793, 43, 41, 46,   2, -40 },  // 'N'
  {    20675, 40, 40, 46,   4, -39 },  // 'O'
  {    21475, 27, 39, 31,   3, -39 },  // 'P'
  {    22002, 70, 53, 46,   3, -39 },  // 'Q'
  {    23857, 36, 39, 37,   3, -39 },  // 'R'
  {    24559, 20, 41, 26,   3, -40 },  // 'S'
  {    24969, 32, 40, 33,   1, -40 },  // 'T'
  {    25609, 38, 40, 43,   3, -39 },  // 'U'
  {    26369, 43, 40, 40,  -1, -39 },  // 'V'
  {    27229, 56, 41, 54,  -1, -40 },  // 'W'
  {    28377, 38, 39, 36,  -1, -39 },  // 'X'
  {    29118, 39, 39, 36,  -1, -39 },  // 'Y'
  {    29879, 32, 40, 35,   3, -40 },  // 'Z'
  {    30519, 10, 45, 18,   7, -40 },  // '['
  {    30744, 22, 41, 22,   0, -40 },  // '\\'
  {    31195, 11, 45, 18,   2, -40 },  // ']'
  {    31443, 25, 11, 28,   2, -21 },  // '^'
  {    31581, 28,  2, 27,   0,   3 },  // '_'
  {    31609, 10,  8, 24,   4, -49 },  // '`'
  {    31649, 38, 35, 36,  -1, -35 },  // 'a'
  {    32314, 26, 33, 31,   3, -33 },  // 'b'
  {    32743, 34, 35, 38,   3, -34 },  // 'c'
  {    33338, 37, 33, 41,   3, -33 },  // 'd'
  {    33949, 25, 34, 30,   3, -34 },  // 'e'
  {    34374, 23, 34, 28,   3, -34 },  // 'f'
  {    34765, 38, 35, 40,   3, -34 },  // 'g'
  {    35430, 36, 34, 41,   3, -34 },  // 'h'
  {    36042, 14, 34, 18,   3, -34 },  // 'i'
  {    36280, 16, 44, 17,   0, -33 },  // 'j'
  {    36632, 33, 34, 34,   3, -34 },  // 'k'
  {    37193, 26, 34, 29,   3, -34 },  // 'l'
  {    37635, 48, 36, 48,   0, -35 },  // 'm'
  {    38499, 39, 36, 42,   2, -35 },  // 'n'
  {    39201, 38, 35, 42,   3, -34 },  // 'o'
  {    39866, 26, 33, 30,   3, -33 },  // 'p'
  {    40295, 63, 46, 42,   3, -34 },  // 'q'
  {    41744, 33, 33, 34,   3, -33 },  // 'r'
  {    42289, 19, 35, 25,   3, -34 },  // 's'
  {    42622, 30, 34, 31,   1, -34 },  // 't'
  {    43132, 36, 34, 38,   2, -33 },  // 'u'
  {    43744, 38, 34, 36,  -1, -33 },  // 'v'
  {    44390, 51, 35, 49,  -1, -34 },  // 'w'
  {    45283, 37, 34, 34,  -1, -34 },  // 'x'
  {    45912, 37, 33, 35,   0, -33 },  // 'y'
  {    46523, 30, 34, 33,   3, -34 },  // 'z'
  {    47033, 13, 46, 18,   4, -40 },  // '{'
  {    47332,  3, 49, 13,   5, -39 },  // '|'
  {    47406, 13, 46, 18,   2, -40 },  // '}'
  {    47705, 24,  8, 27,   2, -20 },  // '~'
};

static const AAFont CinzelRegular36AA PROGMEM = {
  CinzelRegular36AABitmaps, CinzelRegular36AAGlyphs, 0x20, 0x7E, 75
};